Workbook
Name konštrukcie: [1]zoznamy!$A$3:$A$10
Name materialy: [1]zoznamy!$F$3:$F$65541
Name odpory: [1]zoznamy!$C$3:$C$6
Name systém: [1]zoznamy!$AB$2:$AB$3

Sheet Legenda
A1: LEGENDA:
B2: Položka výpočtu
B3: Popis
B4: Doplň hodnotu
B5: Vyráta sa automaticky
A7: VSTUPNÉ ÚDAJE: | C7: MJ.
B8: Typ budovy | C8: -
B9: Lokalita | C9: -
B10: Merná plocha | C10: m²
B11: Vykurovaný objem | C11: m³

Sheet Výpočet_normalizovaný
A1: 1. Budova | B1: =Legenda!A8 -> 0 | C1: Výpočet pre normalizované podmienky
A2: Obostavaný objem (m³) | C2: Merná plocha (m²)
A3: Vb= | B3: =Legenda!A11 -> 0 | C3: Ab= | D3: =Legenda!A10 -> 0
A4: Budova | B4: nová | C4: Priemerná konštrukčná výška vykurovaných podlaží (m)
B5: pôvodná/obnovená | C5: hk,pr= | D5: =B3/D3 -> #DIV/0!
A6: 2. Merná tepelná strata prechodom tepla HT (W/K) | E6: Cieľová hodnota od 1.1.2021 normalizovaná (požadovaná) / odporúčaná | I6: % podiel mernej tepelnej straty prechodom k celkovým tepelným stratám prechodom
A7: Konštrukcia | C7: Plocha Ai (m²) | D7: Ui (W/(m².K)) | E7: Uw,r2 (W/(m².K)) / Uw,r3 (W/(m².K)) | F7: Ui . Ai (W/K) | G7: Faktor bx (-) | H7: bx.Ui.Ai (W/K) | I7: %
A8: vonkajšia stena | E8: ≤ 0,22 / 0,15 | F8: =C8*D8 -> 0 | G8: 1 | H8: =G8*F8 -> 0 | I8: =H8/H16 -> #DIV/0!
A9: vonkajšie okná v obvodovej stene (vrátane balkónových, terasových dverí a franúzkych okie) | E9: ≤ 0,85 / 0,65 | F9: =C9*D9 -> 0 | G9: 1 | H9: =G9*F9 -> 0 | I9: =H9/H16 -> #DIV/0!
A10: vonkajšie dvere bez zádveria | E10: ≤ 2,00 / 2,00 | F10: =C10*D10 -> 0 | G10: 1 | H10: =G10*F10 -> 0 | I10: =H10/H16 -> #DIV/0!
A11: strecha na teplovýmennom obale budovy, plochá a šikmá strecha so sklonom ≤ 45° | E11: ≤ 0,15 / 0,10 | F11: =C11*D11 -> 0 | G11: 1 | H11: =G11*F11 -> 0 | I11: =H11/H16 -> #DIV/0!
A12: stena medzi vykurovaným a nevykurovaným priestorom a podstrešným priestorom | E12: Podľa rozdielu teplôt a tepelného toku vodorovne, zhora nadol, zdola nahor, viď STN 73 3540-2+Z1+Z2: 2019 | F12: =C12*D12 -> 0 | G12: 0.8 | H12: =G12*F12 -> 0 | I12: =H12/H16 -> #DIV/0!
A13: stena a strop do nevykurovaného priestoru (suterénu) | F13: =C13*D13 -> 0 | G13: 0.5 | H13: =G13*F13 -> 0 | I13: =H13/H16 -> #DIV/0!
A14: stena a strop do temperovaného priestoru (garáž, susedná budova) | F14: =C14*D14 -> 0 | G14: 0.35 | H14: =G14*F14 -> 0 | I14: =H14/H16 -> #DIV/0!
A15: strop nad otvoreným prejazdom | E15: ≤ 0,20 / 0,15 | F15: =C15*D15 -> 0 | G15: 1 | H15: =G15*F15 -> 0 | I15: =H15/H16 -> #DIV/0!
A16: Súčty | C16: ∑Ai = | D16: =SUM(C8:C15) -> 0 | G16: ∑bx . Ui . Ai = | H16: =SUM(H8:H15) -> 0 | I16: =#REF!+#REF!+I10+I17+I12+I13+I14+I15+I11 -> #REF!
A17: 3. Započítanie vplyvu tepelných mostov: | C17: exaktne
C18: paušálne
A19: Exaktne: | C19: ΔU = | E19: zadá sa hodnota vypočítaná vzťahom | I19: 0.1
A20: Paušálne: | C20: ΔU = | D20: 0.02 | E20: za predpokladu spojitej tepelnoizolačnej vrtsvy na vonkajšom povrchu konštrukcie a použitia nových systémov murovaných konštrukcií spĺňajúcich aspoň požiadavky normalizované od 1.1.2016
C21: ΔU = | D21: 0.05 | E21: za predpokladu spojitej tepelnoizolačnej vrtsvy na vonkajšom povrchu konštrukcie a použitia nových systémov murovaných konštrukcií najmä po roku 2002
C22: ΔU = | D22: 0.1 | E22: pri murovaných, panelových vrstvených betónových a keramických, ľahkých drevených roštových konštrukciach, kovoplastických obvodových plášťoch (pred ich obnovou)
C23: ΔU = | D23: 0.2 | E23: pri zateplení na vnútornej strane vonkajšej konštrukcie
A24: Vplyv tepelných mostov ΔHTM (W/K) | E24: ΔHTM = ΔU . ∑Ai = | H24: =I19*D16 -> 0
A25: Merná tepelná strata HT (W/K) | E25: HT = ∑bx .Ui . Ai + ΔU . ∑Ai= | H25: =H16+H24 -> 0
A26: Priemerný súčiniteľ prechodu tepla (W/(m².K)) | E26: Um = HT/∑Ai= | H26: =H25/D16 -> #DIV/0!
A27: 4. Merná tepelná strata vetraním HV (W/K) | C27: HV = ρa . Ca . n . V / 3600 | E27: účinnosť rekuperácie | F27: Hv = | G27: =(100-E29)%*1.2*1010*0.85*B29*B3/3600 -> 0
A28: Intenzita výmeny vzduchu (1/h)
A29: n = | B29: 0.5 | E29: 0
A30: 5. Merná tepelná strata H = HT + HV (W/K) | C30: H = | G30: =H25+G27 -> 0
A31: 6. Solárne zisky Qs (kWh) | C31: Fw (-) | D31: gKolmé (-) | E31: Fs.Fc.Ff (-) | F31: Anj (m2)
B32: Juh - J | C32: 0.9 | D32: 0.76 | E32: 0.512
B33: Sever - S | C33: 0.9 | D33: 0.76 | E33: 0.512
B34: Východ - V | C34: 0.9 | D34: 0.76 | E34: 0.512
B35: Západ - Z | C35: 0.9 | D35: 0.76 | E35: 0.512
B36: Juhovýchod - JV | C36: 0.8 | D36: 0.76 | E36: 0.64
B37: Juhozápad - JZ | C37: 0.8 | D37: 0.76 | E37: 0.64
B38: Severovýchod - SV | C38: 0.8 | D38: 0.76 | E38: 0.64
B39: Severozápad - SZ | C39: 0.8 | D39: 0.76 | E39: 0.64
B40: Horizontálna rovina - H | C40: 0.8 | D40: 0.76 | E40: 0.64
A42: 7. NORMALIZOVANÉ KLIMATICKÉ PODMIENKY A CELKOVÁ TEPELNÁ STRATA:
B43: Veličina | C43: Mesiac
C44: I | D44: II | E44: III | F44: IV | G44: X | H44: XI | I44: XII
B45: t (deň) | C45: 31 | D45: 28 | E45: 31 | F45: 30 | G45: 31 | H45: 30 | I45: 31
B46: qe (°C) | C46: -1.8 | D46: 0.4 | E46: 4.6 | F46: 9.9 | G46: 9.8 | H46: 4.3 | I46: -0.3
B47: qi (°C) | C47: 20 | D47: 20 | E47: 20 | F47: 20 | G47: 20 | H47: 20 | I47: 20
B48: QL (kWh) | C48: =((20-(C46))*C45*24/1000)*G30 -> 0 | D48: =((20-(D46))*D45*24/1000)*G30 -> 0 | E48: =((20-(E46))*E45*24/1000)*G30 -> 0 | F48: =((20-(F46))*F45*24/1000)*G30 -> 0 | G48: =((20-(G46))*G45*24/1000)*G30 -> 0 | H48: =((20-(H46))*H45*24/1000)*G30 -> 0 | I48: =((20-(I46))*I45*24/1000)*G30 -> 0 | J48: =C48+D48+E48+F48+G48+H48+I48 -> 0
A49: 8. VNÚTORNÉ, SOLÁRNE A CELKOVÉ TEPELNÉ ZISKY:
A50: qi (W/m²): | B50: Rodinný dom | C50: Bytový dom | E50: Verejná budova | F50: Súčiniteľ vnútorných tepelných ziskov podľa kategórie budovy qi (W/m2)
B51: 4 | C51: 5 | E51: 6
C52: Mesiac
A53: Mesačná metóda | C53: I | D53: II | E53: III | F53: IV | G53: X | H53: XI | I53: XII
A54: Vnútorné | B54: Qi = d .24. qi . Ab /1000 (kWh) | C54: =C45*24*F51*D3/1000 -> 0 | D54: =D45*24*F51*D3/1000 -> 0 | E54: =E45*24*F51*D3/1000 -> 0 | F54: =F45*24*F51*D3/1000 -> 0 | G54: =G45*24*F51*D3/1000 -> 0 | H54: =H45*24*F51*D3/1000 -> 0 | I54: =I45*24*F51*D3/1000 -> 0 | J54: =C54+D54+E54+F54+G54+H54+I54 -> 0
A55: Solárne | B55: Isj-J (kWh/m2)
B56: QsJ (kWh) | C56: =C55*C32*D32*F32*E32 -> 0 | D56: =D55*C32*D32*F32*E32 -> 0 | E56: =E55*C32*D32*E32*F32 -> 0 | F56: =F55*C32*D32*F32*E32 -> 0 | G56: =G55*C32*D32*F32*E32 -> 0 | H56: =H55*C32*D32*F32*E32 -> 0 | I56: =I55*C32*D32*F32*E32 -> 0
B57: Isj-S (kWh/m2)
B58: QsS (kWh) | C58: =C57*C33*D33*F33*E33 -> 0 | D58: =D57*C33*D33*F33*E33 -> 0 | E58: =E57*C33*D33*E33*F33 -> 0 | F58: =F57*C33*D33*F33*E33 -> 0 | G58: =G57*C33*D33*F33*E33 -> 0 | H58: =H57*C33*D33*F33*E33 -> 0 | I58: =I57*C33*D33*F33*E33 -> 0
B59: Isj-V (kWh/m2)
B60: QsV (kWh) | C60: =C59*C34*D34*F34*E34 -> 0 | D60: =D59*C34*D34*F34*E34 -> 0 | E60: =E59*C34*D34*E34*F34 -> 0 | F60: =F59*C34*D34*F34*E34 -> 0 | G60: =G59*C34*D34*F34*E34 -> 0 | H60: =H59*C34*D34*F34*E34 -> 0 | I60: =I59*C34*D34*F34*E34 -> 0
B61: Isj-Z (kWh/m2)
B62: QsZ (kWh) | C62: =C61*C35*D35*F35*E35 -> 0 | D62: =D61*C35*D35*F35*E35 -> 0 | E62: =E61*C35*D35*E35*F35 -> 0 | F62: =F61*C35*D35*F35*E35 -> 0 | G62: =G61*C35*D35*F35*E35 -> 0 | H62: =H61*C35*D35*F35*E35 -> 0 | I62: =I61*C35*D35*F35*E35 -> 0
B63: Isj-JV (kWh/m2)
B64: QsJV (kWh) | C64: =C63*$C$36*$D$36*$F$36*$E$36 -> 0 | D64: =D63*$C$36*$D$36*$F$36*$E$36 -> 0 | E64: =E63*$C$36*$D$36*$F$36*$E$36 -> 0 | F64: =F63*$C$36*$D$36*$F$36*$E$36 -> 0 | G64: =G63*$C$36*$D$36*$F$36*$E$36 -> 0 | H64: =H63*$C$36*$D$36*$F$36*$E$36 -> 0 | I64: =I63*$C$36*$D$36*$F$36*$E$36 -> 0
B65: Isj-JZ (kWh/m2)
B66: QsJZ (kWh) | C66: =C65*$C$37*$D$37*$F$37*$E$37 -> 0 | D66: =D65*$C$37*$D$37*$F$37*$E$37 -> 0 | E66: =E65*$C$37*$D$37*$F$37*$E$37 -> 0 | F66: =F65*$C$37*$D$37*$F$37*$E$37 -> 0 | G66: =G65*$C$37*$D$37*$F$37*$E$37 -> 0 | H66: =H65*$C$37*$D$37*$F$37*$E$37 -> 0 | I66: =I65*$C$37*$D$37*$F$37*$E$37 -> 0
B67: Isj-SV (kWh/m2)
B68: QsSV (kWh) | C68: =C67*$C$38*$D$38*$F$38*$E$38 -> 0 | D68: =D67*$C$38*$D$38*$F$38*$E$38 -> 0 | E68: =E67*$C$38*$D$38*$F$38*$E$38 -> 0 | F68: =F67*$C$38*$D$38*$F$38*$E$38 -> 0 | G68: =G67*$C$38*$D$38*$F$38*$E$38 -> 0 | H68: =H67*$C$38*$D$38*$F$38*$E$38 -> 0 | I68: =I67*$C$38*$D$38*$F$38*$E$38 -> 0
B69: Isj-SZ (kWh/m2)
B70: QsSZ (kWh) | C70: =C69*$C$39*$D$39*$F$39*$E$39 -> 0 | D70: =D69*$C$39*$D$39*$F$39*$E$39 -> 0 | E70: =E69*$C$39*$D$39*$F$39*$E$39 -> 0 | F70: =F69*$C$39*$D$39*$F$39*$E$39 -> 0 | G70: =G69*$C$39*$D$39*$F$39*$E$39 -> 0 | H70: =H69*$C$39*$D$39*$F$39*$E$39 -> 0 | I70: =I69*$C$39*$D$39*$F$39*$E$39 -> 0
B71: Isj-H (kWh/m2)
B72: QsH (kWh) | C72: =C71*C40*D40*F40*E40 -> 0 | D72: =D71*C40*D40*F40*E40 -> 0 | E72: =E71*C40*D40*E40*F40 -> 0 | F72: =F71*C40*D40*F40*E40 -> 0 | G72: =G71*C40*D40*F40*E40 -> 0 | H72: =H71*C40*D40*F40*E40 -> 0 | I72: =I71*C40*D40*F40*E40 -> 0
B73: SUMA (Qs) (kWh) | C73: =SUM(C56,C58,C60,C62,C64,C66,C68,C70,C72) -> 0 | D73: =SUM(D56,D58,D60,D62,D64,D66,D68,D70,D72) -> 0 | E73: =SUM(E56,E58,E60,E62,E64,E66,E68,E70,E72) -> 0 | F73: =SUM(F56,F58,F60,F62,F64,F66,F68,F70,F72) -> 0 | G73: =SUM(G56,G58,G60,G62,G64,G66,G68,G70,G72) -> 0 | H73: =SUM(H56,H58,H60,H62,H64,H66,H68,H70,H72) -> 0 | I73: =SUM(I56,I58,I60,I62,I64,I66,I68,I70,I72) -> 0 | J73: =C73+D73+E73+F73+G73+H73+I73 -> 0
A74: Celkové | B74: Qg=Qi+Qs (kWh) | C74: =C54+C73 -> 0 | D74: =D54+D73 -> 0 | E74: =E54+E73 -> 0 | F74: =F54+F73 -> 0 | G74: =G54+G73 -> 0 | H74: =H54+H73 -> 0 | I74: =I54+I73 -> 0 | J74: =C74+D74+E74+F74+G74+H74+I74 -> 0
A76: FAKTOR VYUŽITIA TEPELNÝCH ZISKOV:
A77: Trieda budovy: | B77: g=Qg/QL (-) | C77: =C74/C48 -> #DIV/0! | D77: =D74/D48 -> #DIV/0! | E77: =E74/E48 -> #DIV/0! | F77: =F74/F48 -> #DIV/0! | G77: =G74/G48 -> #DIV/0! | H77: =H74/H48 -> #DIV/0! | I77: =I74/I48 -> #DIV/0!
A78: Stredne ťažká | B78: Cm (kJ/K) | C78: =VLOOKUP($A$78,'Trieda budovy'!$A$6:$D$10,4,FALSE) -> 0 | D78: =VLOOKUP($A$78,'Trieda budovy'!$A$6:$D$10,4,FALSE) -> 0 | E78: =VLOOKUP($A$78,'Trieda budovy'!$A$6:$D$10,4,FALSE) -> 0 | F78: =VLOOKUP($A$78,'Trieda budovy'!$A$6:$D$10,4,FALSE) -> 0 | G78: =VLOOKUP($A$78,'Trieda budovy'!$A$6:$D$10,4,FALSE) -> 0 | H78: =VLOOKUP($A$78,'Trieda budovy'!$A$6:$D$10,4,FALSE) -> 0 | I78: =VLOOKUP($A$78,'Trieda budovy'!$A$6:$D$10,4,FALSE) -> 0
B79: časová teplotná konštanta t=(C/3,6)/H (h) | C79: =(C78/3.6)/$G$30 -> #DIV/0! | D79: =(D78/3.6)/$G$30 -> #DIV/0! | E79: =(E78/3.6)/$G$30 -> #DIV/0! | F79: =(F78/3.6)/$G$30 -> #DIV/0! | G79: =(G78/3.6)/$G$30 -> #DIV/0! | H79: =(H78/3.6)/$G$30 -> #DIV/0! | I79: =(I78/3.6)/$G$30 -> #DIV/0!
B80: a0 (-) | C80: 1 | D80: 1 | E80: 1 | F80: 1 | G80: 1 | H80: 1 | I80: 1
B81: t0 (h) | C81: 15 | D81: 15 | E81: 15 | F81: 15 | G81: 15 | H81: 15 | I81: 15
B82: a=a0+t/t0 (-) | C82: =C80+C79/C81 -> #DIV/0! | D82: =D80+D79/D81 -> #DIV/0! | E82: =E80+E79/E81 -> #DIV/0! | F82: =F80+F79/F81 -> #DIV/0! | G82: =G80+G79/G81 -> #DIV/0! | H82: =H80+H79/H81 -> #DIV/0! | I82: =I80+I79/I81 -> #DIV/0!
B83: hH,gn=(1-ga)/(1-ga+1) | C83: =(1-POWER(C77,C82))/(1-POWER(C77,C82+1)) -> #DIV/0! | D83: =(1-POWER(D77,D82))/(1-POWER(D77,D82+1)) -> #DIV/0! | E83: =(1-POWER(E77,E82))/(1-POWER(E77,E82+1)) -> #DIV/0! | F83: =(1-POWER(F77,F82))/(1-POWER(F77,F82+1)) -> #DIV/0! | G83: =(1-POWER(G77,G82))/(1-POWER(G77,G82+1)) -> #DIV/0! | H83: =(1-POWER(H77,H82))/(1-POWER(H77,H82+1)) -> #DIV/0! | I83: =(1-POWER(I77,I82))/(1-POWER(I77,I82+1)) -> #DIV/0! | J83: =(C83+D83+E83+F83+G83+H83+I83)/7 -> #DIV/0!
A85: 9b. Ročná potreba tepla na vykurovanie QH (kWh/a) s rekuperáciou | C85: =C48-C83*C74 -> #DIV/0! | D85: =D48-D83*D74 -> #DIV/0! | E85: =E48-E83*E74 -> #DIV/0! | F85: =F48-F83*F74 -> #DIV/0! | G85: =G48-G83*G74 -> #DIV/0! | H85: =H48-H83*H74 -> #DIV/0! | I85: =I48-I83*I74 -> #DIV/0!
C86: =C85+D85+E85+F85+G85+H85+I85 -> #DIV/0!
A87: 10.b Merná potreba tepla na vykurovanie (kWh/m².a) vztiahnutá na mernú plochu Ab s rekuperáciou | F87: QHnd,1 = | G87: =C86/D3 -> #DIV/0!
A88: QHnd,1 = QH/ Ab (kWh/(m2.a))
A89: 11b. Merná potreba tepla na vykurovanie (kWh/m3.a) vztiahnutá na obostavaný priestor Vb s rekuperáciou | F89: QHnd,2 = | G89: =C86/B3 -> #DIV/0!
A90: QHnd,2 = QH/ Vb (kWh/(m3.a))
A91: 12. Faktor tvaru budovy ∑Ai/Vb (1/m) | F91: ∑Ai/Vb = | G91: =D16/B3 -> #DIV/0!
A92: 13. Normové hodnoty
A93: STN 73 0540-2 podľa kategórie budov, tabuľka 14, str. 27 | E93: Cieľová hodnota od 1.1.2021 | H93: maximálna | I93: odporúčaná
E94: Qr3,EP (kWh/(m2.a)) = | H94: 0 | I94: 0
A95: STN 73 0540-2 podľa faktoru tvaru budovy, tabuľka 9, str. 21 | E95: Cieľová hodnota od 1.1.2021 | H95: odporúčaná | I95: cieľová
E96: QH,nd,r3,1 (kWh/(m2.a))= | H96: 0 | I96: 0
E97: Cieľová hodnota od 1.1.2021 | H97: odporúčaná | I97: cieľová
E98: QH,nd,r3,2 (kWh/(m3.a))= | H98: 0 | I98: 0
E99: Cieľová hodnota od 1.1.2021 | H99: odporúčaná | I99: cieľová
E100: Ue,m ((W/m².K)) | H100: 0 | I100: 0
A101: 14. Hodnotenie - energetické požiadavky na budovy | G101: Hodnotenie
A102: STN 73 0540-2 hodnoty mernej potreby tepla na vykurovanie podľa kategórie budov, tabuľka 14, str. 27 | C102: Qhnd < Qr3,EP | D102: kWh/(m2.a) | E102: Vyhovuje ? | G102: =IF(G87<H94,"ÁNO","NIE") -> #DIV/0!
A103: STN 73 0540-2 hodnoty mernej potreby tepla na vykurovanie podľa faktoru tvaru budovy, tabuľka 9, str. 21 | C103: Qhnd,1 < QH,nd,r3,1 | D103: kWh/(m2.a) | E103: Vyhovuje ? | G103: =IF(G87<H96,"ÁNO","NIE") -> #DIV/0!
...

Sheet Výpočet_lokalita
A1: 1. Budova | B1: =Legenda!A8 -> 0 | C1: Výpočet pre lokálne podmienky | F1: Lokalita: | H1: =Legenda!A9 -> 0
A2: Obostavaný objem (m³) | C2: Merná plocha (m²)
A3: Vb= | B3: =Legenda!A11 -> 0 | C3: Ab= | D3: =Legenda!A10 -> 0
A4: Budova | B4: nová | C4: Priemerná konštrukčná výška vykurovaných podlaží (m)
B5: pôvodná/obnovená | C5: hk,pr= | D5: =B3/D3 -> #DIV/0!
A6: 2. Merná tepelná strata prechodom tepla HT (W/K) | E6: Cieľová hodnota od 1.1.2021 normalizovaná (požadovaná) / odporúčaná | I6: % podiel mernej tepelnej straty prechodom k celkovým tepelným stratám prechodom
A7: Konštrukcia | C7: Plocha Ai (m²) | D7: Ui (W/(m².K)) | E7: Uw,r2 (W/(m².K)) / Uw,r3 (W/(m².K)) | F7: Ui . Ai (W/K) | G7: Faktor bx (-) | H7: bx.Ui.Ai (W/K) | I7: %
A8: vonkajšia stena | E8: ≤ 0,22 / 0,15 | F8: =C8*D8 -> 0 | G8: 1 | H8: =G8*F8 -> 0 | I8: =H8/H17 -> #DIV/0!
A9: vonkajšie okná v obvodovej stene (vrátane balkónových, terasových dverí a franúzkych okie) | E9: ≤ 0,85 / 0,65 | F9: =C9*D9 -> 0 | G9: 1 | H9: =G9*F9 -> 0 | I9: =H9/H17 -> #DIV/0!
A10: vonkajšie dvere bez zádveria | E10: ≤ 2,00 / 2,00 | F10: =C10*D10 -> 0 | G10: 1 | H10: =G10*F10 -> 0 | I10: =H10/H17 -> #DIV/0!
A12: strecha na teplovýmennom obale budovy, plochá a šikmá strecha so sklonom ≤ 45° | E12: ≤ 0,15 / 0,10 | F12: =C12*D12 -> 0 | G12: 1 | H12: =G12*F12 -> 0 | I12: =H12/H17 -> #DIV/0!
A13: stena medzi vykurovaným a nevykurovaným priestorom a podstrešným priestorom | E13: Podľa rozdielu teplôt a tepelného toku vodorovne, zhora nadol, zdola nahor, viď STN 73 3540-2+Z1+Z2: 2019 | F13: =C13*D13 -> 0 | G13: 0.8 | H13: =G13*F13 -> 0 | I13: =H13/H17 -> #DIV/0!
A14: stena a strop do nevykurovaného priestoru (suterénu) | F14: =C14*D14 -> 0 | G14: 0.5 | H14: =G14*F14 -> 0 | I14: =H14/H17 -> #DIV/0!
A15: stena a strop do temperovaného priestoru (garáž, susedná budova) | F15: =C15*D15 -> 0 | G15: 0.35 | H15: =G15*F15 -> 0 | I15: =H15/H17 -> #DIV/0!
A16: strop nad otvoreným prejazdom | E16: ≤ 0,20 / 0,15 | F16: =C16*D16 -> 0 | G16: 1 | H16: =G16*F16 -> 0 | I16: =H16/H17 -> #DIV/0!
A17: Súčty | C17: ∑Ai = | D17: =SUM(C8:C16) -> 0 | G17: ∑bx . Ui . Ai = | H17: =SUM(H8:H16) -> 0 | I17: =I8+I9+I10+I18+I13+I14+I15+I16+I12 -> #DIV/0!
A18: 3. Započítanie vplyvu tepelných mostov: | C18: exaktne
C19: paušálne
A20: Exaktne: | C20: ΔU = | E20: zadá sa hodnota vypočítaná vzťahom | I20: 0.1
A21: Paušálne: | C21: ΔU = | D21: 0.02 | E21: za predpokladu spojitej tepelnoizolačnej vrtsvy na vonkajšom povrchu konštrukcie a použitia nových systémov murovaných konštrukcií spĺňajúcich aspoň požiadavky normalizované od 1.1.2016
C22: ΔU = | D22: 0.05 | E22: za predpokladu spojitej tepelnoizolačnej vrtsvy na vonkajšom povrchu konštrukcie a použitia nových systémov murovaných konštrukcií najmä po roku 2002
C23: ΔU = | D23: 0.1 | E23: pri murovaných, panelových vrstvených betónových a keramických, ľahkých drevených roštových konštrukciach, kovoplastických obvodových plášťoch (pred ich obnovou)
C24: ΔU = | D24: 0.2 | E24: pri zateplení na vnútornej strane vonkajšej konštrukcie
A25: Vplyv tepelných mostov ΔHTM (W/K) | E25: ΔHTM = ΔU . ∑Ai = | H25: =I20*D17 -> 0
A26: Merná tepelná strata HT (W/K) | E26: HT = ∑bx .Ui . Ai + ΔU . ∑Ai= | H26: =H17+H25 -> 0
A27: Priemerný súčiniteľ prechodu tepla (W/(m².K)) | E27: Um = HT/∑Ai= | H27: =H26/D17 -> #DIV/0!
A28: 4. Merná tepelná strata vetraním HV (W/K) | C28: HV = ρa . Ca . n . V / 3600 | E28: účinnosť rekuperácie | F28: Hv = | G28: =(100-E30)%*1.2*1010*0.85*B30*B3/3600 -> 0
A29: Intenzita výmeny vzduchu (1/h)
A30: n = | B30: 0.5 | E30: 0
A31: 5. Merná tepelná strata H = HT + HV (W/K) | C31: H = | G31: =H26+G28 -> 0
A32: 6. Solárne zisky Qs (kWh) | C32: Fw (-) | D32: gKolmé (-) | E32: Fs.Fc.Ff (-) | F32: Anj (m2)
B33: Juh - J | C33: 0.9 | D33: 0.76 | E33: 0.512
B34: Sever - S | C34: 0.9 | D34: 0.76 | E34: 0.512
B35: Východ - V | C35: 0.9 | D35: 0.76 | E35: 0.512
B36: Západ - Z | C36: 0.9 | D36: 0.76 | E36: 0.512
B37: Juhovýchod - JV | C37: 0.8 | D37: 0.76 | E37: 0.64
B38: Juhozápad - JZ | C38: 0.8 | D38: 0.76 | E38: 0.64
B39: Severovýchod - SV | C39: 0.8 | D39: 0.76 | E39: 0.64
B40: Severozápad - SZ | C40: 0.8 | D40: 0.76 | E40: 0.64
B41: Horizontálna rovina - H | C41: 0.8 | D41: 0.76 | E41: 0.64
A43: 7. NORMALIZOVANÉ KLIMATICKÉ PODMIENKY A CELKOVÁ TEPELNÁ STRATA:
B44: Veličina | C44: Mesiac
C45: I | D45: II | E45: III | F45: IV | G45: X | H45: XI | I45: XII | J45: Vykurovanie v máji až septembri sa v tomto prípade zanedbalo. Počet vykurovacích dní sa líši v závislosti od lokality a budovy
B46: t (deň) | C46: 31 | D46: 28 | E46: 31 | F46: 30 | G46: 31 | H46: 30 | I46: 31 | J46: Zmena počtu vykurovacích dní po obnove sa v tomto prípade zanedbala
B47: qe (°C)
B48: qi (°C) | C48: 20 | D48: 20 | E48: 20 | F48: 20 | G48: 20 | H48: 20 | I48: 20
B49: QL (kWh) | C49: =((20-(C47))*C46*24/1000)*G31 -> 0 | D49: =((20-(D47))*D46*24/1000)*G31 -> 0 | E49: =((20-(E47))*E46*24/1000)*G31 -> 0 | F49: =((20-(F47))*F46*24/1000)*G31 -> 0 | G49: =((20-(G47))*G46*24/1000)*G31 -> 0 | H49: =((20-(H47))*H46*24/1000)*G31 -> 0 | I49: =((20-(I47))*I46*24/1000)*G31 -> 0 | J49: =C49+D49+E49+F49+G49+H49+I49 -> 0
A50: 8. VNÚTORNÉ, SOLÁRNE A CELKOVÉ TEPELNÉ ZISKY:
A51: qi (W/m²): | B51: Rodinný dom | C51: Bytový dom | E51: Verejná budova | F51: Súčiniteľ vnútorných tepelných ziskov podľa kategórie budovy qi (W/m2)
B52: 4 | C52: 5 | E52: 6 | F52: 5
C53: Mesiac
A54: Mesačná metóda | C54: I | D54: II | E54: III | F54: IV | G54: X | H54: XI | I54: XII
A55: Vnútorné | B55: Qi = d .24. qi . Ab /1000 (kWh) | C55: =C46*24*F52*D3/1000 -> 0 | D55: =D46*24*F52*D3/1000 -> 0 | E55: =E46*24*F52*D3/1000 -> 0 | F55: =F46*24*F52*D3/1000 -> 0 | G55: =G46*24*F52*D3/1000 -> 0 | H55: =H46*24*F52*D3/1000 -> 0 | I55: =I46*24*F52*D3/1000 -> 0 | J55: =C55+D55+E55+F55+G55+H55+I55 -> 0
A56: Solárne | B56: Isj-J (kWh/m2)
B57: QsJ (kWh) | C57: =C56*C33*D33*F33*E33 -> 0 | D57: =D56*C33*D33*F33*E33 -> 0 | E57: =E56*C33*D33*E33*F33 -> 0 | F57: =F56*C33*D33*F33*E33 -> 0 | G57: =G56*C33*D33*F33*E33 -> 0 | H57: =H56*C33*D33*F33*E33 -> 0 | I57: =I56*C33*D33*F33*E33 -> 0
B58: Isj-S (kWh/m2)
B59: QsS (kWh) | C59: =C58*C34*D34*F34*E34 -> 0 | D59: =D58*C34*D34*F34*E34 -> 0 | E59: =E58*C34*D34*E34*F34 -> 0 | F59: =F58*C34*D34*F34*E34 -> 0 | G59: =G58*C34*D34*F34*E34 -> 0 | H59: =H58*C34*D34*F34*E34 -> 0 | I59: =I58*C34*D34*F34*E34 -> 0
B60: Isj-V (kWh/m2)
B61: QsV (kWh) | C61: =C60*C35*D35*F35*E35 -> 0 | D61: =D60*C35*D35*F35*E35 -> 0 | E61: =E60*C35*D35*E35*F35 -> 0 | F61: =F60*C35*D35*F35*E35 -> 0 | G61: =G60*C35*D35*F35*E35 -> 0 | H61: =H60*C35*D35*F35*E35 -> 0 | I61: =I60*C35*D35*F35*E35 -> 0
B62: Isj-Z (kWh/m2)
B63: QsZ (kWh) | C63: =C62*C36*D36*F36*E36 -> 0 | D63: =D62*C36*D36*F36*E36 -> 0 | E63: =E62*C36*D36*E36*F36 -> 0 | F63: =F62*C36*D36*F36*E36 -> 0 | G63: =G62*C36*D36*F36*E36 -> 0 | H63: =H62*C36*D36*F36*E36 -> 0 | I63: =I62*C36*D36*F36*E36 -> 0
B64: Isj-JV (kWh/m2)
B65: QsJV (kWh) | C65: =C64*$C$37*$D$37*$F$37*$E$37 -> 0 | D65: =D64*$C$37*$D$37*$F$37*$E$37 -> 0 | E65: =E64*$C$37*$D$37*$F$37*$E$37 -> 0 | F65: =F64*$C$37*$D$37*$F$37*$E$37 -> 0 | G65: =G64*$C$37*$D$37*$F$37*$E$37 -> 0 | H65: =H64*$C$37*$D$37*$F$37*$E$37 -> 0 | I65: =I64*$C$37*$D$37*$F$37*$E$37 -> 0
B66: Isj-JZ (kWh/m2)
B67: QsJZ (kWh) | C67: =C66*$C$38*$D$38*$F$38*$E$38 -> 0 | D67: =D66*$C$38*$D$38*$F$38*$E$38 -> 0 | E67: =E66*$C$38*$D$38*$F$38*$E$38 -> 0 | F67: =F66*$C$38*$D$38*$F$38*$E$38 -> 0 | G67: =G66*$C$38*$D$38*$F$38*$E$38 -> 0 | H67: =H66*$C$38*$D$38*$F$38*$E$38 -> 0 | I67: =I66*$C$38*$D$38*$F$38*$E$38 -> 0
B68: Isj-SV (kWh/m2)
B69: QsSV (kWh) | C69: =C68*$C$39*$D$39*$F$39*$E$39 -> 0 | D69: =D68*$C$39*$D$39*$F$39*$E$39 -> 0 | E69: =E68*$C$39*$D$39*$F$39*$E$39 -> 0 | F69: =F68*$C$39*$D$39*$F$39*$E$39 -> 0 | G69: =G68*$C$39*$D$39*$F$39*$E$39 -> 0 | H69: =H68*$C$39*$D$39*$F$39*$E$39 -> 0 | I69: =I68*$C$39*$D$39*$F$39*$E$39 -> 0
B70: Isj-SZ (kWh/m2)
B71: QsSZ (kWh) | C71: =C70*$C$40*$D$40*$F$40*$E$40 -> 0 | D71: =D70*$C$40*$D$40*$F$40*$E$40 -> 0 | E71: =E70*$C$40*$D$40*$F$40*$E$40 -> 0 | F71: =F70*$C$40*$D$40*$F$40*$E$40 -> 0 | G71: =G70*$C$40*$D$40*$F$40*$E$40 -> 0 | H71: =H70*$C$40*$D$40*$F$40*$E$40 -> 0 | I71: =I70*$C$40*$D$40*$F$40*$E$40 -> 0
B72: Isj-H (kWh/m2)
B73: QsH (kWh) | C73: =C72*C41*D41*F41*E41 -> 0 | D73: =D72*C41*D41*F41*E41 -> 0 | E73: =E72*C41*D41*E41*F41 -> 0 | F73: =F72*C41*D41*F41*E41 -> 0 | G73: =G72*C41*D41*F41*E41 -> 0 | H73: =H72*C41*D41*F41*E41 -> 0 | I73: =I72*C41*D41*F41*E41 -> 0
B74: SUMA (Qs) (kWh) | C74: =SUM(C57,C59,C61,C63,C65,C67,C69,C71,C73) -> 0 | D74: =SUM(D57,D59,D61,D63,D65,D67,D69,D71,D73) -> 0 | E74: =SUM(E57,E59,E61,E63,E65,E67,E69,E71,E73) -> 0 | F74: =SUM(F57,F59,F61,F63,F65,F67,F69,F71,F73) -> 0 | G74: =SUM(G57,G59,G61,G63,G65,G67,G69,G71,G73) -> 0 | H74: =SUM(H57,H59,H61,H63,H65,H67,H69,H71,H73) -> 0 | I74: =SUM(I57,I59,I61,I63,I65,I67,I69,I71,I73) -> 0 | J74: =C74+D74+E74+F74+G74+H74+I74 -> 0
A75: Celkové | B75: Qg=Qi+Qs (kWh) | C75: =C55+C74 -> 0 | D75: =D55+D74 -> 0 | E75: =E55+E74 -> 0 | F75: =F55+F74 -> 0 | G75: =G55+G74 -> 0 | H75: =H55+H74 -> 0 | I75: =I55+I74 -> 0 | J75: =C75+D75+E75+F75+G75+H75+I75 -> 0
A77: FAKTOR VYUŽITIA TEPELNÝCH ZISKOV:
A78: Trieda budovy: | B78: g=Qg/QL (-) | C78: =C75/C49 -> #DIV/0! | D78: =D75/D49 -> #DIV/0! | E78: =E75/E49 -> #DIV/0! | F78: =F75/F49 -> #DIV/0! | G78: =G75/G49 -> #DIV/0! | H78: =H75/H49 -> #DIV/0! | I78: =I75/I49 -> #DIV/0!
A79: Stredne ťažká | B79: Cm (kJ/K) | C79: =VLOOKUP($A$79,'Trieda budovy'!$A$6:$D$10,4,FALSE) -> 0 | D79: =VLOOKUP($A$79,'Trieda budovy'!$A$6:$D$10,4,FALSE) -> 0 | E79: =VLOOKUP($A$79,'Trieda budovy'!$A$6:$D$10,4,FALSE) -> 0 | F79: =VLOOKUP($A$79,'Trieda budovy'!$A$6:$D$10,4,FALSE) -> 0 | G79: =VLOOKUP($A$79,'Trieda budovy'!$A$6:$D$10,4,FALSE) -> 0 | H79: =VLOOKUP($A$79,'Trieda budovy'!$A$6:$D$10,4,FALSE) -> 0 | I79: =VLOOKUP($A$79,'Trieda budovy'!$A$6:$D$10,4,FALSE) -> 0
B80: časová teplotná konštanta t=(C/3,6)/H (h) | C80: =(C79/3.6)/$G$31 -> #DIV/0! | D80: =(D79/3.6)/$G$31 -> #DIV/0! | E80: =(E79/3.6)/$G$31 -> #DIV/0! | F80: =(F79/3.6)/$G$31 -> #DIV/0! | G80: =(G79/3.6)/$G$31 -> #DIV/0! | H80: =(H79/3.6)/$G$31 -> #DIV/0! | I80: =(I79/3.6)/$G$31 -> #DIV/0!
B81: a0 (-) | C81: 1 | D81: 1 | E81: 1 | F81: 1 | G81: 1 | H81: 1 | I81: 1
B82: t0 (h) | C82: 15 | D82: 15 | E82: 15 | F82: 15 | G82: 15 | H82: 15 | I82: 15
B83: a=a0+t/t0 (-) | C83: =C81+C80/C82 -> #DIV/0! | D83: =D81+D80/D82 -> #DIV/0! | E83: =E81+E80/E82 -> #DIV/0! | F83: =F81+F80/F82 -> #DIV/0! | G83: =G81+G80/G82 -> #DIV/0! | H83: =H81+H80/H82 -> #DIV/0! | I83: =I81+I80/I82 -> #DIV/0!
B84: hH,gn=(1-ga)/(1-ga+1) | C84: =(1-POWER(C78,C83))/(1-POWER(C78,C83+1)) -> #DIV/0! | D84: =(1-POWER(D78,D83))/(1-POWER(D78,D83+1)) -> #DIV/0! | E84: =(1-POWER(E78,E83))/(1-POWER(E78,E83+1)) -> #DIV/0! | F84: =(1-POWER(F78,F83))/(1-POWER(F78,F83+1)) -> #DIV/0! | G84: =(1-POWER(G78,G83))/(1-POWER(G78,G83+1)) -> #DIV/0! | H84: =(1-POWER(H78,H83))/(1-POWER(H78,H83+1)) -> #DIV/0! | I84: =(1-POWER(I78,I83))/(1-POWER(I78,I83+1)) -> #DIV/0! | J84: =(C84+D84+E84+F84+G84+H84+I84)/7 -> #DIV/0!
A86: 9b. Ročná potreba tepla na vykurovanie QH (kWh/a) s rekuperáciou | C86: =C49-C84*C75 -> #DIV/0! | D86: =D49-D84*D75 -> #DIV/0! | E86: =E49-E84*E75 -> #DIV/0! | F86: =F49-F84*F75 -> #DIV/0! | G86: =G49-G84*G75 -> #DIV/0! | H86: =H49-H84*H75 -> #DIV/0! | I86: =I49-I84*I75 -> #DIV/0!
C87: =C86+D86+E86+F86+G86+H86+I86 -> #DIV/0!
A88: 10.b Merná potreba tepla na vykurovanie (kWh/m².a) vztiahnutá na mernú plochu Ab s rekuperáciou | F88: QHnd,1 = | G88: =C87/D3 -> #DIV/0!
A89: QHnd,1 = QH/ Ab (kWh/(m2.a))
A90: 11b. Merná potreba tepla na vykurovanie (kWh/m3.a) vztiahnutá na obostavaný priestor Vb s rekuperáciou | F90: QHnd,2 = | G90: =C87/B3 -> #DIV/0!
A91: QHnd,2 = QH/ Vb (kWh/(m3.a))
A92: 12. Faktor tvaru budovy ∑Ai/Vb (1/m) | F92: ∑Ai/Vb = | G92: =D17/B3 -> #DIV/0!

Sheet Mesačný priemer vonk. teploty
A1: Mesačný priemer vonkajšej teploty
A2: STN EN ISO 13790/NA: Tabuľka NA.1 – Regresné vzťahy pre mesačný priemer vonkajšej teploty
A3: pre teplotné oblasti I, II, III podľa rajonizácie na obr. NA.1 až NA.12
A6: Mesto | B6: Nitra | C6: Mesiac | D6: θe (°C) | F6: Mesto | G6: Senica | H6: Mesiac | I6: θe (°C) | K6: Mesto | L6: Topolcany | M6: Mesiac | N6: θe (°C) | P6: Mesto | Q6: Piestany | R6: Mesiac | S6: θe (°C) | U6: Mesto | V6: Zilina | W6: Mesiac | X6: θe (°C)
A7: Oblasť | B7: 1 | C7: I | D7: =-0.004*B$8-1.1 -> -1.64 | F7: Oblasť | G7: 2 | H7: I | I7: =-0.004*G$8-1.8 -> -2.58 | K7: Oblasť | L7: 2 | M7: I | N7: =-0.004*L$8-1.8 -> -2.568 | P7: Oblasť | Q7: 1 | R7: I | S7: =-0.004*Q$8-1.1 -> -1.752 | U7: Oblasť | V7: 2 | W7: I | X7: =-0.004*V$8-1.8 -> -3.26
A8: Nad. v. (m.n.m.) | B8: 135 | C8: II | D8: =-0.005*B$8+1.3 -> 0.625 | F8: Nad. v. (m.n.m.) | G8: 195 | H8: II | I8: =-0.005*G$8+0.6 -> -0.375 | K8: Nad. v. (m.n.m.) | L8: 192 | M8: II | N8: =-0.005*L$8+0.6 -> -0.36 | P8: Nad. v. (m.n.m.) | Q8: 163 | R8: II | S8: =-0.005*Q$8+1.3 -> 0.485 | U8: Nad. v. (m.n.m.) | V8: 365 | W8: II | X8: =-0.005*V$8+0.6 -> -1.225
C9: III | D9: =-0.006*B$8+6.2 -> 5.39 | H9: III | I9: =-0.006*G$8+5.3 -> 4.13 | M9: III | N9: =-0.006*L$8+5.3 -> 4.148 | R9: III | S9: =-0.006*Q$8+6.2 -> 5.222 | W9: III | X9: =-0.006*V$8+5.3 -> 3.11
C10: IV | D10: =-0.007*B$8+11.7 -> 10.755 | H10: IV | I10: =-0.007*G$8+11.1 -> 9.735 | M10: IV | N10: =-0.007*L$8+11.1 -> 9.756 | R10: IV | S10: =-0.007*Q$8+11.7 -> 10.559 | W10: IV | X10: =-0.007*V$8+11.1 -> 8.545
C11: V | D11: =-0.007*B$8+16.6 -> 15.655 | H11: V | I11: =-0.007*G$8+16 -> 14.635 | M11: V | N11: =-0.007*L$8+16 -> 14.656 | R11: V | S11: =-0.007*Q$8+16.6 -> 15.459 | W11: V | X11: =-0.007*V$8+16 -> 13.445
C12: VI | D12: =-0.0075*B$8+19.7 -> 18.6875 | H12: VI | I12: =-0.0075*G$8+19.1 -> 17.6375 | M12: VI | N12: =-0.0075*L$8+19.1 -> 17.66 | R12: VI | S12: =-0.0075*Q$8+19.7 -> 18.4775 | W12: VI | X12: =-0.0075*V$8+19.1 -> 16.3625
C13: VII | D13: =-0.0075*B$8+21.4 -> 20.3875 | H13: VII | I13: =-0.0075*G$8+20.7 -> 19.2375 | M13: VII | N13: =-0.0075*L$8+20.7 -> 19.26 | R13: VII | S13: =-0.0075*Q$8+21.4 -> 20.1775 | W13: VII | X13: =-0.0075*V$8+20.7 -> 17.9625
C14: VIII | D14: =-0.0075*B$8+20.8 -> 19.7875 | H14: VIII | I14: =-0.0075*G$8+20.1 -> 18.6375 | M14: VIII | N14: =-0.0075*L$8+20.1 -> 18.66 | R14: VIII | S14: =-0.0075*Q$8+20.8 -> 19.5775 | W14: VIII | X14: =-0.0075*V$8+20.1 -> 17.3625
C15: IX | D15: =-0.0065*B$8+16.3 -> 15.4225 | H15: IX | I15: =-0.0065*G$8+15.7 -> 14.4325 | M15: IX | N15: =-0.0065*L$8+15.7 -> 14.452 | R15: IX | S15: =-0.0065*Q$8+16.3 -> 15.2405 | W15: IX | X15: =-0.0065*V$8+15.7 -> 13.3275
C16: X | D16: =-0.005*B$8+10.7 -> 10.025 | H16: X | I16: =-0.005*G$8+10.2 -> 9.225 | M16: X | N16: =-0.005*L$8+10.2 -> 9.24 | R16: X | S16: =-0.005*Q$8+10.7 -> 9.885 | W16: X | X16: =-0.005*V$8+10.2 -> 8.375
C17: XI | D17: =-0.0045*B$8+5.1 -> 4.4925 | H17: XI | I17: =-0.0045*G$8+4.7 -> 3.8225 | M17: XI | N17: =-0.0045*L$8+4.7 -> 3.836 | R17: XI | S17: =-0.0045*Q$8+5.1 -> 4.3665 | W17: XI | X17: =-0.0045*V$8+4.7 -> 3.0575
C18: XII | D18: =-0.0045*B$8+0.5 -> -0.1075 | H18: XII | I18: =-0.0045*G$8+0.1 -> -0.7775 | M18: XII | N18: =-0.0045*L$8+0.1 -> -0.764 | R18: XII | S18: =-0.0045*Q$8+0.5 -> -0.2335 | W18: XII | X18: =-0.0045*V$8+0.1 -> -1.5425
A20: Mesto | B20: Dolny Kubin | C20: Mesiac | D20: θe (°C) | F20: Mesto | G20: Banska Bystrica | H20: Mesiac | I20: θe (°C) | K20: Mesto | L20: Trebisov | M20: Mesiac | N20: θe (°C) | P20: Mesto | Q20: Bardejov | R20: Mesiac | S20: θe (°C) | U20: Mesto | V20: Presov | W20: Mesiac | X20: θe (°C)
A21: Oblasť | B21: 2 | C21: I | D21: =-0.004*B$22-1.8 -> -3.672 | F21: Oblasť | G21: 2 | H21: I | I21: =-0.004*G$22-1.8 -> -3.516 | K21: Oblasť | L21: 2 | M21: I | N21: =-0.004*L$22-1.8 -> -2.22 | P21: Oblasť | Q21: 2 | R21: I | S21: =-0.004*Q$22-1.8 -> -3.02 | U21: Oblasť | V21: 2 | W21: I | X21: =-0.004*V$22-1.8 -> -3.028
A22: Nad. v. (m.n.m.) | B22: 468 | C22: II | D22: =-0.005*B$22+0.6 -> -1.74 | F22: Nad. v. (m.n.m.) | G22: 429 | H22: II | I22: =-0.005*G$22+0.6 -> -1.545 | K22: Nad. v. (m.n.m.) | L22: 105 | M22: II | N22: =-0.005*L$22+0.6 -> 0.075 | P22: Nad. v. (m.n.m.) | Q22: 305 | R22: II | S22: =-0.005*Q$22+0.6 -> -0.925 | U22: Nad. v. (m.n.m.) | V22: 307 | W22: II | X22: =-0.005*V$22+0.6 -> -0.935
C23: III | D23: =-0.006*B$22+5.3 -> 2.492 | H23: III | I23: =-0.006*G$22+5.3 -> 2.726 | M23: III | N23: =-0.006*L$22+5.3 -> 4.67 | R23: III | S23: =-0.006*Q$22+5.3 -> 3.47 | W23: III | X23: =-0.006*V$22+5.3 -> 3.458
C24: IV | D24: =-0.007*B$22+11.1 -> 7.824 | H24: IV | I24: =-0.007*G$22+11.1 -> 8.097 | M24: IV | N24: =-0.007*L$22+11.1 -> 10.365 | R24: IV | S24: =-0.007*Q$22+11.1 -> 8.965 | W24: IV | X24: =-0.007*V$22+11.1 -> 8.951
C25: V | D25: =-0.007*B$22+16 -> 12.724 | H25: V | I25: =-0.007*G$22+16 -> 12.997 | M25: V | N25: =-0.007*L$22+16 -> 15.265 | R25: V | S25: =-0.007*Q$22+16 -> 13.865 | W25: V | X25: =-0.007*V$22+16 -> 13.851
C26: VI | D26: =-0.0075*B$22+19.1 -> 15.59 | H26: VI | I26: =-0.0075*G$22+19.1 -> 15.8825 | M26: VI | N26: =-0.0075*L$22+19.1 -> 18.3125 | R26: VI | S26: =-0.0075*Q$22+19.1 -> 16.8125 | W26: VI | X26: =-0.0075*V$22+19.1 -> 16.7975
C27: VII | D27: =-0.0075*B$22+20.7 -> 17.19 | H27: VII | I27: =-0.0075*G$22+20.7 -> 17.4825 | M27: VII | N27: =-0.0075*L$22+20.7 -> 19.9125 | R27: VII | S27: =-0.0075*Q$22+20.7 -> 18.4125 | W27: VII | X27: =-0.0075*V$22+20.7 -> 18.3975
C28: VIII | D28: =-0.0075*B$22+20.1 -> 16.59 | H28: VIII | I28: =-0.0075*G$22+20.1 -> 16.8825 | M28: VIII | N28: =-0.0075*L$22+20.1 -> 19.3125 | R28: VIII | S28: =-0.0075*Q$22+20.1 -> 17.8125 | W28: VIII | X28: =-0.0075*V$22+20.1 -> 17.7975
C29: IX | D29: =-0.0065*B$22+15.7 -> 12.658 | H29: IX | I29: =-0.0065*G$22+15.7 -> 12.9115 | M29: IX | N29: =-0.0065*L$22+15.7 -> 15.0175 | R29: IX | S29: =-0.0065*Q$22+15.7 -> 13.7175 | W29: IX | X29: =-0.0065*V$22+15.7 -> 13.7045
C30: X | D30: =-0.005*B$22+10.2 -> 7.86 | H30: X | I30: =-0.005*G$22+10.2 -> 8.055 | M30: X | N30: =-0.005*L$22+10.2 -> 9.675 | R30: X | S30: =-0.005*Q$22+10.2 -> 8.675 | W30: X | X30: =-0.005*V$22+10.2 -> 8.665
C31: XI | D31: =-0.0045*B$22+4.7 -> 2.594 | H31: XI | I31: =-0.0045*G$22+4.7 -> 2.7695 | M31: XI | N31: =-0.0045*L$22+4.7 -> 4.2275 | R31: XI | S31: =-0.0045*Q$22+4.7 -> 3.3275 | W31: XI | X31: =-0.0045*V$22+4.7 -> 3.3185
C32: XII | D32: =-0.0045*B$22+0.1 -> -2.006 | H32: XII | I32: =-0.0045*G$22+0.1 -> -1.8305 | M32: XII | N32: =-0.0045*L$22+0.1 -> -0.3725 | R32: XII | S32: =-0.0045*Q$22+0.1 -> -1.2725 | W32: XII | X32: =-0.0045*V$22+0.1 -> -1.2815
A34: Mesto | B34: Bratislava-letisko | C34: Mesiac | D34: θe (°C) | F34: Mesto | G34: Košice-letisko | H34: Mesiac | I34: θe (°C) | K34: Mesto | L34: Poprad | M34: Mesiac | N34: θe (°C) | P34: Mesto | Q34: Liptovský Mikuláš | R34: Mesiac | S34: θe (°C) | U34: Mesto | V34: Oravská Lesná | W34: Mesiac | X34: θe (°C)
A35: Oblasť | B35: 1 | C35: I | D35: =-0.004*B$36-1.1 -> -1.632 | F35: Oblasť | G35: 2 | H35: I | I35: =-0.004*G$36-1.8 -> -2.72 | K35: Oblasť | L35: 3 | M35: I | N35: =-0.004*L$36-2.5 -> -5.276 | P35: Oblasť | Q35: 2 | R35: I | S35: =-0.004*Q$36-1.8 -> -4.076 | U35: Oblasť | V35: 3 | W35: I | X35: =-0.004*V$36-2.5 -> -5.62
A36: Nad. v. (m.n.m.) | B36: 133 | C36: II | D36: =-0.005*B$36+1.3 -> 0.635 | F36: Nad. v. (m.n.m.) | G36: 230 | H36: II | I36: =-0.005*G$36+0.6 -> -0.55 | K36: Nad. v. (m.n.m.) | L36: 694 | M36: II | N36: =-0.005*L$36-0.1 -> -3.57 | P36: Nad. v. (m.n.m.) | Q36: 569 | R36: II | S36: =-0.005*Q$36+0.6 -> -2.245 | U36: Nad. v. (m.n.m.) | V36: 780 | W36: II | X36: =-0.005*V$36-0.1 -> -4
C37: III | D37: =-0.006*B$36+6.2 -> 5.402 | H37: III | I37: =-0.006*G$36+5.3 -> 3.92 | M37: III | N37: =-0.006*L$36+4.4 -> 0.236 | R37: III | S37: =-0.006*Q$36+5.3 -> 1.886 | W37: III | X37: =-0.006*V$36+4.4 -> -0.28
C38: IV | D38: =-0.007*B$36+11.7 -> 10.769 | H38: IV | I38: =-0.007*G$36+11.1 -> 9.49 | M38: IV | N38: =-0.007*L$36+10.4 -> 5.542 | R38: IV | S38: =-0.007*Q$36+11.1 -> 7.117 | W38: IV | X38: =-0.007*V$36+10.4 -> 4.94
C39: V | D39: =-0.007*B$36+16.6 -> 15.669 | H39: V | I39: =-0.007*G$36+16 -> 14.39 | M39: V | N39: =-0.007*L$36+15.4 -> 10.542 | R39: V | S39: =-0.007*Q$36+16 -> 12.017 | W39: V | X39: =-0.007*V$36+15.4 -> 9.94
C40: VI | D40: =-0.0075*B$36+19.7 -> 18.7025 | H40: VI | I40: =-0.0075*G$36+19.1 -> 17.375 | M40: VI | N40: =-0.0075*L$36+18.5 -> 13.295 | R40: VI | S40: =-0.0075*Q$36+19.1 -> 14.8325 | W40: VI | X40: =-0.0075*V$36+18.5 -> 12.65
C41: VII | D41: =-0.0075*B$36+21.4 -> 20.4025 | H41: VII | I41: =-0.0075*G$36+20.7 -> 18.975 | M41: VII | N41: =-0.0075*L$36+20 -> 14.795 | R41: VII | S41: =-0.0075*Q$36+20.7 -> 16.4325 | W41: VII | X41: =-0.0075*V$36+20 -> 14.15
C42: VIII | D42: =-0.0075*B$36+20.8 -> 19.8025 | H42: VIII | I42: =-0.0075*G$36+20.1 -> 18.375 | M42: VIII | N42: =-0.0075*L$36+19.4 -> 14.195 | R42: VIII | S42: =-0.0075*Q$36+20.1 -> 15.8325 | W42: VIII | X42: =-0.0075*V$36+19.4 -> 13.55
C43: IX | D43: =-0.0065*B$36+16.3 -> 15.4355 | H43: IX | I43: =-0.0065*G$36+15.7 -> 14.205 | M43: IX | N43: =-0.0065*L$36+16 -> 11.489 | R43: IX | S43: =-0.0065*Q$36+15.7 -> 12.0015 | W43: IX | X43: =-0.0065*V$36+16 -> 10.93
C44: X | D44: =-0.005*B$36+10.7 -> 10.035 | H44: X | I44: =-0.005*G$36+10.2 -> 9.05 | M44: X | N44: =-0.005*L$36+9.6 -> 6.13 | R44: X | S44: =-0.005*Q$36+10.2 -> 7.355 | W44: X | X44: =-0.005*V$36+9.6 -> 5.7
C45: XI | D45: =-0.0045*B$36+5.1 -> 4.5015 | H45: XI | I45: =-0.0045*G$36+4.7 -> 3.665 | M45: XI | N45: =-0.0045*L$36+4.2 -> 1.077 | R45: XI | S45: =-0.0045*Q$36+4.7 -> 2.1395 | W45: XI | X45: =-0.0045*V$36+4.2 -> 0.69
C46: XII | D46: =-0.0045*B$36+0.5 -> -0.0985 | H46: XII | I46: =-0.0045*G$36+0.1 -> -0.935 | M46: XII | N46: =-0.0045*L$36-0.5 -> -3.623 | R46: XII | S46: =-0.0045*Q$36+0.1 -> -2.4605 | W46: XII | X46: =-0.0045*V$36-0.5 -> -4.01
A48: Mesto | B48: Rimavská Sobota | C48: Mesiac | D48: θe (°C) | F48: Mesto | G48: Trenč. Biskupice | H48: Mesiac | I48: θe (°C)
A49: Oblasť | B49: 2 | C49: I | D49: =-0.004*B$50-1.8 -> -2.66 | F49: Oblasť | G49: 2 | H49: I | I49: =-0.004*G$50-1.8 -> -2.604
A50: Nad. v. (m.n.m.) | B50: 215 | C50: II | D50: =-0.005*B$50+0.6 -> -0.475 | F50: Nad. v. (m.n.m.) | G50: 201 | H50: II | I50: =-0.005*G$50+0.6 -> -0.405
C51: III | D51: =-0.006*B$50+5.3 -> 4.01 | H51: III | I51: =-0.006*G$50+5.3 -> 4.094
C52: IV | D52: =-0.007*B$50+11.1 -> 9.595 | H52: IV | I52: =-0.007*G$50+11.1 -> 9.693
C53: V | D53: =-0.007*B$50+16 -> 14.495 | H53: V | I53: =-0.007*G$50+16 -> 14.593
C54: VI | D54: =-0.0075*B$50+19.1 -> 17.4875 | H54: VI | I54: =-0.0075*G$50+19.1 -> 17.5925
C55: VII | D55: =-0.0075*B$50+20.7 -> 19.0875 | H55: VII | I55: =-0.0075*G$50+20.7 -> 19.1925
C56: VIII | D56: =-0.0075*B$50+20.1 -> 18.4875 | H56: VIII | I56: =-0.0075*G$50+20.1 -> 18.5925
C57: IX | D57: =-0.0065*B$50+15.7 -> 14.3025 | H57: IX | I57: =-0.0065*G$50+15.7 -> 14.3935
C58: X | D58: =-0.005*B$50+10.2 -> 9.125 | H58: X | I58: =-0.005*G$50+10.2 -> 9.195
C59: XI | D59: =-0.0045*B$50+4.7 -> 3.7325 | H59: XI | I59: =-0.0045*G$50+4.7 -> 3.7955
C60: XII | D60: =-0.0045*B$50+0.1 -> -0.8675 | H60: XII | I60: =-0.0045*G$50+0.1 -> -0.8045

Sheet Intenzita sln. žiarenia
A1: Intenzita slnečného žiarenia
A2: STN EN ISO 13790/NA: Tabuľka NA.8 – Priemerné mesačné sumy globálneho žiarenia na horizontálnu plochu (0°)
A3: vypočítané pre vybrané klimatologické stanice na Slovensku za obdobie 1951 – 1980 v kWh/m².
A5: Pri rozdiele nadmorskej výšky lokality umiestnenia budovy a nadmorskej výšky vybranej najbližšej stanice o viac ako 100 m sa uplatní vertikálny gradient poklesu globálneho žiarenia na vodorovnú plochu v teplom polroku (mesiace IV – IX) v % podľa tabuľky NA.9. | AM5: PRIDANÉ
A7: Horizontálna rovina | I7: Sklon 30° | W7: Sklon 60° | AM7: Sklon 90° | BC7: Sklon 45° (interpolácia)
A9: month | B9: days | C9: hours | D9: horizontal | J9: South | M9: North | P9: East | S9: West | Z9: South | AC9: North | AF9: East | AI9: West | AP9: South | AS9: North | AV9: East | AY9: West | BD9: South | BF9: North | BH9: East | BJ9: West
D10: W/m2 | E10: kWh/m2 | J10: kvoc | K10: W/m2 | L10: kWh/m2 | M10: kvoc | N10: W/m2 | O10: kWh/m2 | P10: kvoc | Q10: W/m2 | R10: kWh/m2 | S10: kvoc | T10: W/m2 | U10: kWh/m2 | Z10: kvoc | AA10: W/m2 | AB10: kWh/m2 | AC10: kvoc | AD10: W/m2 | AE10: kWh/m2 | AF10: kvoc | AG10: W/m2 | AH10: kWh/m2 | AI10: kvoc | AJ10: W/m2 | AK10: kWh/m2 | AP10: kvoc | AQ10: W/m2 | AR10: kWh/m2 | AS10: kvoc | AT10: W/m2 | AU10: kWh/m2 | AV10: kvoc | AW10: W/m2 | AX10: kWh/m2 | AY10: kvoc | AZ10: W/m2 | BA10: kWh/m2 | BD10: W/m2 | BE10: kWh/m2 | BF10: W/m2 | BG10: kWh/m2 | BH10: W/m2 | BI10: kWh/m2 | BJ10: W/m2 | BK10: kWh/m2
A11: I | B11: 31 | C11: =B11*24 -> 744 | D11: =E11*1000/C11 -> 34.946237 | E11: 26 | J11: 1.62 | K11: =J11*$D11 -> 56.612903 | L11: =$E11*J11 -> 42.12 | M11: 0.5 | N11: =M11*$D11 -> 17.473118 | O11: =$E11*M11 -> 13 | P11: 1 | Q11: =P11*$D11 -> 34.946237 | R11: =$E11*P11 -> 26 | S11: 1 | T11: =S11*$D11 -> 34.946237 | U11: =$E11*S11 -> 26 | Z11: 1.96 | AA11: =Z11*$D11 -> 68.494624 | AB11: =$E11*Z11 -> 50.96 | AC11: 0.49 | AD11: =AC11*$D11 -> 17.123656 | AE11: =$E11*AC11 -> 12.74 | AF11: 0.95 | AG11: =AF11*$D11 -> 33.198925 | AH11: =$E11*AF11 -> 24.7 | AI11: 0.95 | AJ11: =AI11*$D11 -> 33.198925 | AK11: =$E11*AI11 -> 24.7 | AP11: 1.94 | AQ11: =AP11*$D11 -> 67.795699 | AR11: =$E11*AP11 -> 50.44 | AS11: 0.53 | AT11: =AS11*$D11 -> 18.521505 | AU11: =$E11*AS11 -> 13.78 | AV11: 0.85 | AW11: =AV11*$D11 -> 29.704301 | AX11: =$E11*AV11 -> 22.1 | AY11: 0.85 | AZ11: =AY11*$D11 -> 29.704301 | BA11: =$E11*AY11 -> 22.1 | BD11: =(K11+AQ11)/2 -> 62.204301 | BE11: =(L11+AR11)/2 -> 46.28 | BF11: =(N11+AT11)/2 -> 17.997312 | BG11: =(O11+AU11)/2 -> 13.39 | BH11: =(Q11+AW11)/2 -> 32.325269 | BI11: =(R11+AX11)/2 -> 24.05 | BJ11: =(T11+AZ11)/2 -> 32.325269 | BK11: =(U11+BA11)/2 -> 24.05
A12: II | B12: 28 | C12: =B12*24 -> 672 | D12: =E12*1000/C12 -> 72.916667 | E12: 49 | J12: 1.46 | K12: =J12*$D12 -> 106.45833 | L12: =$E12*J12 -> 71.54 | M12: 0.43 | N12: =M12*$D12 -> 31.354167 | O12: =$E12*M12 -> 21.07 | P12: 0.99 | Q12: =P12*$D12 -> 72.1875 | R12: =$E12*P12 -> 48.51 | S12: 0.99 | T12: =S12*$D12 -> 72.1875 | U12: =$E12*S12 -> 48.51 | Z12: 1.65 | AA12: =Z12*$D12 -> 120.3125 | AB12: =$E12*Z12 -> 80.85 | AC12: 0.41 | AD12: =AC12*$D12 -> 29.895833 | AE12: =$E12*AC12 -> 20.09 | AF12: 0.91 | AG12: =AF12*$D12 -> 66.354167 | AH12: =$E12*AF12 -> 44.59 | AI12: 0.91 | AJ12: =AI12*$D12 -> 66.354167 | AK12: =$E12*AI12 -> 44.59 | AP12: 1.53 | AQ12: =AP12*$D12 -> 111.5625 | AR12: =$E12*AP12 -> 74.97 | AS12: 0.44 | AT12: =AS12*$D12 -> 32.083333 | AU12: =$E12*AS12 -> 21.56 | AV12: 0.78 | AW12: =AV12*$D12 -> 56.875 | AX12: =$E12*AV12 -> 38.22 | AY12: 0.78 | AZ12: =AY12*$D12 -> 56.875 | BA12: =$E12*AY12 -> 38.22 | BD12: =(K12+AQ12)/2 -> 109.01042 | BE12: =(L12+AR12)/2 -> 73.255 | BF12: =(N12+AT12)/2 -> 31.71875 | BG12: =(O12+AU12)/2 -> 21.315 | BH12: =(Q12+AW12)/2 -> 64.53125 | BI12: =(R12+AX12)/2 -> 43.365 | BJ12: =(T12+AZ12)/2 -> 64.53125 | BK12: =(U12+BA12)/2 -> 43.365
A13: III | B13: 31 | C13: =B13*24 -> 744 | D13: =E13*1000/C13 -> 118.27957 | E13: 88 | J13: 1.26 | K13: =J13*$D13 -> 149.03226 | L13: =$E13*J13 -> 110.88 | M13: 0.51 | N13: =M13*$D13 -> 60.322581 | O13: =$E13*M13 -> 44.88 | P13: 0.96 | Q13: =P13*$D13 -> 113.54839 | R13: =$E13*P13 -> 84.48 | S13: 0.96 | T13: =S13*$D13 -> 113.54839 | U13: =$E13*S13 -> 84.48 | Z13: 1.28 | AA13: =Z13*$D13 -> 151.39785 | AB13: =$E13*Z13 -> 112.64 | AC13: 0.33 | AD13: =AC13*$D13 -> 39.032258 | AE13: =$E13*AC13 -> 29.04 | AF13: 0.84 | AG13: =AF13*$D13 -> 99.354839 | AH13: =$E13*AF13 -> 73.92 | AI13: 0.84 | AJ13: =AI13*$D13 -> 99.354839 | AK13: =$E13*AI13 -> 73.92 | AP13: 1.05 | AQ13: =AP13*$D13 -> 124.19355 | AR13: =$E13*AP13 -> 92.4 | AS13: 0.32 | AT13: =AS13*$D13 -> 37.849462 | AU13: =$E13*AS13 -> 28.16 | AV13: 0.67 | AW13: =AV13*$D13 -> 79.247312 | AX13: =$E13*AV13 -> 58.96 | AY13: 0.67 | AZ13: =AY13*$D13 -> 79.247312 | BA13: =$E13*AY13 -> 58.96 | BD13: =(K13+AQ13)/2 -> 136.6129 | BE13: =(L13+AR13)/2 -> 101.64 | BF13: =(N13+AT13)/2 -> 49.086022 | BG13: =(O13+AU13)/2 -> 36.52 | BH13: =(Q13+AW13)/2 -> 96.397849 | BI13: =(R13+AX13)/2 -> 71.72 | BJ13: =(T13+AZ13)/2 -> 96.397849 | BK13: =(U13+BA13)/2 -> 71.72
A14: IV | B14: 30 | C14: =B14*24 -> 720 | D14: =E14*1000/C14 -> 186.11111 | E14: 134 | I14: Nitra | J14: 1.1 | K14: =J14*$D14 -> 204.72222 | L14: =$E14*J14 -> 147.4 | M14: 0.68 | N14: =M14*$D14 -> 126.55556 | O14: =$E14*M14 -> 91.12 | P14: 0.94 | Q14: =P14*$D14 -> 174.94444 | R14: =$E14*P14 -> 125.96 | S14: 0.94 | T14: =S14*$D14 -> 174.94444 | U14: =$E14*S14 -> 125.96 | W14: Nitra | Z14: 0.99 | AA14: =Z14*$D14 -> 184.25 | AB14: =$E14*Z14 -> 132.66 | AC14: 0.33 | AD14: =AC14*$D14 -> 61.416667 | AE14: =$E14*AC14 -> 44.22 | AF14: 0.8 | AG14: =AF14*$D14 -> 148.88889 | AH14: =$E14*AF14 -> 107.2 | AI14: 0.8 | AJ14: =AI14*$D14 -> 148.88889 | AK14: =$E14*AI14 -> 107.2 | AM14: Nitra | AP14: 0.71 | AQ14: =AP14*$D14 -> 132.13889 | AR14: =$E14*AP14 -> 95.14 | AS14: 0.28 | AT14: =AS14*$D14 -> 52.111111 | AU14: =$E14*AS14 -> 37.52 | AV14: 0.59 | AW14: =AV14*$D14 -> 109.80556 | AX14: =$E14*AV14 -> 79.06 | AY14: 0.59 | AZ14: =AY14*$D14 -> 109.80556 | BA14: =$E14*AY14 -> 79.06 | BC14: Nitra | BD14: =(K14+AQ14)/2 -> 168.43056 | BE14: =(L14+AR14)/2 -> 121.27 | BF14: =(N14+AT14)/2 -> 89.333333 | BG14: =(O14+AU14)/2 -> 64.32 | BH14: =(Q14+AW14)/2 -> 142.375 | BI14: =(R14+AX14)/2 -> 102.51 | BJ14: =(T14+AZ14)/2 -> 142.375 | BK14: =(U14+BA14)/2 -> 102.51
A15: V | B15: 31 | C15: =B15*24 -> 744 | D15: =E15*1000/C15 -> 223.11828 | E15: 166 | I15: oblast 1 | J15: 1.01 | K15: =J15*$D15 -> 225.34946 | L15: =$E15*J15 -> 167.66 | M15: 0.79 | N15: =M15*$D15 -> 176.26344 | O15: =$E15*M15 -> 131.14 | P15: 0.94 | Q15: =P15*$D15 -> 209.73118 | R15: =$E15*P15 -> 156.04 | S15: 0.94 | T15: =S15*$D15 -> 209.73118 | U15: =$E15*S15 -> 156.04 | W15: oblast 1 | Z15: 0.84 | AA15: =Z15*$D15 -> 187.41935 | AB15: =$E15*Z15 -> 139.44 | AC15: 0.39 | AD15: =AC15*$D15 -> 87.016129 | AE15: =$E15*AC15 -> 64.74 | AF15: 0.79 | AG15: =AF15*$D15 -> 176.26344 | AH15: =$E15*AF15 -> 131.14 | AI15: 0.79 | AJ15: =AI15*$D15 -> 176.26344 | AK15: =$E15*AI15 -> 131.14 | AM15: oblast 1 | AP15: 0.55 | AQ15: =AP15*$D15 -> 122.71505 | AR15: =$E15*AP15 -> 91.3 | AS15: 0.3 | AT15: =AS15*$D15 -> 66.935484 | AU15: =$E15*AS15 -> 49.8 | AV15: 0.57 | AW15: =AV15*$D15 -> 127.17742 | AX15: =$E15*AV15 -> 94.62 | AY15: 0.57 | AZ15: =AY15*$D15 -> 127.17742 | BA15: =$E15*AY15 -> 94.62 | BC15: oblast 1 | BD15: =(K15+AQ15)/2 -> 174.03226 | BE15: =(L15+AR15)/2 -> 129.48 | BF15: =(N15+AT15)/2 -> 121.59946 | BG15: =(O15+AU15)/2 -> 90.47 | BH15: =(Q15+AW15)/2 -> 168.4543 | BI15: =(R15+AX15)/2 -> 125.33 | BJ15: =(T15+AZ15)/2 -> 168.4543 | BK15: =(U15+BA15)/2 -> 125.33
A16: VI | B16: 30 | C16: =B16*24 -> 720 | D16: =E16*1000/C16 -> 247.22222 | E16: 178 | J16: 0.97 | K16: =J16*$D16 -> 239.80556 | L16: =$E16*J16 -> 172.66 | M16: 0.82 | N16: =M16*$D16 -> 202.72222 | O16: =$E16*M16 -> 145.96 | P16: 0.93 | Q16: =P16*$D16 -> 229.91667 | R16: =$E16*P16 -> 165.54 | S16: 0.93 | T16: =S16*$D16 -> 229.91667 | U16: =$E16*S16 -> 165.54 | Z16: 0.78 | AA16: =Z16*$D16 -> 192.83333 | AB16: =$E16*Z16 -> 138.84 | AC16: 0.45 | AD16: =AC16*$D16 -> 111.25 | AE16: =$E16*AC16 -> 80.1 | AF16: 0.78 | AG16: =AF16*$D16 -> 192.83333 | AH16: =$E16*AF16 -> 138.84 | AI16: 0.78 | AJ16: =AI16*$D16 -> 192.83333 | AK16: =$E16*AI16 -> 138.84 | AP16: 0.49 | AQ16: =AP16*$D16 -> 121.13889 | AR16: =$E16*AP16 -> 87.22 | AS16: 0.31 | AT16: =AS16*$D16 -> 76.638889 | AU16: =$E16*AS16 -> 55.18 | AV16: 0.55 | AW16: =AV16*$D16 -> 135.97222 | AX16: =$E16*AV16 -> 97.9 | AY16: 0.55 | AZ16: =AY16*$D16 -> 135.97222 | BA16: =$E16*AY16 -> 97.9 | BD16: =(K16+AQ16)/2 -> 180.47222 | BE16: =(L16+AR16)/2 -> 129.94 | BF16: =(N16+AT16)/2 -> 139.68056 | BG16: =(O16+AU16)/2 -> 100.57 | BH16: =(Q16+AW16)/2 -> 182.94444 | BI16: =(R16+AX16)/2 -> 131.72 | BJ16: =(T16+AZ16)/2 -> 182.94444 | BK16: =(U16+BA16)/2 -> 131.72
A17: VII | B17: 31 | C17: =B17*24 -> 744 | D17: =E17*1000/C17 -> 229.83871 | E17: 171 | J17: 0.98 | K17: =J17*$D17 -> 225.24194 | L17: =$E17*J17 -> 167.58 | M17: 0.81 | N17: =M17*$D17 -> 186.16935 | O17: =$E17*M17 -> 138.51 | P17: 0.93 | Q17: =P17*$D17 -> 213.75 | R17: =$E17*P17 -> 159.03 | S17: 0.93 | T17: =S17*$D17 -> 213.75 | U17: =$E17*S17 -> 159.03 | Z17: 0.81 | AA17: =Z17*$D17 -> 186.16935 | AB17: =$E17*Z17 -> 138.51 | AC17: 0.42 | AD17: =AC17*$D17 -> 96.532258 | AE17: =$E17*AC17 -> 71.82 | AF17: 0.78 | AG17: =AF17*$D17 -> 179.27419 | AH17: =$E17*AF17 -> 133.38 | AI17: 0.78 | AJ17: =AI17*$D17 -> 179.27419 | AK17: =$E17*AI17 -> 133.38 | AP17: 0.51 | AQ17: =AP17*$D17 -> 117.21774 | AR17: =$E17*AP17 -> 87.21 | AS17: 0.3 | AT17: =AS17*$D17 -> 68.951613 | AU17: =$E17*AS17 -> 51.3 | AV17: 0.55 | AW17: =AV17*$D17 -> 126.41129 | AX17: =$E17*AV17 -> 94.05 | AY17: 0.55 | AZ17: =AY17*$D17 -> 126.41129 | BA17: =$E17*AY17 -> 94.05 | BD17: =(K17+AQ17)/2 -> 171.22984 | BE17: =(L17+AR17)/2 -> 127.395 | BF17: =(N17+AT17)/2 -> 127.56048 | BG17: =(O17+AU17)/2 -> 94.905 | BH17: =(Q17+AW17)/2 -> 170.08065 | BI17: =(R17+AX17)/2 -> 126.54 | BJ17: =(T17+AZ17)/2 -> 170.08065 | BK17: =(U17+BA17)/2 -> 126.54
A18: VIII | B18: 31 | C18: =B18*24 -> 744 | D18: =E18*1000/C18 -> 197.58065 | E18: 147 | J18: 1.05 | K18: =J18*$D18 -> 207.45968 | L18: =$E18*J18 -> 154.35 | M18: 0.73 | N18: =M18*$D18 -> 144.23387 | O18: =$E18*M18 -> 107.31 | P18: 0.93 | Q18: =P18*$D18 -> 183.75 | R18: =$E18*P18 -> 136.71 | S18: 0.93 | T18: =S18*$D18 -> 183.75 | U18: =$E18*S18 -> 136.71 | Z18: 0.91 | AA18: =Z18*$D18 -> 179.79839 | AB18: =$E18*Z18 -> 133.77 | AC18: 0.34 | AD18: =AC18*$D18 -> 67.177419 | AE18: =$E18*AC18 -> 49.98 | AF18: 0.79 | AG18: =AF18*$D18 -> 156.08871 | AH18: =$E18*AF18 -> 116.13 | AI18: 0.79 | AJ18: =AI18*$D18 -> 156.08871 | AK18: =$E18*AI18 -> 116.13 | AP18: 0.62 | AQ18: =AP18*$D18 -> 122.5 | AR18: =$E18*AP18 -> 91.14 | AS18: 0.29 | AT18: =AS18*$D18 -> 57.298387 | AU18: =$E18*AS18 -> 42.63 | AV18: 0.58 | AW18: =AV18*$D18 -> 114.59677 | AX18: =$E18*AV18 -> 85.26 | AY18: 0.58 | AZ18: =AY18*$D18 -> 114.59677 | BA18: =$E18*AY18 -> 85.26 | BD18: =(K18+AQ18)/2 -> 164.97984 | BE18: =(L18+AR18)/2 -> 122.745 | BF18: =(N18+AT18)/2 -> 100.76613 | BG18: =(O18+AU18)/2 -> 74.97 | BH18: =(Q18+AW18)/2 -> 149.17339 | BI18: =(R18+AX18)/2 -> 110.985 | BJ18: =(T18+AZ18)/2 -> 149.17339 | BK18: =(U18+BA18)/2 -> 110.985
A19: IX | B19: 30 | C19: =B19*24 -> 720 | D19: =E19*1000/C19 -> 154.16667 | E19: 111 | J19: 1.18 | K19: =J19*$D19 -> 181.91667 | L19: =$E19*J19 -> 130.98 | M19: 0.58 | N19: =M19*$D19 -> 89.416667 | O19: =$E19*M19 -> 64.38 | P19: 0.95 | Q19: =P19*$D19 -> 146.45833 | R19: =$E19*P19 -> 105.45 | S19: 0.95 | T19: =S19*$D19 -> 146.45833 | U19: =$E19*S19 -> 105.45 | Z19: 1.12 | AA19: =Z19*$D19 -> 172.66667 | AB19: =$E19*Z19 -> 124.32 | AC19: 0.3 | AD19: =AC19*$D19 -> 46.25 | AE19: =$E19*AC19 -> 33.3 | AF19: 0.81 | AG19: =AF19*$D19 -> 124.875 | AH19: =$E19*AF19 -> 89.91 | AI19: 0.81 | AJ19: =AI19*$D19 -> 124.875 | AK19: =$E19*AI19 -> 89.91 | AP19: 0.85 | AQ19: =AP19*$D19 -> 131.04167 | AR19: =$E19*AP19 -> 94.35 | AS19: 0.27 | AT19: =AS19*$D19 -> 41.625 | AU19: =$E19*AS19 -> 29.97 | AV19: 0.6 | AW19: =AV19*$D19 -> 92.5 | AX19: =$E19*AV19 -> 66.6 | AY19: 0.6 | AZ19: =AY19*$D19 -> 92.5 | BA19: =$E19*AY19 -> 66.6 | BD19: =(K19+AQ19)/2 -> 156.47917 | BE19: =(L19+AR19)/2 -> 112.665 | BF19: =(N19+AT19)/2 -> 65.520833 | BG19: =(O19+AU19)/2 -> 47.175 | BH19: =(Q19+AW19)/2 -> 119.47917 | BI19: =(R19+AX19)/2 -> 86.025 | BJ19: =(T19+AZ19)/2 -> 119.47917 | BK19: =(U19+BA19)/2 -> 86.025
A20: X | B20: 31 | C20: =B20*24 -> 744 | D20: =E20*1000/C20 -> 86.021505 | E20: 64 | J20: 1.35 | K20: =J20*$D20 -> 116.12903 | L20: =$E20*J20 -> 86.4 | M20: 0.43 | N20: =M20*$D20 -> 36.989247 | O20: =$E20*M20 -> 27.52 | P20: 0.96 | Q20: =P20*$D20 -> 82.580645 | R20: =$E20*P20 -> 61.44 | S20: 0.96 | T20: =S20*$D20 -> 82.580645 | U20: =$E20*S20 -> 61.44 | Z20: 1.43 | AA20: =Z20*$D20 -> 123.01075 | AB20: =$E20*Z20 -> 91.52 | AC20: 0.33 | AD20: =AC20*$D20 -> 28.387097 | AE20: =$E20*AC20 -> 21.12 | AF20: 0.84 | AG20: =AF20*$D20 -> 72.258065 | AH20: =$E20*AF20 -> 53.76 | AI20: 0.84 | AJ20: =AI20*$D20 -> 72.258065 | AK20: =$E20*AI20 -> 53.76 | AP20: 1.22 | AQ20: =AP20*$D20 -> 104.94624 | AR20: =$E20*AP20 -> 78.08 | AS20: 0.29 | AT20: =AS20*$D20 -> 24.946237 | AU20: =$E20*AS20 -> 18.56 | AV20: 0.64 | AW20: =AV20*$D20 -> 55.053763 | AX20: =$E20*AV20 -> 40.96 | AY20: 0.64 | AZ20: =AY20*$D20 -> 55.053763 | BA20: =$E20*AY20 -> 40.96 | BD20: =(K20+AQ20)/2 -> 110.53763 | BE20: =(L20+AR20)/2 -> 82.24 | BF20: =(N20+AT20)/2 -> 30.967742 | BG20: =(O20+AU20)/2 -> 23.04 | BH20: =(Q20+AW20)/2 -> 68.817204 | BI20: =(R20+AX20)/2 -> 51.2 | BJ20: =(T20+AZ20)/2 -> 68.817204 | BK20: =(U20+BA20)/2 -> 51.2
A21: XI | B21: 30 | C21: =B21*24 -> 720 | D21: =E21*1000/C21 -> 41.666667 | E21: 30 | J21: 1.53 | K21: =J21*$D21 -> 63.75 | L21: =$E21*J21 -> 45.9 | M21: 0.45 | N21: =M21*$D21 -> 18.75 | O21: =$E21*M21 -> 13.5 | P21: 0.98 | Q21: =P21*$D21 -> 40.833333 | R21: =$E21*P21 -> 29.4 | S21: 0.98 | T21: =S21*$D21 -> 40.833333 | U21: =$E21*S21 -> 29.4 | Z21: 1.76 | AA21: =Z21*$D21 -> 73.333333 | AB21: =$E21*Z21 -> 52.8 | AC21: 0.39 | AD21: =AC21*$D21 -> 16.25 | AE21: =$E21*AC21 -> 11.7 | AF21: 0.85 | AG21: =AF21*$D21 -> 35.416667 | AH21: =$E21*AF21 -> 25.5 | AI21: 0.85 | AJ21: =AI21*$D21 -> 35.416667 | AK21: =$E21*AI21 -> 25.5 | AP21: 1.62 | AQ21: =AP21*$D21 -> 67.5 | AR21: =$E21*AP21 -> 48.6 | AS21: 0.35 | AT21: =AS21*$D21 -> 14.583333 | AU21: =$E21*AS21 -> 10.5 | AV21: 0.64 | AW21: =AV21*$D21 -> 26.666667 | AX21: =$E21*AV21 -> 19.2 | AY21: 0.64 | AZ21: =AY21*$D21 -> 26.666667 | BA21: =$E21*AY21 -> 19.2 | BD21: =(K21+AQ21)/2 -> 65.625 | BE21: =(L21+AR21)/2 -> 47.25 | BF21: =(N21+AT21)/2 -> 16.666667 | BG21: =(O21+AU21)/2 -> 12 | BH21: =(Q21+AW21)/2 -> 33.75 | BI21: =(R21+AX21)/2 -> 24.3 | BJ21: =(T21+AZ21)/2 -> 33.75 | BK21: =(U21+BA21)/2 -> 24.3
A22: XII | B22: 31 | C22: =B22*24 -> 744 | D22: =E22*1000/C22 -> 26.88172 | E22: 20 | J22: 1.81 | K22: =J22*$D22 -> 48.655914 | L22: =$E22*J22 -> 36.2 | M22: 0.45 | N22: =M22*$D22 -> 12.096774 | O22: =$E22*M22 -> 9 | P22: 1 | Q22: =P22*$D22 -> 26.88172 | R22: =$E22*P22 -> 20 | S22: 1 | T22: =S22*$D22 -> 26.88172 | U22: =$E22*S22 -> 20 | Z22: 2.23 | AA22: =Z22*$D22 -> 59.946237 | AB22: =$E22*Z22 -> 44.6 | AC22: 0.42 | AD22: =AC22*$D22 -> 11.290323 | AE22: =$E22*AC22 -> 8.4 | AF22: 0.9 | AG22: =AF22*$D22 -> 24.193548 | AH22: =$E22*AF22 -> 18 | AI22: 0.9 | AJ22: =AI22*$D22 -> 24.193548 | AK22: =$E22*AI22 -> 18 | AP22: 2.19 | AQ22: =AP22*$D22 -> 58.870968 | AR22: =$E22*AP22 -> 43.8 | AS22: 0.43 | AT22: =AS22*$D22 -> 11.55914 | AU22: =$E22*AS22 -> 8.6 | AV22: 0.75 | AW22: =AV22*$D22 -> 20.16129 | AX22: =$E22*AV22 -> 15 | AY22: 0.75 | AZ22: =AY22*$D22 -> 20.16129 | BA22: =$E22*AY22 -> 15 | BD22: =(K22+AQ22)/2 -> 53.763441 | BE22: =(L22+AR22)/2 -> 40 | BF22: =(N22+AT22)/2 -> 11.827957 | BG22: =(O22+AU22)/2 -> 8.8 | BH22: =(Q22+AW22)/2 -> 23.521505 | BI22: =(R22+AX22)/2 -> 17.5 | BJ22: =(T22+AZ22)/2 -> 23.521505 | BK22: =(U22+BA22)/2 -> 17.5
A24: month | B24: days | C24: hours | E24: horizontal | J24: South | M24: North | P24: East | S24: West | Z24: South | AC24: North | AF24: East | AI24: West | AP24: South | AS24: North | AV24: East | AY24: West | BD24: South | BF24: North | BH24: East | BJ24: West
D25: W/m2 | E25: kWh/m2 | J25: kvoc | K25: W/m2 | L25: kWh/m2 | M25: kvoc | N25: W/m2 | O25: kWh/m2 | P25: kvoc | Q25: W/m2 | R25: kWh/m2 | S25: kvoc | T25: W/m2 | U25: kWh/m2 | Z25: kvoc | AA25: W/m2 | AB25: kWh/m2 | AC25: kvoc | AD25: W/m2 | AE25: kWh/m2 | AF25: kvoc | AG25: W/m2 | AH25: kWh/m2 | AI25: kvoc | AJ25: W/m2 | AK25: kWh/m2 | AP25: kvoc | AQ25: W/m2 | AR25: kWh/m2 | AS25: kvoc | AT25: W/m2 | AU25: kWh/m2 | AV25: kvoc | AW25: W/m2 | AX25: kWh/m2 | AY25: kvoc | AZ25: W/m2 | BA25: kWh/m2 | BD25: W/m2 | BE25: kWh/m2 | BF25: W/m2 | BG25: kWh/m2 | BH25: W/m2 | BI25: kWh/m2 | BJ25: W/m2 | BK25: kWh/m2
A26: I | B26: 31 | C26: =B26*24 -> 744 | D26: =E26*1000/C26 -> 38.978495 | E26: 29 | J26: 1.61 | K26: =J26*D26 -> 62.755376 | L26: =$E26*J26 -> 46.69 | M26: 0.52 | N26: =M26*D26 -> 20.268817 | O26: =$E26*M26 -> 15.08 | P26: 1 | Q26: =P26*D26 -> 38.978495 | R26: =$E26*P26 -> 29 | S26: 1 | T26: =S26*D26 -> 38.978495 | U26: =$E26*S26 -> 29 | Z26: 1.94 | AA26: =Z26*$D26 -> 75.61828 | AB26: =$E26*Z26 -> 56.26 | AC26: 0.51 | AD26: =AC26*$D26 -> 19.879032 | AE26: =$E26*AC26 -> 14.79 | AF26: 0.95 | AG26: =AF26*$D26 -> 37.02957 | AH26: =$E26*AF26 -> 27.55 | AI26: 0.95 | AJ26: =AI26*$D26 -> 37.02957 | AK26: =$E26*AI26 -> 27.55 | AP26: 1.92 | AQ26: =AP26*$D26 -> 74.83871 | AR26: =$E26*AP26 -> 55.68 | AS26: 0.55 | AT26: =AS26*$D26 -> 21.438172 | AU26: =$E26*AS26 -> 15.95 | AV26: 0.85 | AW26: =AV26*$D26 -> 33.13172 | AX26: =$E26*AV26 -> 24.65 | AY26: 0.85 | AZ26: =AY26*$D26 -> 33.13172 | BA26: =$E26*AY26 -> 24.65 | BD26: =(K26+AQ26)/2 -> 68.797043 | BE26: =(L26+AR26)/2 -> 51.185 | BF26: =(N26+AT26)/2 -> 20.853495 | BG26: =(O26+AU26)/2 -> 15.515 | BH26: =(Q26+AW26)/2 -> 36.055108 | BI26: =(R26+AX26)/2 -> 26.825 | BJ26: =(T26+AZ26)/2 -> 36.055108 | BK26: =(U26+BA26)/2 -> 26.825
A27: II | B27: 28 | C27: =B27*24 -> 672 | D27: =E27*1000/C27 -> 77.380952 | E27: 52 | J27: 1.45 | K27: =J27*D27 -> 112.20238 | L27: =$E27*J27 -> 75.4 | M27: 0.45 | N27: =M27*D27 -> 34.821429 | O27: =$E27*M27 -> 23.4 | P27: 0.98 | Q27: =P27*D27 -> 75.833333 | R27: =$E27*P27 -> 50.96 | S27: 0.98 | T27: =S27*D27 -> 75.833333 | U27: =$E27*S27 -> 50.96 | Z27: 1.64 | AA27: =Z27*$D27 -> 126.90476 | AB27: =$E27*Z27 -> 85.28 | AC27: 0.44 | AD27: =AC27*$D27 -> 34.047619 | AE27: =$E27*AC27 -> 22.88 | AF27: 0.92 | AG27: =AF27*$D27 -> 71.190476 | AH27: =$E27*AF27 -> 47.84 | AI27: 0.92 | AJ27: =AI27*$D27 -> 71.190476 | AK27: =$E27*AI27 -> 47.84 | AP27: 1.54 | AQ27: =AP27*$D27 -> 119.16667 | AR27: =$E27*AP27 -> 80.08 | AS27: 0.47 | AT27: =AS27*$D27 -> 36.369048 | AU27: =$E27*AS27 -> 24.44 | AV27: 0.8 | AW27: =AV27*$D27 -> 61.904762 | AX27: =$E27*AV27 -> 41.6 | AY27: 0.8 | AZ27: =AY27*$D27 -> 61.904762 | BA27: =$E27*AY27 -> 41.6 | BD27: =(K27+AQ27)/2 -> 115.68452 | BE27: =(L27+AR27)/2 -> 77.74 | BF27: =(N27+AT27)/2 -> 35.595238 | BG27: =(O27+AU27)/2 -> 23.92 | BH27: =(Q27+AW27)/2 -> 68.869048 | BI27: =(R27+AX27)/2 -> 46.28 | BJ27: =(T27+AZ27)/2 -> 68.869048 | BK27: =(U27+BA27)/2 -> 46.28
A28: III | B28: 31 | C28: =B28*24 -> 744 | D28: =E28*1000/C28 -> 127.68817 | E28: 95 | J28: 1.25 | K28: =J28*D28 -> 159.61022 | L28: =$E28*J28 -> 118.75 | M28: 0.52 | N28: =M28*D28 -> 66.397849 | O28: =$E28*M28 -> 49.4 | P28: 0.96 | Q28: =P28*D28 -> 122.58065 | R28: =$E28*P28 -> 91.2 | S28: 0.96 | T28: =S28*D28 -> 122.58065 | U28: =$E28*S28 -> 91.2 | Z28: 1.28 | AA28: =Z28*$D28 -> 163.44086 | AB28: =$E28*Z28 -> 121.6 | AC28: 0.35 | AD28: =AC28*$D28 -> 44.69086 | AE28: =$E28*AC28 -> 33.25 | AF28: 0.85 | AG28: =AF28*$D28 -> 108.53495 | AH28: =$E28*AF28 -> 80.75 | AI28: 0.85 | AJ28: =AI28*$D28 -> 108.53495 | AK28: =$E28*AI28 -> 80.75 | AP28: 1.06 | AQ28: =AP28*$D28 -> 135.34946 | AR28: =$E28*AP28 -> 100.7 | AS28: 0.34 | AT28: =AS28*$D28 -> 43.413978 | AU28: =$E28*AS28 -> 32.3 | AV28: 0.67 | AW28: =AV28*$D28 -> 85.551075 | AX28: =$E28*AV28 -> 63.65 | AY28: 0.67 | AZ28: =AY28*$D28 -> 85.551075 | BA28: =$E28*AY28 -> 63.65 | BD28: =(K28+AQ28)/2 -> 147.47984 | BE28: =(L28+AR28)/2 -> 109.725 | BF28: =(N28+AT28)/2 -> 54.905914 | BG28: =(O28+AU28)/2 -> 40.85 | BH28: =(Q28+AW28)/2 -> 104.06586 | BI28: =(R28+AX28)/2 -> 77.425 | BJ28: =(T28+AZ28)/2 -> 104.06586 | BK28: =(U28+BA28)/2 -> 77.425
A29: IV | B29: 30 | C29: =B29*24 -> 720 | D29: =E29*1000/C29 -> 191.66667 | E29: 138 | J29: 1.09 | K29: =J29*D29 -> 208.91667 | L29: =$E29*J29 -> 150.42 | M29: 0.68 | N29: =M29*D29 -> 130.33333 | O29: =$E29*M29 -> 93.84 | P29: 0.94 | Q29: =P29*D29 -> 180.16667 | R29: =$E29*P29 -> 129.72 | S29: 0.94 | T29: =S29*D29 -> 180.16667 | U29: =$E29*S29 -> 129.72 | Z29: 0.99 | AA29: =Z29*$D29 -> 189.75 | AB29: =$E29*Z29 -> 136.62 | AC29: 0.34 | AD29: =AC29*$D29 -> 65.166667 | AE29: =$E29*AC29 -> 46.92 | AF29: 0.81 | AG29: =AF29*$D29 -> 155.25 | AH29: =$E29*AF29 -> 111.78 | AI29: 0.81 | AJ29: =AI29*$D29 -> 155.25 | AK29: =$E29*AI29 -> 111.78 | AP29: 0.72 | AQ29: =AP29*$D29 -> 138 | AR29: =$E29*AP29 -> 99.36 | AS29: 0.3 | AT29: =AS29*$D29 -> 57.5 | AU29: =$E29*AS29 -> 41.4 | AV29: 0.59 | AW29: =AV29*$D29 -> 113.08333 | AX29: =$E29*AV29 -> 81.42 | AY29: 0.59 | AZ29: =AY29*$D29 -> 113.08333 | BA29: =$E29*AY29 -> 81.42 | BC29: Senica | BD29: =(K29+AQ29)/2 -> 173.45833 | BE29: =(L29+AR29)/2 -> 124.89 | BF29: =(N29+AT29)/2 -> 93.916667 | BG29: =(O29+AU29)/2 -> 67.62 | BH29: =(Q29+AW29)/2 -> 146.625 | BI29: =(R29+AX29)/2 -> 105.57 | BJ29: =(T29+AZ29)/2 -> 146.625 | BK29: =(U29+BA29)/2 -> 105.57
A30: V | B30: 31 | C30: =B30*24 -> 744 | D30: =E30*1000/C30 -> 231.1828 | E30: 172 | I30: Senica | J30: 1.01 | K30: =J30*D30 -> 233.49462 | L30: =$E30*J30 -> 173.72 | M30: 0.79 | N30: =M30*D30 -> 182.63441 | O30: =$E30*M30 -> 135.88 | P30: 0.94 | Q30: =P30*D30 -> 217.31183 | R30: =$E30*P30 -> 161.68 | S30: 0.94 | T30: =S30*D30 -> 217.31183 | U30: =$E30*S30 -> 161.68 | W30: Senica | Z30: 0.84 | AA30: =Z30*$D30 -> 194.19355 | AB30: =$E30*Z30 -> 144.48 | AC30: 0.4 | AD30: =AC30*$D30 -> 92.473118 | AE30: =$E30*AC30 -> 68.8 | AF30: 0.79 | AG30: =AF30*$D30 -> 182.63441 | AH30: =$E30*AF30 -> 135.88 | AI30: 0.79 | AJ30: =AI30*$D30 -> 182.63441 | AK30: =$E30*AI30 -> 135.88 | AM30: Senica | AP30: 0.55 | AQ30: =AP30*$D30 -> 127.15054 | AR30: =$E30*AP30 -> 94.6 | AS30: 0.3 | AT30: =AS30*$D30 -> 69.354839 | AU30: =$E30*AS30 -> 51.6 | AV30: 0.56 | AW30: =AV30*$D30 -> 129.46237 | AX30: =$E30*AV30 -> 96.32 | AY30: 0.56 | AZ30: =AY30*$D30 -> 129.46237 | BA30: =$E30*AY30 -> 96.32 | BC30: oblast 2 | BD30: =(K30+AQ30)/2 -> 180.32258 | BE30: =(L30+AR30)/2 -> 134.16 | BF30: =(N30+AT30)/2 -> 125.99462 | BG30: =(O30+AU30)/2 -> 93.74 | BH30: =(Q30+AW30)/2 -> 173.3871 | BI30: =(R30+AX30)/2 -> 129 | BJ30: =(T30+AZ30)/2 -> 173.3871 | BK30: =(U30+BA30)/2 -> 129
A31: VI | B31: 30 | C31: =B31*24 -> 720 | D31: =E31*1000/C31 -> 250 | E31: 180 | I31: oblast 2 | J31: 0.97 | K31: =J31*D31 -> 242.5 | L31: =$E31*J31 -> 174.6 | M31: 0.82 | N31: =M31*D31 -> 205 | O31: =$E31*M31 -> 147.6 | P31: 0.93 | Q31: =P31*D31 -> 232.5 | R31: =$E31*P31 -> 167.4 | S31: 0.93 | T31: =S31*D31 -> 232.5 | U31: =$E31*S31 -> 167.4 | W31: oblast 2 | Z31: 0.78 | AA31: =Z31*$D31 -> 195 | AB31: =$E31*Z31 -> 140.4 | AC31: 0.45 | AD31: =AC31*$D31 -> 112.5 | AE31: =$E31*AC31 -> 81 | AF31: 0.78 | AG31: =AF31*$D31 -> 195 | AH31: =$E31*AF31 -> 140.4 | AI31: 0.78 | AJ31: =AI31*$D31 -> 195 | AK31: =$E31*AI31 -> 140.4 | AM31: oblast 2 | AP31: 0.5 | AQ31: =AP31*$D31 -> 125 | AR31: =$E31*AP31 -> 90 | AS31: 0.32 | AT31: =AS31*$D31 -> 80 | AU31: =$E31*AS31 -> 57.6 | AV31: 0.55 | AW31: =AV31*$D31 -> 137.5 | AX31: =$E31*AV31 -> 99 | AY31: 0.55 | AZ31: =AY31*$D31 -> 137.5 | BA31: =$E31*AY31 -> 99 | BD31: =(K31+AQ31)/2 -> 183.75 | BE31: =(L31+AR31)/2 -> 132.3 | BF31: =(N31+AT31)/2 -> 142.5 | BG31: =(O31+AU31)/2 -> 102.6 | BH31: =(Q31+AW31)/2 -> 185 | BI31: =(R31+AX31)/2 -> 133.2 | BJ31: =(T31+AZ31)/2 -> 185 | BK31: =(U31+BA31)/2 -> 133.2
A32: VII | B32: 31 | C32: =B32*24 -> 744 | D32: =E32*1000/C32 -> 240.5914 | E32: 179 | J32: 0.98 | K32: =J32*D32 -> 235.77957 | L32: =$E32*J32 -> 175.42 | M32: 0.81 | N32: =M32*D32 -> 194.87903 | O32: =$E32*M32 -> 144.99 | P32: 0.93 | Q32: =P32*D32 -> 223.75 | R32: =$E32*P32 -> 166.47 | S32: 0.93 | T32: =S32*D32 -> 223.75 | U32: =$E32*S32 -> 166.47 | Z32: 0.81 | AA32: =Z32*$D32 -> 194.87903 | AB32: =$E32*Z32 -> 144.99 | AC32: 0.42 | AD32: =AC32*$D32 -> 101.04839 | AE32: =$E32*AC32 -> 75.18 | AF32: 0.78 | AG32: =AF32*$D32 -> 187.66129 | AH32: =$E32*AF32 -> 139.62 | AI32: 0.78 | AJ32: =AI32*$D32 -> 187.66129 | AK32: =$E32*AI32 -> 139.62 | AP32: 0.52 | AQ32: =AP32*$D32 -> 125.10753 | AR32: =$E32*AP32 -> 93.08 | AS32: 0.31 | AT32: =AS32*$D32 -> 74.583333 | AU32: =$E32*AS32 -> 55.49 | AV32: 0.55 | AW32: =AV32*$D32 -> 132.32527 | AX32: =$E32*AV32 -> 98.45 | AY32: 0.55 | AZ32: =AY32*$D32 -> 132.32527 | BA32: =$E32*AY32 -> 98.45 | BD32: =(K32+AQ32)/2 -> 180.44355 | BE32: =(L32+AR32)/2 -> 134.25 | BF32: =(N32+AT32)/2 -> 134.73118 | BG32: =(O32+AU32)/2 -> 100.24 | BH32: =(Q32+AW32)/2 -> 178.03763 | BI32: =(R32+AX32)/2 -> 132.46 | BJ32: =(T32+AZ32)/2 -> 178.03763 | BK32: =(U32+BA32)/2 -> 132.46
A33: VIII | B33: 31 | C33: =B33*24 -> 744 | D33: =E33*1000/C33 -> 208.33333 | E33: 155 | J33: 1.04 | K33: =J33*D33 -> 216.66667 | L33: =$E33*J33 -> 161.2 | M33: 0.73 | N33: =M33*D33 -> 152.08333 | O33: =$E33*M33 -> 113.15 | P33: 0.94 | Q33: =P33*D33 -> 195.83333 | R33: =$E33*P33 -> 145.7 | S33: 0.94 | T33: =S33*D33 -> 195.83333 | U33: =$E33*S33 -> 145.7 | Z33: 0.91 | AA33: =Z33*$D33 -> 189.58333 | AB33: =$E33*Z33 -> 141.05 | AC33: 0.35 | AD33: =AC33*$D33 -> 72.916667 | AE33: =$E33*AC33 -> 54.25 | AF33: 0.79 | AG33: =AF33*$D33 -> 164.58333 | AH33: =$E33*AF33 -> 122.45 | AI33: 0.79 | AJ33: =AI33*$D33 -> 164.58333 | AK33: =$E33*AI33 -> 122.45 | AP33: 0.62 | AQ33: =AP33*$D33 -> 129.16667 | AR33: =$E33*AP33 -> 96.1 | AS33: 0.3 | AT33: =AS33*$D33 -> 62.5 | AU33: =$E33*AS33 -> 46.5 | AV33: 0.57 | AW33: =AV33*$D33 -> 118.75 | AX33: =$E33*AV33 -> 88.35 | AY33: 0.57 | AZ33: =AY33*$D33 -> 118.75 | BA33: =$E33*AY33 -> 88.35 | BD33: =(K33+AQ33)/2 -> 172.91667 | BE33: =(L33+AR33)/2 -> 128.65 | BF33: =(N33+AT33)/2 -> 107.29167 | BG33: =(O33+AU33)/2 -> 79.825 | BH33: =(Q33+AW33)/2 -> 157.29167 | BI33: =(R33+AX33)/2 -> 117.025 | BJ33: =(T33+AZ33)/2 -> 157.29167 | BK33: =(U33+BA33)/2 -> 117.025
A34: IX | B34: 30 | C34: =B34*24 -> 720 | D34: =E34*1000/C34 -> 166.66667 | E34: 120 | J34: 1.17 | K34: =J34*D34 -> 195 | L34: =$E34*J34 -> 140.4 | M34: 0.59 | N34: =M34*D34 -> 98.333333 | O34: =$E34*M34 -> 70.8 | P34: 0.95 | Q34: =P34*D34 -> 158.33333 | R34: =$E34*P34 -> 114 | S34: 0.95 | T34: =S34*D34 -> 158.33333 | U34: =$E34*S34 -> 114 | Z34: 1.11 | AA34: =Z34*$D34 -> 185 | AB34: =$E34*Z34 -> 133.2 | AC34: 0.31 | AD34: =AC34*$D34 -> 51.666667 | AE34: =$E34*AC34 -> 37.2 | AF34: 0.81 | AG34: =AF34*$D34 -> 135 | AH34: =$E34*AF34 -> 97.2 | AI34: 0.81 | AJ34: =AI34*$D34 -> 135 | AK34: =$E34*AI34 -> 97.2 | AP34: 0.85 | AQ34: =AP34*$D34 -> 141.66667 | AR34: =$E34*AP34 -> 102 | AS34: 0.28 | AT34: =AS34*$D34 -> 46.666667 | AU34: =$E34*AS34 -> 33.6 | AV34: 0.6 | AW34: =AV34*$D34 -> 100 | AX34: =$E34*AV34 -> 72 | AY34: 0.6 | AZ34: =AY34*$D34 -> 100 | BA34: =$E34*AY34 -> 72 | BD34: =(K34+AQ34)/2 -> 168.33333 | BE34: =(L34+AR34)/2 -> 121.2 | BF34: =(N34+AT34)/2 -> 72.5 | BG34: =(O34+AU34)/2 -> 52.2 | BH34: =(Q34+AW34)/2 -> 129.16667 | BI34: =(R34+AX34)/2 -> 93 | BJ34: =(T34+AZ34)/2 -> 129.16667 | BK34: =(U34+BA34)/2 -> 93
A35: X | B35: 31 | C35: =B35*24 -> 744 | D35: =E35*1000/C35 -> 98.11828 | E35: 73 | J35: 1.33 | K35: =J35*D35 -> 130.49731 | L35: =$E35*J35 -> 97.09 | M35: 0.45 | N35: =M35*D35 -> 44.153226 | O35: =$E35*M35 -> 32.85 | P35: 0.96 | Q35: =P35*D35 -> 94.193548 | R35: =$E35*P35 -> 70.08 | S35: 0.96 | T35: =S35*D35 -> 94.193548 | U35: =$E35*S35 -> 70.08 | Z35: 1.4 | AA35: =Z35*$D35 -> 137.36559 | AB35: =$E35*Z35 -> 102.2 | AC35: 0.34 | AD35: =AC35*$D35 -> 33.360215 | AE35: =$E35*AC35 -> 24.82 | AF35: 0.84 | AG35: =AF35*$D35 -> 82.419355 | AH35: =$E35*AF35 -> 61.32 | AI35: 0.84 | AJ35: =AI35*$D35 -> 82.419355 | AK35: =$E35*AI35 -> 61.32 | AP35: 1.19 | AQ35: =AP35*$D35 -> 116.76075 | AR35: =$E35*AP35 -> 86.87 | AS35: 0.3 | AT35: =AS35*$D35 -> 29.435484 | AU35: =$E35*AS35 -> 21.9 | AV35: 0.63 | AW35: =AV35*$D35 -> 61.814516 | AX35: =$E35*AV35 -> 45.99 | AY35: 0.63 | AZ35: =AY35*$D35 -> 61.814516 | BA35: =$E35*AY35 -> 45.99 | BD35: =(K35+AQ35)/2 -> 123.62903 | BE35: =(L35+AR35)/2 -> 91.98 | BF35: =(N35+AT35)/2 -> 36.794355 | BG35: =(O35+AU35)/2 -> 27.375 | BH35: =(Q35+AW35)/2 -> 78.004032 | BI35: =(R35+AX35)/2 -> 58.035 | BJ35: =(T35+AZ35)/2 -> 78.004032 | BK35: =(U35+BA35)/2 -> 58.035
A36: XI | B36: 30 | C36: =B36*24 -> 720 | D36: =E36*1000/C36 -> 47.222222 | E36: 34 | J36: 1.52 | K36: =J36*D36 -> 71.777778 | L36: =$E36*J36 -> 51.68 | M36: 0.47 | N36: =M36*D36 -> 22.194444 | O36: =$E36*M36 -> 15.98 | P36: 0.97 | Q36: =P36*D36 -> 45.805556 | R36: =$E36*P36 -> 32.98 | S36: 0.97 | T36: =S36*D36 -> 45.805556 | U36: =$E36*S36 -> 32.98 | Z36: 1.75 | AA36: =Z36*$D36 -> 82.638889 | AB36: =$E36*Z36 -> 59.5 | AC36: 0.4 | AD36: =AC36*$D36 -> 18.888889 | AE36: =$E36*AC36 -> 13.6 | AF36: 0.86 | AG36: =AF36*$D36 -> 40.611111 | AH36: =$E36*AF36 -> 29.24 | AI36: 0.86 | AJ36: =AI36*$D36 -> 40.611111 | AK36: =$E36*AI36 -> 29.24 | AP36: 1.62 | AQ36: =AP36*$D36 -> 76.5 | AR36: =$E36*AP36 -> 55.08 | AS36: 0.37 | AT36: =AS36*$D36 -> 17.472222 | AU36: =$E36*AS36 -> 12.58 | AV36: 0.65 | AW36: =AV36*$D36 -> 30.694444 | AX36: =$E36*AV36 -> 22.1 | AY36: 0.65 | AZ36: =AY36*$D36 -> 30.694444 | BA36: =$E36*AY36 -> 22.1 | BD36: =(K36+AQ36)/2 -> 74.138889 | BE36: =(L36+AR36)/2 -> 53.38 | BF36: =(N36+AT36)/2 -> 19.833333 | BG36: =(O36+AU36)/2 -> 14.28 | BH36: =(Q36+AW36)/2 -> 38.25 | BI36: =(R36+AX36)/2 -> 27.54 | BJ36: =(T36+AZ36)/2 -> 38.25 | BK36: =(U36+BA36)/2 -> 27.54
A37: XII | B37: 31 | C37: =B37*24 -> 744 | D37: =E37*1000/C37 -> 40.322581 | E37: 30 | J37: 1.76 | K37: =J37*D37 -> 70.967742 | L37: =$E37*J37 -> 52.8 | M37: 0.48 | N37: =M37*D37 -> 19.354839 | O37: =$E37*M37 -> 14.4 | P37: 0.99 | Q37: =P37*D37 -> 39.919355 | R37: =$E37*P37 -> 29.7 | S37: 0.99 | T37: =S37*D37 -> 39.919355 | U37: =$E37*S37 -> 29.7 | Z37: 2.15 | AA37: =Z37*$D37 -> 86.693548 | AB37: =$E37*Z37 -> 64.5 | AC37: 0.46 | AD37: =AC37*$D37 -> 18.548387 | AE37: =$E37*AC37 -> 13.8 | AF37: 0.9 | AG37: =AF37*$D37 -> 36.290323 | AH37: =$E37*AF37 -> 27 | AI37: 0.9 | AJ37: =AI37*$D37 -> 36.290323 | AK37: =$E37*AI37 -> 27 | AP37: 2.19 | AQ37: =AP37*$D37 -> 88.306452 | AR37: =$E37*AP37 -> 65.7 | AS37: 0.46 | AT37: =AS37*$D37 -> 18.548387 | AU37: =$E37*AS37 -> 13.8 | AV37: 0.77 | AW37: =AV37*$D37 -> 31.048387 | AX37: =$E37*AV37 -> 23.1 | AY37: 0.77 | AZ37: =AY37*$D37 -> 31.048387 | BA37: =$E37*AY37 -> 23.1 | BD37: =(K37+AQ37)/2 -> 79.637097 | BE37: =(L37+AR37)/2 -> 59.25 | BF37: =(N37+AT37)/2 -> 18.951613 | BG37: =(O37+AU37)/2 -> 14.1 | BH37: =(Q37+AW37)/2 -> 35.483871 | BI37: =(R37+AX37)/2 -> 26.4 | BJ37: =(T37+AZ37)/2 -> 35.483871 | BK37: =(U37+BA37)/2 -> 26.4
A39: month | B39: days | C39: hours | E39: horizontal | J39: South | M39: North | P39: East | S39: West | Z39: South | AC39: North | AF39: East | AI39: West | AP39: South | AS39: North | AV39: East | AY39: West | BD39: South | BF39: North | BH39: East | BJ39: West
D40: W/m2 | E40: kWh/m2 | J40: kvoc | K40: W/m2 | L40: kWh/m2 | M40: kvoc | N40: W/m2 | O40: kWh/m2 | P40: kvoc | Q40: W/m2 | R40: kWh/m2 | S40: kvoc | T40: W/m2 | U40: kWh/m2 | Z40: kvoc | AA40: W/m2 | AB40: kWh/m2 | AC40: kvoc | AD40: W/m2 | AE40: kWh/m2 | AF40: kvoc | AG40: W/m2 | AH40: kWh/m2 | AI40: kvoc | AJ40: W/m2 | AK40: kWh/m2 | AP40: kvoc | AQ40: W/m2 | AR40: kWh/m2 | AS40: kvoc | AT40: W/m2 | AU40: kWh/m2 | AV40: kvoc | AW40: W/m2 | AX40: kWh/m2 | AY40: kvoc | AZ40: W/m2 | BA40: kWh/m2 | BD40: W/m2 | BE40: kWh/m2 | BF40: W/m2 | BG40: kWh/m2 | BH40: W/m2 | BI40: kWh/m2 | BJ40: W/m2 | BK40: kWh/m2
A41: I | B41: 31 | C41: =B41*24 -> 744 | D41: =E41*1000/C41 -> 34.946237 | E41: 26 | J41: 1.61 | K41: =J41*D41 -> 56.263441 | L41: =$E41*J41 -> 41.86 | M41: 0.52 | N41: =M41*D41 -> 18.172043 | O41: =$E41*M41 -> 13.52 | P41: 1 | Q41: =P41*D41 -> 34.946237 | R41: =$E41*P41 -> 26 | S41: 1 | T41: =S41*D41 -> 34.946237 | U41: =$E41*S41 -> 26 | Z41: 1.94 | AA41: =Z41*$D41 -> 67.795699 | AB41: =$E41*Z41 -> 50.44 | AC41: 0.51 | AD41: =AC41*$D41 -> 17.822581 | AE41: =$E41*AC41 -> 13.26 | AF41: 0.95 | AG41: =AF41*$D41 -> 33.198925 | AH41: =$E41*AF41 -> 24.7 | AI41: 0.95 | AJ41: =AI41*$D41 -> 33.198925 | AK41: =$E41*AI41 -> 24.7 | AP41: 1.92 | AQ41: =AP41*$D41 -> 67.096774 | AR41: =$E41*AP41 -> 49.92 | AS41: 0.55 | AT41: =AS41*$D41 -> 19.22043 | AU41: =$E41*AS41 -> 14.3 | AV41: 0.85 | AW41: =AV41*$D41 -> 29.704301 | AX41: =$E41*AV41 -> 22.1 | AY41: 0.85 | AZ41: =AY41*$D41 -> 29.704301 | BA41: =$E41*AY41 -> 22.1 | BD41: =(K41+AQ41)/2 -> 61.680108 | BE41: =(L41+AR41)/2 -> 45.89 | BF41: =(N41+AT41)/2 -> 18.696237 | BG41: =(O41+AU41)/2 -> 13.91 | BH41: =(Q41+AW41)/2 -> 32.325269 | BI41: =(R41+AX41)/2 -> 24.05 | BJ41: =(T41+AZ41)/2 -> 32.325269 | BK41: =(U41+BA41)/2 -> 24.05
A42: II | B42: 28 | C42: =B42*24 -> 672 | D42: =E42*1000/C42 -> 74.404762 | E42: 50 | J42: 1.45 | K42: =J42*D42 -> 107.8869 | L42: =$E42*J42 -> 72.5 | M42: 0.45 | N42: =M42*D42 -> 33.482143 | O42: =$E42*M42 -> 22.5 | P42: 0.98 | Q42: =P42*D42 -> 72.916667 | R42: =$E42*P42 -> 49 | S42: 0.98 | T42: =S42*D42 -> 72.916667 | U42: =$E42*S42 -> 49 | Z42: 1.64 | AA42: =Z42*$D42 -> 122.02381 | AB42: =$E42*Z42 -> 82 | AC42: 0.44 | AD42: =AC42*$D42 -> 32.738095 | AE42: =$E42*AC42 -> 22 | AF42: 0.92 | AG42: =AF42*$D42 -> 68.452381 | AH42: =$E42*AF42 -> 46 | AI42: 0.92 | AJ42: =AI42*$D42 -> 68.452381 | AK42: =$E42*AI42 -> 46 | AP42: 1.54 | AQ42: =AP42*$D42 -> 114.58333 | AR42: =$E42*AP42 -> 77 | AS42: 0.47 | AT42: =AS42*$D42 -> 34.970238 | AU42: =$E42*AS42 -> 23.5 | AV42: 0.8 | AW42: =AV42*$D42 -> 59.52381 | AX42: =$E42*AV42 -> 40 | AY42: 0.8 | AZ42: =AY42*$D42 -> 59.52381 | BA42: =$E42*AY42 -> 40 | BD42: =(K42+AQ42)/2 -> 111.23512 | BE42: =(L42+AR42)/2 -> 74.75 | BF42: =(N42+AT42)/2 -> 34.22619 | BG42: =(O42+AU42)/2 -> 23 | BH42: =(Q42+AW42)/2 -> 66.220238 | BI42: =(R42+AX42)/2 -> 44.5 | BJ42: =(T42+AZ42)/2 -> 66.220238 | BK42: =(U42+BA42)/2 -> 44.5
A43: III | B43: 31 | C43: =B43*24 -> 744 | D43: =E43*1000/C43 -> 120.96774 | E43: 90 | J43: 1.25 | K43: =J43*D43 -> 151.20968 | L43: =$E43*J43 -> 112.5 | M43: 0.52 | N43: =M43*D43 -> 62.903226 | O43: =$E43*M43 -> 46.8 | P43: 0.96 | Q43: =P43*D43 -> 116.12903 | R43: =$E43*P43 -> 86.4 | S43: 0.96 | T43: =S43*D43 -> 116.12903 | U43: =$E43*S43 -> 86.4 | Z43: 1.28 | AA43: =Z43*$D43 -> 154.83871 | AB43: =$E43*Z43 -> 115.2 | AC43: 0.35 | AD43: =AC43*$D43 -> 42.33871 | AE43: =$E43*AC43 -> 31.5 | AF43: 0.85 | AG43: =AF43*$D43 -> 102.82258 | AH43: =$E43*AF43 -> 76.5 | AI43: 0.85 | AJ43: =AI43*$D43 -> 102.82258 | AK43: =$E43*AI43 -> 76.5 | AP43: 1.06 | AQ43: =AP43*$D43 -> 128.22581 | AR43: =$E43*AP43 -> 95.4 | AS43: 0.34 | AT43: =AS43*$D43 -> 41.129032 | AU43: =$E43*AS43 -> 30.6 | AV43: 0.67 | AW43: =AV43*$D43 -> 81.048387 | AX43: =$E43*AV43 -> 60.3 | AY43: 0.67 | AZ43: =AY43*$D43 -> 81.048387 | BA43: =$E43*AY43 -> 60.3 | BD43: =(K43+AQ43)/2 -> 139.71774 | BE43: =(L43+AR43)/2 -> 103.95 | BF43: =(N43+AT43)/2 -> 52.016129 | BG43: =(O43+AU43)/2 -> 38.7 | BH43: =(Q43+AW43)/2 -> 98.58871 | BI43: =(R43+AX43)/2 -> 73.35 | BJ43: =(T43+AZ43)/2 -> 98.58871 | BK43: =(U43+BA43)/2 -> 73.35
A44: IV | B44: 30 | C44: =B44*24 -> 720 | D44: =E44*1000/C44 -> 186.11111 | E44: 134 | I44: Topolcany | J44: 1.09 | K44: =J44*D44 -> 202.86111 | L44: =$E44*J44 -> 146.06 | M44: 0.68 | N44: =M44*D44 -> 126.55556 | O44: =$E44*M44 -> 91.12 | P44: 0.94 | Q44: =P44*D44 -> 174.94444 | R44: =$E44*P44 -> 125.96 | S44: 0.94 | T44: =S44*D44 -> 174.94444 | U44: =$E44*S44 -> 125.96 | W44: Topolcany | Z44: 0.99 | AA44: =Z44*$D44 -> 184.25 | AB44: =$E44*Z44 -> 132.66 | AC44: 0.34 | AD44: =AC44*$D44 -> 63.277778 | AE44: =$E44*AC44 -> 45.56 | AF44: 0.81 | AG44: =AF44*$D44 -> 150.75 | AH44: =$E44*AF44 -> 108.54 | AI44: 0.81 | AJ44: =AI44*$D44 -> 150.75 | AK44: =$E44*AI44 -> 108.54 | AM44: Topolcany | AP44: 0.72 | AQ44: =AP44*$D44 -> 134 | AR44: =$E44*AP44 -> 96.48 | AS44: 0.3 | AT44: =AS44*$D44 -> 55.833333 | AU44: =$E44*AS44 -> 40.2 | AV44: 0.59 | AW44: =AV44*$D44 -> 109.80556 | AX44: =$E44*AV44 -> 79.06 | AY44: 0.59 | AZ44: =AY44*$D44 -> 109.80556 | BA44: =$E44*AY44 -> 79.06 | BC44: Topolcany | BD44: =(K44+AQ44)/2 -> 168.43056 | BE44: =(L44+AR44)/2 -> 121.27 | BF44: =(N44+AT44)/2 -> 91.194444 | BG44: =(O44+AU44)/2 -> 65.66 | BH44: =(Q44+AW44)/2 -> 142.375 | BI44: =(R44+AX44)/2 -> 102.51 | BJ44: =(T44+AZ44)/2 -> 142.375 | BK44: =(U44+BA44)/2 -> 102.51
A45: V | B45: 31 | C45: =B45*24 -> 744 | D45: =E45*1000/C45 -> 228.49462 | E45: 170 | I45: oblast 2 | J45: 1.01 | K45: =J45*D45 -> 230.77957 | L45: =$E45*J45 -> 171.7 | M45: 0.79 | N45: =M45*D45 -> 180.51075 | O45: =$E45*M45 -> 134.3 | P45: 0.94 | Q45: =P45*D45 -> 214.78495 | R45: =$E45*P45 -> 159.8 | S45: 0.94 | T45: =S45*D45 -> 214.78495 | U45: =$E45*S45 -> 159.8 | W45: oblast 2 | Z45: 0.84 | AA45: =Z45*$D45 -> 191.93548 | AB45: =$E45*Z45 -> 142.8 | AC45: 0.4 | AD45: =AC45*$D45 -> 91.397849 | AE45: =$E45*AC45 -> 68 | AF45: 0.79 | AG45: =AF45*$D45 -> 180.51075 | AH45: =$E45*AF45 -> 134.3 | AI45: 0.79 | AJ45: =AI45*$D45 -> 180.51075 | AK45: =$E45*AI45 -> 134.3 | AM45: oblast 2 | AP45: 0.55 | AQ45: =AP45*$D45 -> 125.67204 | AR45: =$E45*AP45 -> 93.5 | AS45: 0.3 | AT45: =AS45*$D45 -> 68.548387 | AU45: =$E45*AS45 -> 51 | AV45: 0.56 | AW45: =AV45*$D45 -> 127.95699 | AX45: =$E45*AV45 -> 95.2 | AY45: 0.56 | AZ45: =AY45*$D45 -> 127.95699 | BA45: =$E45*AY45 -> 95.2 | BC45: oblast 2 | BD45: =(K45+AQ45)/2 -> 178.22581 | BE45: =(L45+AR45)/2 -> 132.6 | BF45: =(N45+AT45)/2 -> 124.52957 | BG45: =(O45+AU45)/2 -> 92.65 | BH45: =(Q45+AW45)/2 -> 171.37097 | BI45: =(R45+AX45)/2 -> 127.5 | BJ45: =(T45+AZ45)/2 -> 171.37097 | BK45: =(U45+BA45)/2 -> 127.5
A46: VI | B46: 30 | C46: =B46*24 -> 720 | D46: =E46*1000/C46 -> 247.22222 | E46: 178 | J46: 0.97 | K46: =J46*D46 -> 239.80556 | L46: =$E46*J46 -> 172.66 | M46: 0.82 | N46: =M46*D46 -> 202.72222 | O46: =$E46*M46 -> 145.96 | P46: 0.93 | Q46: =P46*D46 -> 229.91667 | R46: =$E46*P46 -> 165.54 | S46: 0.93 | T46: =S46*D46 -> 229.91667 | U46: =$E46*S46 -> 165.54 | Z46: 0.78 | AA46: =Z46*$D46 -> 192.83333 | AB46: =$E46*Z46 -> 138.84 | AC46: 0.45 | AD46: =AC46*$D46 -> 111.25 | AE46: =$E46*AC46 -> 80.1 | AF46: 0.78 | AG46: =AF46*$D46 -> 192.83333 | AH46: =$E46*AF46 -> 138.84 | AI46: 0.78 | AJ46: =AI46*$D46 -> 192.83333 | AK46: =$E46*AI46 -> 138.84 | AP46: 0.5 | AQ46: =AP46*$D46 -> 123.61111 | AR46: =$E46*AP46 -> 89 | AS46: 0.32 | AT46: =AS46*$D46 -> 79.111111 | AU46: =$E46*AS46 -> 56.96 | AV46: 0.55 | AW46: =AV46*$D46 -> 135.97222 | AX46: =$E46*AV46 -> 97.9 | AY46: 0.55 | AZ46: =AY46*$D46 -> 135.97222 | BA46: =$E46*AY46 -> 97.9 | BD46: =(K46+AQ46)/2 -> 181.70833 | BE46: =(L46+AR46)/2 -> 130.83 | BF46: =(N46+AT46)/2 -> 140.91667 | BG46: =(O46+AU46)/2 -> 101.46 | BH46: =(Q46+AW46)/2 -> 182.94444 | BI46: =(R46+AX46)/2 -> 131.72 | BJ46: =(T46+AZ46)/2 -> 182.94444 | BK46: =(U46+BA46)/2 -> 131.72
A47: VII | B47: 31 | C47: =B47*24 -> 744 | D47: =E47*1000/C47 -> 223.11828 | E47: 166 | J47: 0.98 | K47: =J47*D47 -> 218.65591 | L47: =$E47*J47 -> 162.68 | M47: 0.81 | N47: =M47*D47 -> 180.72581 | O47: =$E47*M47 -> 134.46 | P47: 0.93 | Q47: =P47*D47 -> 207.5 | R47: =$E47*P47 -> 154.38 | S47: 0.93 | T47: =S47*D47 -> 207.5 | U47: =$E47*S47 -> 154.38 | Z47: 0.81 | AA47: =Z47*$D47 -> 180.72581 | AB47: =$E47*Z47 -> 134.46 | AC47: 0.42 | AD47: =AC47*$D47 -> 93.709677 | AE47: =$E47*AC47 -> 69.72 | AF47: 0.78 | AG47: =AF47*$D47 -> 174.03226 | AH47: =$E47*AF47 -> 129.48 | AI47: 0.78 | AJ47: =AI47*$D47 -> 174.03226 | AK47: =$E47*AI47 -> 129.48 | AP47: 0.52 | AQ47: =AP47*$D47 -> 116.02151 | AR47: =$E47*AP47 -> 86.32 | AS47: 0.31 | AT47: =AS47*$D47 -> 69.166667 | AU47: =$E47*AS47 -> 51.46 | AV47: 0.55 | AW47: =AV47*$D47 -> 122.71505 | AX47: =$E47*AV47 -> 91.3 | AY47: 0.55 | AZ47: =AY47*$D47 -> 122.71505 | BA47: =$E47*AY47 -> 91.3 | BD47: =(K47+AQ47)/2 -> 167.33871 | BE47: =(L47+AR47)/2 -> 124.5 | BF47: =(N47+AT47)/2 -> 124.94624 | BG47: =(O47+AU47)/2 -> 92.96 | BH47: =(Q47+AW47)/2 -> 165.10753 | BI47: =(R47+AX47)/2 -> 122.84 | BJ47: =(T47+AZ47)/2 -> 165.10753 | BK47: =(U47+BA47)/2 -> 122.84
A48: VIII | B48: 31 | C48: =B48*24 -> 744 | D48: =E48*1000/C48 -> 200.26882 | E48: 149 | J48: 1.04 | K48: =J48*D48 -> 208.27957 | L48: =$E48*J48 -> 154.96 | M48: 0.73 | N48: =M48*D48 -> 146.19624 | O48: =$E48*M48 -> 108.77 | P48: 0.94 | Q48: =P48*D48 -> 188.25269 | R48: =$E48*P48 -> 140.06 | S48: 0.94 | T48: =S48*D48 -> 188.25269 | U48: =$E48*S48 -> 140.06 | Z48: 0.91 | AA48: =Z48*$D48 -> 182.24462 | AB48: =$E48*Z48 -> 135.59 | AC48: 0.35 | AD48: =AC48*$D48 -> 70.094086 | AE48: =$E48*AC48 -> 52.15 | AF48: 0.79 | AG48: =AF48*$D48 -> 158.21237 | AH48: =$E48*AF48 -> 117.71 | AI48: 0.79 | AJ48: =AI48*$D48 -> 158.21237 | AK48: =$E48*AI48 -> 117.71 | AP48: 0.62 | AQ48: =AP48*$D48 -> 124.16667 | AR48: =$E48*AP48 -> 92.38 | AS48: 0.3 | AT48: =AS48*$D48 -> 60.080645 | AU48: =$E48*AS48 -> 44.7 | AV48: 0.57 | AW48: =AV48*$D48 -> 114.15323 | AX48: =$E48*AV48 -> 84.93 | AY48: 0.57 | AZ48: =AY48*$D48 -> 114.15323 | BA48: =$E48*AY48 -> 84.93 | BD48: =(K48+AQ48)/2 -> 166.22312 | BE48: =(L48+AR48)/2 -> 123.67 | BF48: =(N48+AT48)/2 -> 103.13844 | BG48: =(O48+AU48)/2 -> 76.735 | BH48: =(Q48+AW48)/2 -> 151.20296 | BI48: =(R48+AX48)/2 -> 112.495 | BJ48: =(T48+AZ48)/2 -> 151.20296 | BK48: =(U48+BA48)/2 -> 112.495
A49: IX | B49: 30 | C49: =B49*24 -> 720 | D49: =E49*1000/C49 -> 147.22222 | E49: 106 | J49: 1.17 | K49: =J49*D49 -> 172.25 | L49: =$E49*J49 -> 124.02 | M49: 0.59 | N49: =M49*D49 -> 86.861111 | O49: =$E49*M49 -> 62.54 | P49: 0.95 | Q49: =P49*D49 -> 139.86111 | R49: =$E49*P49 -> 100.7 | S49: 0.95 | T49: =S49*D49 -> 139.86111 | U49: =$E49*S49 -> 100.7 | Z49: 1.11 | AA49: =Z49*$D49 -> 163.41667 | AB49: =$E49*Z49 -> 117.66 | AC49: 0.31 | AD49: =AC49*$D49 -> 45.638889 | AE49: =$E49*AC49 -> 32.86 | AF49: 0.81 | AG49: =AF49*$D49 -> 119.25 | AH49: =$E49*AF49 -> 85.86 | AI49: 0.81 | AJ49: =AI49*$D49 -> 119.25 | AK49: =$E49*AI49 -> 85.86 | AP49: 0.85 | AQ49: =AP49*$D49 -> 125.13889 | AR49: =$E49*AP49 -> 90.1 | AS49: 0.28 | AT49: =AS49*$D49 -> 41.222222 | AU49: =$E49*AS49 -> 29.68 | AV49: 0.6 | AW49: =AV49*$D49 -> 88.333333 | AX49: =$E49*AV49 -> 63.6 | AY49: 0.6 | AZ49: =AY49*$D49 -> 88.333333 | BA49: =$E49*AY49 -> 63.6 | BD49: =(K49+AQ49)/2 -> 148.69444 | BE49: =(L49+AR49)/2 -> 107.06 | BF49: =(N49+AT49)/2 -> 64.041667 | BG49: =(O49+AU49)/2 -> 46.11 | BH49: =(Q49+AW49)/2 -> 114.09722 | BI49: =(R49+AX49)/2 -> 82.15 | BJ49: =(T49+AZ49)/2 -> 114.09722 | BK49: =(U49+BA49)/2 -> 82.15
A50: X | B50: 31 | C50: =B50*24 -> 744 | D50: =E50*1000/C50 -> 83.333333 | E50: 62 | J50: 1.33 | K50: =J50*D50 -> 110.83333 | L50: =$E50*J50 -> 82.46 | M50: 0.45 | N50: =M50*D50 -> 37.5 | O50: =$E50*M50 -> 27.9 | P50: 0.96 | Q50: =P50*D50 -> 80 | R50: =$E50*P50 -> 59.52 | S50: 0.96 | T50: =S50*D50 -> 80 | U50: =$E50*S50 -> 59.52 | Z50: 1.4 | AA50: =Z50*$D50 -> 116.66667 | AB50: =$E50*Z50 -> 86.8 | AC50: 0.34 | AD50: =AC50*$D50 -> 28.333333 | AE50: =$E50*AC50 -> 21.08 | AF50: 0.84 | AG50: =AF50*$D50 -> 70 | AH50: =$E50*AF50 -> 52.08 | AI50: 0.84 | AJ50: =AI50*$D50 -> 70 | AK50: =$E50*AI50 -> 52.08 | AP50: 1.19 | AQ50: =AP50*$D50 -> 99.166667 | AR50: =$E50*AP50 -> 73.78 | AS50: 0.3 | AT50: =AS50*$D50 -> 25 | AU50: =$E50*AS50 -> 18.6 | AV50: 0.63 | AW50: =AV50*$D50 -> 52.5 | AX50: =$E50*AV50 -> 39.06 | AY50: 0.63 | AZ50: =AY50*$D50 -> 52.5 | BA50: =$E50*AY50 -> 39.06 | BD50: =(K50+AQ50)/2 -> 105 | BE50: =(L50+AR50)/2 -> 78.12 | BF50: =(N50+AT50)/2 -> 31.25 | BG50: =(O50+AU50)/2 -> 23.25 | BH50: =(Q50+AW50)/2 -> 66.25 | BI50: =(R50+AX50)/2 -> 49.29 | BJ50: =(T50+AZ50)/2 -> 66.25 | BK50: =(U50+BA50)/2 -> 49.29
A51: XI | B51: 30 | C51: =B51*24 -> 720 | D51: =E51*1000/C51 -> 41.666667 | E51: 30 | J51: 1.52 | K51: =J51*D51 -> 63.333333 | L51: =$E51*J51 -> 45.6 | M51: 0.47 | N51: =M51*D51 -> 19.583333 | O51: =$E51*M51 -> 14.1 | P51: 0.97 | Q51: =P51*D51 -> 40.416667 | R51: =$E51*P51 -> 29.1 | S51: 0.97 | T51: =S51*D51 -> 40.416667 | U51: =$E51*S51 -> 29.1 | Z51: 1.75 | AA51: =Z51*$D51 -> 72.916667 | AB51: =$E51*Z51 -> 52.5 | AC51: 0.4 | AD51: =AC51*$D51 -> 16.666667 | AE51: =$E51*AC51 -> 12 | AF51: 0.86 | AG51: =AF51*$D51 -> 35.833333 | AH51: =$E51*AF51 -> 25.8 | AI51: 0.86 | AJ51: =AI51*$D51 -> 35.833333 | AK51: =$E51*AI51 -> 25.8 | AP51: 1.62 | AQ51: =AP51*$D51 -> 67.5 | AR51: =$E51*AP51 -> 48.6 | AS51: 0.37 | AT51: =AS51*$D51 -> 15.416667 | AU51: =$E51*AS51 -> 11.1 | AV51: 0.65 | AW51: =AV51*$D51 -> 27.083333 | AX51: =$E51*AV51 -> 19.5 | AY51: 0.65 | AZ51: =AY51*$D51 -> 27.083333 | BA51: =$E51*AY51 -> 19.5 | BD51: =(K51+AQ51)/2 -> 65.416667 | BE51: =(L51+AR51)/2 -> 47.1 | BF51: =(N51+AT51)/2 -> 17.5 | BG51: =(O51+AU51)/2 -> 12.6 | BH51: =(Q51+AW51)/2 -> 33.75 | BI51: =(R51+AX51)/2 -> 24.3 | BJ51: =(T51+AZ51)/2 -> 33.75 | BK51: =(U51+BA51)/2 -> 24.3
A52: XII | B52: 31 | C52: =B52*24 -> 744 | D52: =E52*1000/C52 -> 28.225806 | E52: 21 | J52: 1.76 | K52: =J52*D52 -> 49.677419 | L52: =$E52*J52 -> 36.96 | M52: 0.48 | N52: =M52*D52 -> 13.548387 | O52: =$E52*M52 -> 10.08 | P52: 0.99 | Q52: =P52*D52 -> 27.943548 | R52: =$E52*P52 -> 20.79 | S52: 0.99 | T52: =S52*D52 -> 27.943548 | U52: =$E52*S52 -> 20.79 | Z52: 2.15 | AA52: =Z52*$D52 -> 60.685484 | AB52: =$E52*Z52 -> 45.15 | AC52: 0.46 | AD52: =AC52*$D52 -> 12.983871 | AE52: =$E52*AC52 -> 9.66 | AF52: 0.9 | AG52: =AF52*$D52 -> 25.403226 | AH52: =$E52*AF52 -> 18.9 | AI52: 0.9 | AJ52: =AI52*$D52 -> 25.403226 | AK52: =$E52*AI52 -> 18.9 | AP52: 2.19 | AQ52: =AP52*$D52 -> 61.814516 | AR52: =$E52*AP52 -> 45.99 | AS52: 0.46 | AT52: =AS52*$D52 -> 12.983871 | AU52: =$E52*AS52 -> 9.66 | AV52: 0.77 | AW52: =AV52*$D52 -> 21.733871 | AX52: =$E52*AV52 -> 16.17 | AY52: 0.77 | AZ52: =AY52*$D52 -> 21.733871 | BA52: =$E52*AY52 -> 16.17 | BD52: =(K52+AQ52)/2 -> 55.745968 | BE52: =(L52+AR52)/2 -> 41.475 | BF52: =(N52+AT52)/2 -> 13.266129 | BG52: =(O52+AU52)/2 -> 9.87 | BH52: =(Q52+AW52)/2 -> 24.83871 | BI52: =(R52+AX52)/2 -> 18.48 | BJ52: =(T52+AZ52)/2 -> 24.83871 | BK52: =(U52+BA52)/2 -> 18.48
A54: month | B54: days | C54: hours | E54: horizontal | J54: South | M54: North | P54: East | S54: West | Z54: South | AC54: North | AF54: East | AI54: West | AP54: South | AS54: North | AV54: East | AY54: West | BD54: South | BF54: North | BH54: East | BJ54: West
D55: W/m2 | E55: kWh/m2 | J55: kvoc | K55: W/m2 | L55: kWh/m2 | M55: kvoc | N55: W/m2 | O55: kWh/m2 | P55: kvoc | Q55: W/m2 | R55: kWh/m2 | S55: kvoc | T55: W/m2 | U55: kWh/m2 | Z55: kvoc | AA55: W/m2 | AB55: kWh/m2 | AC55: kvoc | AD55: W/m2 | AE55: kWh/m2 | AF55: kvoc | AG55: W/m2 | AH55: kWh/m2 | AI55: kvoc | AJ55: W/m2 | AK55: kWh/m2 | AP55: kvoc | AQ55: W/m2 | AR55: kWh/m2 | AS55: kvoc | AT55: W/m2 | AU55: kWh/m2 | AV55: kvoc | AW55: W/m2 | AX55: kWh/m2 | AY55: kvoc | AZ55: W/m2 | BA55: kWh/m2 | BD55: W/m2 | BE55: kWh/m2 | BF55: W/m2 | BG55: kWh/m2 | BH55: W/m2 | BI55: kWh/m2 | BJ55: W/m2 | BK55: kWh/m2
A56: I | B56: 31 | C56: =B56*24 -> 744 | D56: =E56*1000/C56 -> 34.946237 | E56: 26 | J56: 1.62 | K56: =J56*D56 -> 56.612903 | L56: =$E56*J56 -> 42.12 | M56: 0.5 | N56: =M56*D56 -> 17.473118 | O56: =$E56*M56 -> 13 | P56: 1 | Q56: =P56*D56 -> 34.946237 | R56: =$E56*P56 -> 26 | S56: 1 | T56: =S56*D56 -> 34.946237 | U56: =$E56*S56 -> 26 | Z56: 1.96 | AA56: =Z56*$D56 -> 68.494624 | AB56: =$E56*Z56 -> 50.96 | AC56: 0.49 | AD56: =AC56*$D56 -> 17.123656 | AE56: =$E56*AC56 -> 12.74 | AF56: 0.95 | AG56: =AF56*$D56 -> 33.198925 | AH56: =$E56*AF56 -> 24.7 | AI56: 0.95 | AJ56: =AI56*$D56 -> 33.198925 | AK56: =$E56*AI56 -> 24.7 | AP56: 1.94 | AQ56: =AP56*$D56 -> 67.795699 | AR56: =$E56*AP56 -> 50.44 | AS56: 0.53 | AT56: =AS56*$D56 -> 18.521505 | AU56: =$E56*AS56 -> 13.78 | AV56: 0.85 | AW56: =AV56*$D56 -> 29.704301 | AX56: =$E56*AV56 -> 22.1 | AY56: 0.85 | AZ56: =AY56*$D56 -> 29.704301 | BA56: =$E56*AY56 -> 22.1 | BD56: =(K56+AQ56)/2 -> 62.204301 | BE56: =(L56+AR56)/2 -> 46.28 | BF56: =(N56+AT56)/2 -> 17.997312 | BG56: =(O56+AU56)/2 -> 13.39 | BH56: =(Q56+AW56)/2 -> 32.325269 | BI56: =(R56+AX56)/2 -> 24.05 | BJ56: =(T56+AZ56)/2 -> 32.325269 | BK56: =(U56+BA56)/2 -> 24.05
A57: II | B57: 28 | C57: =B57*24 -> 672 | D57: =E57*1000/C57 -> 72.916667 | E57: 49 | J57: 1.46 | K57: =J57*D57 -> 106.45833 | L57: =$E57*J57 -> 71.54 | M57: 0.43 | N57: =M57*D57 -> 31.354167 | O57: =$E57*M57 -> 21.07 | P57: 0.99 | Q57: =P57*D57 -> 72.1875 | R57: =$E57*P57 -> 48.51 | S57: 0.99 | T57: =S57*D57 -> 72.1875 | U57: =$E57*S57 -> 48.51 | Z57: 1.65 | AA57: =Z57*$D57 -> 120.3125 | AB57: =$E57*Z57 -> 80.85 | AC57: 0.41 | AD57: =AC57*$D57 -> 29.895833 | AE57: =$E57*AC57 -> 20.09 | AF57: 0.91 | AG57: =AF57*$D57 -> 66.354167 | AH57: =$E57*AF57 -> 44.59 | AI57: 0.91 | AJ57: =AI57*$D57 -> 66.354167 | AK57: =$E57*AI57 -> 44.59 | AP57: 1.53 | AQ57: =AP57*$D57 -> 111.5625 | AR57: =$E57*AP57 -> 74.97 | AS57: 0.44 | AT57: =AS57*$D57 -> 32.083333 | AU57: =$E57*AS57 -> 21.56 | AV57: 0.78 | AW57: =AV57*$D57 -> 56.875 | AX57: =$E57*AV57 -> 38.22 | AY57: 0.78 | AZ57: =AY57*$D57 -> 56.875 | BA57: =$E57*AY57 -> 38.22 | BD57: =(K57+AQ57)/2 -> 109.01042 | BE57: =(L57+AR57)/2 -> 73.255 | BF57: =(N57+AT57)/2 -> 31.71875 | BG57: =(O57+AU57)/2 -> 21.315 | BH57: =(Q57+AW57)/2 -> 64.53125 | BI57: =(R57+AX57)/2 -> 43.365 | BJ57: =(T57+AZ57)/2 -> 64.53125 | BK57: =(U57+BA57)/2 -> 43.365
A58: III | B58: 31 | C58: =B58*24 -> 744 | D58: =E58*1000/C58 -> 118.27957 | E58: 88 | J58: 1.26 | K58: =J58*D58 -> 149.03226 | L58: =$E58*J58 -> 110.88 | M58: 0.51 | N58: =M58*D58 -> 60.322581 | O58: =$E58*M58 -> 44.88 | P58: 0.96 | Q58: =P58*D58 -> 113.54839 | R58: =$E58*P58 -> 84.48 | S58: 0.96 | T58: =S58*D58 -> 113.54839 | U58: =$E58*S58 -> 84.48 | Z58: 1.28 | AA58: =Z58*$D58 -> 151.39785 | AB58: =$E58*Z58 -> 112.64 | AC58: 0.33 | AD58: =AC58*$D58 -> 39.032258 | AE58: =$E58*AC58 -> 29.04 | AF58: 0.84 | AG58: =AF58*$D58 -> 99.354839 | AH58: =$E58*AF58 -> 73.92 | AI58: 0.84 | AJ58: =AI58*$D58 -> 99.354839 | AK58: =$E58*AI58 -> 73.92 | AP58: 1.05 | AQ58: =AP58*$D58 -> 124.19355 | AR58: =$E58*AP58 -> 92.4 | AS58: 0.32 | AT58: =AS58*$D58 -> 37.849462 | AU58: =$E58*AS58 -> 28.16 | AV58: 0.67 | AW58: =AV58*$D58 -> 79.247312 | AX58: =$E58*AV58 -> 58.96 | AY58: 0.67 | AZ58: =AY58*$D58 -> 79.247312 | BA58: =$E58*AY58 -> 58.96 | BD58: =(K58+AQ58)/2 -> 136.6129 | BE58: =(L58+AR58)/2 -> 101.64 | BF58: =(N58+AT58)/2 -> 49.086022 | BG58: =(O58+AU58)/2 -> 36.52 | BH58: =(Q58+AW58)/2 -> 96.397849 | BI58: =(R58+AX58)/2 -> 71.72 | BJ58: =(T58+AZ58)/2 -> 96.397849 | BK58: =(U58+BA58)/2 -> 71.72
A59: IV | B59: 30 | C59: =B59*24 -> 720 | D59: =E59*1000/C59 -> 188.88889 | E59: 136 | J59: 1.1 | K59: =J59*D59 -> 207.77778 | L59: =$E59*J59 -> 149.6 | M59: 0.68 | N59: =M59*D59 -> 128.44444 | O59: =$E59*M59 -> 92.48 | P59: 0.94 | Q59: =P59*D59 -> 177.55556 | R59: =$E59*P59 -> 127.84 | S59: 0.94 | T59: =S59*D59 -> 177.55556 | U59: =$E59*S59 -> 127.84 | Z59: 0.99 | AA59: =Z59*$D59 -> 187 | AB59: =$E59*Z59 -> 134.64 | AC59: 0.33 | AD59: =AC59*$D59 -> 62.333333 | AE59: =$E59*AC59 -> 44.88 | AF59: 0.8 | AG59: =AF59*$D59 -> 151.11111 | AH59: =$E59*AF59 -> 108.8 | AI59: 0.8 | AJ59: =AI59*$D59 -> 151.11111 | AK59: =$E59*AI59 -> 108.8 | AP59: 0.71 | AQ59: =AP59*$D59 -> 134.11111 | AR59: =$E59*AP59 -> 96.56 | AS59: 0.28 | AT59: =AS59*$D59 -> 52.888889 | AU59: =$E59*AS59 -> 38.08 | AV59: 0.59 | AW59: =AV59*$D59 -> 111.44444 | AX59: =$E59*AV59 -> 80.24 | AY59: 0.59 | AZ59: =AY59*$D59 -> 111.44444 | BA59: =$E59*AY59 -> 80.24 | BD59: =(K59+AQ59)/2 -> 170.94444 | BE59: =(L59+AR59)/2 -> 123.08 | BF59: =(N59+AT59)/2 -> 90.666667 | BG59: =(O59+AU59)/2 -> 65.28 | BH59: =(Q59+AW59)/2 -> 144.5 | BI59: =(R59+AX59)/2 -> 104.04 | BJ59: =(T59+AZ59)/2 -> 144.5 | BK59: =(U59+BA59)/2 -> 104.04
A60: V | B60: 31 | C60: =B60*24 -> 744 | D60: =E60*1000/C60 -> 224.46237 | E60: 167 | I60: Piestany | J60: 1.01 | K60: =J60*D60 -> 226.70699 | L60: =$E60*J60 -> 168.67 | M60: 0.79 | N60: =M60*D60 -> 177.32527 | O60: =$E60*M60 -> 131.93 | P60: 0.94 | Q60: =P60*D60 -> 210.99462 | R60: =$E60*P60 -> 156.98 | S60: 0.94 | T60: =S60*D60 -> 210.99462 | U60: =$E60*S60 -> 156.98 | W60: Piestany | Z60: 0.84 | AA60: =Z60*$D60 -> 188.54839 | AB60: =$E60*Z60 -> 140.28 | AC60: 0.39 | AD60: =AC60*$D60 -> 87.540323 | AE60: =$E60*AC60 -> 65.13 | AF60: 0.79 | AG60: =AF60*$D60 -> 177.32527 | AH60: =$E60*AF60 -> 131.93 | AI60: 0.79 | AJ60: =AI60*$D60 -> 177.32527 | AK60: =$E60*AI60 -> 131.93 | AM60: Piestany | AP60: 0.55 | AQ60: =AP60*$D60 -> 123.4543 | AR60: =$E60*AP60 -> 91.85 | AS60: 0.3 | AT60: =AS60*$D60 -> 67.33871 | AU60: =$E60*AS60 -> 50.1 | AV60: 0.57 | AW60: =AV60*$D60 -> 127.94355 | AX60: =$E60*AV60 -> 95.19 | AY60: 0.57 | AZ60: =AY60*$D60 -> 127.94355 | BA60: =$E60*AY60 -> 95.19 | BC60: Piestany | BD60: =(K60+AQ60)/2 -> 175.08065 | BE60: =(L60+AR60)/2 -> 130.26 | BF60: =(N60+AT60)/2 -> 122.33199 | BG60: =(O60+AU60)/2 -> 91.015 | BH60: =(Q60+AW60)/2 -> 169.46909 | BI60: =(R60+AX60)/2 -> 126.085 | BJ60: =(T60+AZ60)/2 -> 169.46909 | BK60: =(U60+BA60)/2 -> 126.085
A61: VI | B61: 30 | C61: =B61*24 -> 720 | D61: =E61*1000/C61 -> 251.38889 | E61: 181 | I61: oblast 1 | J61: 0.97 | K61: =J61*D61 -> 243.84722 | L61: =$E61*J61 -> 175.57 | M61: 0.82 | N61: =M61*D61 -> 206.13889 | O61: =$E61*M61 -> 148.42 | P61: 0.93 | Q61: =P61*D61 -> 233.79167 | R61: =$E61*P61 -> 168.33 | S61: 0.93 | T61: =S61*D61 -> 233.79167 | U61: =$E61*S61 -> 168.33 | W61: oblast 1 | Z61: 0.78 | AA61: =Z61*$D61 -> 196.08333 | AB61: =$E61*Z61 -> 141.18 | AC61: 0.45 | AD61: =AC61*$D61 -> 113.125 | AE61: =$E61*AC61 -> 81.45 | AF61: 0.78 | AG61: =AF61*$D61 -> 196.08333 | AH61: =$E61*AF61 -> 141.18 | AI61: 0.78 | AJ61: =AI61*$D61 -> 196.08333 | AK61: =$E61*AI61 -> 141.18 | AM61: oblast 1 | AP61: 0.49 | AQ61: =AP61*$D61 -> 123.18056 | AR61: =$E61*AP61 -> 88.69 | AS61: 0.31 | AT61: =AS61*$D61 -> 77.930556 | AU61: =$E61*AS61 -> 56.11 | AV61: 0.55 | AW61: =AV61*$D61 -> 138.26389 | AX61: =$E61*AV61 -> 99.55 | AY61: 0.55 | AZ61: =AY61*$D61 -> 138.26389 | BA61: =$E61*AY61 -> 99.55 | BC61: oblast 1 | BD61: =(K61+AQ61)/2 -> 183.51389 | BE61: =(L61+AR61)/2 -> 132.13 | BF61: =(N61+AT61)/2 -> 142.03472 | BG61: =(O61+AU61)/2 -> 102.265 | BH61: =(Q61+AW61)/2 -> 186.02778 | BI61: =(R61+AX61)/2 -> 133.94 | BJ61: =(T61+AZ61)/2 -> 186.02778 | BK61: =(U61+BA61)/2 -> 133.94
A62: VII | B62: 31 | C62: =B62*24 -> 744 | D62: =E62*1000/C62 -> 233.87097 | E62: 174 | J62: 0.98 | K62: =J62*D62 -> 229.19355 | L62: =$E62*J62 -> 170.52 | M62: 0.81 | N62: =M62*D62 -> 189.43548 | O62: =$E62*M62 -> 140.94 | P62: 0.93 | Q62: =P62*D62 -> 217.5 | R62: =$E62*P62 -> 161.82 | S62: 0.93 | T62: =S62*D62 -> 217.5 | U62: =$E62*S62 -> 161.82 | Z62: 0.81 | AA62: =Z62*$D62 -> 189.43548 | AB62: =$E62*Z62 -> 140.94 | AC62: 0.42 | AD62: =AC62*$D62 -> 98.225806 | AE62: =$E62*AC62 -> 73.08 | AF62: 0.78 | AG62: =AF62*$D62 -> 182.41935 | AH62: =$E62*AF62 -> 135.72 | AI62: 0.78 | AJ62: =AI62*$D62 -> 182.41935 | AK62: =$E62*AI62 -> 135.72 | AP62: 0.51 | AQ62: =AP62*$D62 -> 119.27419 | AR62: =$E62*AP62 -> 88.74 | AS62: 0.3 | AT62: =AS62*$D62 -> 70.16129 | AU62: =$E62*AS62 -> 52.2 | AV62: 0.55 | AW62: =AV62*$D62 -> 128.62903 | AX62: =$E62*AV62 -> 95.7 | AY62: 0.55 | AZ62: =AY62*$D62 -> 128.62903 | BA62: =$E62*AY62 -> 95.7 | BD62: =(K62+AQ62)/2 -> 174.23387 | BE62: =(L62+AR62)/2 -> 129.63 | BF62: =(N62+AT62)/2 -> 129.79839 | BG62: =(O62+AU62)/2 -> 96.57 | BH62: =(Q62+AW62)/2 -> 173.06452 | BI62: =(R62+AX62)/2 -> 128.76 | BJ62: =(T62+AZ62)/2 -> 173.06452 | BK62: =(U62+BA62)/2 -> 128.76
A63: VIII | B63: 31 | C63: =B63*24 -> 744 | D63: =E63*1000/C63 -> 202.95699 | E63: 151 | J63: 1.05 | K63: =J63*D63 -> 213.10484 | L63: =$E63*J63 -> 158.55 | M63: 0.73 | N63: =M63*D63 -> 148.1586 | O63: =$E63*M63 -> 110.23 | P63: 0.93 | Q63: =P63*D63 -> 188.75 | R63: =$E63*P63 -> 140.43 | S63: 0.93 | T63: =S63*D63 -> 188.75 | U63: =$E63*S63 -> 140.43 | Z63: 0.91 | AA63: =Z63*$D63 -> 184.69086 | AB63: =$E63*Z63 -> 137.41 | AC63: 0.34 | AD63: =AC63*$D63 -> 69.005376 | AE63: =$E63*AC63 -> 51.34 | AF63: 0.79 | AG63: =AF63*$D63 -> 160.33602 | AH63: =$E63*AF63 -> 119.29 | AI63: 0.79 | AJ63: =AI63*$D63 -> 160.33602 | AK63: =$E63*AI63 -> 119.29 | AP63: 0.62 | AQ63: =AP63*$D63 -> 125.83333 | AR63: =$E63*AP63 -> 93.62 | AS63: 0.29 | AT63: =AS63*$D63 -> 58.857527 | AU63: =$E63*AS63 -> 43.79 | AV63: 0.58 | AW63: =AV63*$D63 -> 117.71505 | AX63: =$E63*AV63 -> 87.58 | AY63: 0.58 | AZ63: =AY63*$D63 -> 117.71505 | BA63: =$E63*AY63 -> 87.58 | BD63: =(K63+AQ63)/2 -> 169.46909 | BE63: =(L63+AR63)/2 -> 126.085 | BF63: =(N63+AT63)/2 -> 103.50806 | BG63: =(O63+AU63)/2 -> 77.01 | BH63: =(Q63+AW63)/2 -> 153.23253 | BI63: =(R63+AX63)/2 -> 114.005 | BJ63: =(T63+AZ63)/2 -> 153.23253 | BK63: =(U63+BA63)/2 -> 114.005
A64: IX | B64: 30 | C64: =B64*24 -> 720 | D64: =E64*1000/C64 -> 154.16667 | E64: 111 | J64: 1.18 | K64: =J64*D64 -> 181.91667 | L64: =$E64*J64 -> 130.98 | M64: 0.58 | N64: =M64*D64 -> 89.416667 | O64: =$E64*M64 -> 64.38 | P64: 0.95 | Q64: =P64*D64 -> 146.45833 | R64: =$E64*P64 -> 105.45 | S64: 0.95 | T64: =S64*D64 -> 146.45833 | U64: =$E64*S64 -> 105.45 | Z64: 1.12 | AA64: =Z64*$D64 -> 172.66667 | AB64: =$E64*Z64 -> 124.32 | AC64: 0.3 | AD64: =AC64*$D64 -> 46.25 | AE64: =$E64*AC64 -> 33.3 | AF64: 0.81 | AG64: =AF64*$D64 -> 124.875 | AH64: =$E64*AF64 -> 89.91 | AI64: 0.81 | AJ64: =AI64*$D64 -> 124.875 | AK64: =$E64*AI64 -> 89.91 | AP64: 0.85 | AQ64: =AP64*$D64 -> 131.04167 | AR64: =$E64*AP64 -> 94.35 | AS64: 0.27 | AT64: =AS64*$D64 -> 41.625 | AU64: =$E64*AS64 -> 29.97 | AV64: 0.6 | AW64: =AV64*$D64 -> 92.5 | AX64: =$E64*AV64 -> 66.6 | AY64: 0.6 | AZ64: =AY64*$D64 -> 92.5 | BA64: =$E64*AY64 -> 66.6 | BD64: =(K64+AQ64)/2 -> 156.47917 | BE64: =(L64+AR64)/2 -> 112.665 | BF64: =(N64+AT64)/2 -> 65.520833 | BG64: =(O64+AU64)/2 -> 47.175 | BH64: =(Q64+AW64)/2 -> 119.47917 | BI64: =(R64+AX64)/2 -> 86.025 | BJ64: =(T64+AZ64)/2 -> 119.47917 | BK64: =(U64+BA64)/2 -> 86.025
A65: X | B65: 31 | C65: =B65*24 -> 744 | D65: =E65*1000/C65 -> 86.021505 | E65: 64 | J65: 1.35 | K65: =J65*D65 -> 116.12903 | L65: =$E65*J65 -> 86.4 | M65: 0.43 | N65: =M65*D65 -> 36.989247 | O65: =$E65*M65 -> 27.52 | P65: 0.96 | Q65: =P65*D65 -> 82.580645 | R65: =$E65*P65 -> 61.44 | S65: 0.96 | T65: =S65*D65 -> 82.580645 | U65: =$E65*S65 -> 61.44 | Z65: 1.43 | AA65: =Z65*$D65 -> 123.01075 | AB65: =$E65*Z65 -> 91.52 | AC65: 0.33 | AD65: =AC65*$D65 -> 28.387097 | AE65: =$E65*AC65 -> 21.12 | AF65: 0.84 | AG65: =AF65*$D65 -> 72.258065 | AH65: =$E65*AF65 -> 53.76 | AI65: 0.84 | AJ65: =AI65*$D65 -> 72.258065 | AK65: =$E65*AI65 -> 53.76 | AP65: 1.22 | AQ65: =AP65*$D65 -> 104.94624 | AR65: =$E65*AP65 -> 78.08 | AS65: 0.29 | AT65: =AS65*$D65 -> 24.946237 | AU65: =$E65*AS65 -> 18.56 | AV65: 0.64 | AW65: =AV65*$D65 -> 55.053763 | AX65: =$E65*AV65 -> 40.96 | AY65: 0.64 | AZ65: =AY65*$D65 -> 55.053763 | BA65: =$E65*AY65 -> 40.96 | BD65: =(K65+AQ65)/2 -> 110.53763 | BE65: =(L65+AR65)/2 -> 82.24 | BF65: =(N65+AT65)/2 -> 30.967742 | BG65: =(O65+AU65)/2 -> 23.04 | BH65: =(Q65+AW65)/2 -> 68.817204 | BI65: =(R65+AX65)/2 -> 51.2 | BJ65: =(T65+AZ65)/2 -> 68.817204 | BK65: =(U65+BA65)/2 -> 51.2
A66: XI | B66: 30 | C66: =B66*24 -> 720 | D66: =E66*1000/C66 -> 41.666667 | E66: 30 | J66: 1.53 | K66: =J66*D66 -> 63.75 | L66: =$E66*J66 -> 45.9 | M66: 0.45 | N66: =M66*D66 -> 18.75 | O66: =$E66*M66 -> 13.5 | P66: 0.98 | Q66: =P66*D66 -> 40.833333 | R66: =$E66*P66 -> 29.4 | S66: 0.98 | T66: =S66*D66 -> 40.833333 | U66: =$E66*S66 -> 29.4 | Z66: 1.76 | AA66: =Z66*$D66 -> 73.333333 | AB66: =$E66*Z66 -> 52.8 | AC66: 0.39 | AD66: =AC66*$D66 -> 16.25 | AE66: =$E66*AC66 -> 11.7 | AF66: 0.85 | AG66: =AF66*$D66 -> 35.416667 | AH66: =$E66*AF66 -> 25.5 | AI66: 0.85 | AJ66: =AI66*$D66 -> 35.416667 | AK66: =$E66*AI66 -> 25.5 | AP66: 1.62 | AQ66: =AP66*$D66 -> 67.5 | AR66: =$E66*AP66 -> 48.6 | AS66: 0.35 | AT66: =AS66*$D66 -> 14.583333 | AU66: =$E66*AS66 -> 10.5 | AV66: 0.64 | AW66: =AV66*$D66 -> 26.666667 | AX66: =$E66*AV66 -> 19.2 | AY66: 0.64 | AZ66: =AY66*$D66 -> 26.666667 | BA66: =$E66*AY66 -> 19.2 | BD66: =(K66+AQ66)/2 -> 65.625 | BE66: =(L66+AR66)/2 -> 47.25 | BF66: =(N66+AT66)/2 -> 16.666667 | BG66: =(O66+AU66)/2 -> 12 | BH66: =(Q66+AW66)/2 -> 33.75 | BI66: =(R66+AX66)/2 -> 24.3 | BJ66: =(T66+AZ66)/2 -> 33.75 | BK66: =(U66+BA66)/2 -> 24.3
A67: XII | B67: 31 | C67: =B67*24 -> 744 | D67: =E67*1000/C67 -> 26.88172 | E67: 20 | J67: 1.81 | K67: =J67*D67 -> 48.655914 | L67: =$E67*J67 -> 36.2 | M67: 0.45 | N67: =M67*D67 -> 12.096774 | O67: =$E67*M67 -> 9 | P67: 1 | Q67: =P67*D67 -> 26.88172 | R67: =$E67*P67 -> 20 | S67: 1 | T67: =S67*D67 -> 26.88172 | U67: =$E67*S67 -> 20 | Z67: 2.23 | AA67: =Z67*$D67 -> 59.946237 | AB67: =$E67*Z67 -> 44.6 | AC67: 0.42 | AD67: =AC67*$D67 -> 11.290323 | AE67: =$E67*AC67 -> 8.4 | AF67: 0.9 | AG67: =AF67*$D67 -> 24.193548 | AH67: =$E67*AF67 -> 18 | AI67: 0.9 | AJ67: =AI67*$D67 -> 24.193548 | AK67: =$E67*AI67 -> 18 | AP67: 2.19 | AQ67: =AP67*$D67 -> 58.870968 | AR67: =$E67*AP67 -> 43.8 | AS67: 0.43 | AT67: =AS67*$D67 -> 11.55914 | AU67: =$E67*AS67 -> 8.6 | AV67: 0.75 | AW67: =AV67*$D67 -> 20.16129 | AX67: =$E67*AV67 -> 15 | AY67: 0.75 | AZ67: =AY67*$D67 -> 20.16129 | BA67: =$E67*AY67 -> 15 | BD67: =(K67+AQ67)/2 -> 53.763441 | BE67: =(L67+AR67)/2 -> 40 | BF67: =(N67+AT67)/2 -> 11.827957 | BG67: =(O67+AU67)/2 -> 8.8 | BH67: =(Q67+AW67)/2 -> 23.521505 | BI67: =(R67+AX67)/2 -> 17.5 | BJ67: =(T67+AZ67)/2 -> 23.521505 | BK67: =(U67+BA67)/2 -> 17.5
A69: month | B69: days | C69: hours | E69: horizontal | J69: South | M69: North | P69: East | S69: West | Z69: South | AC69: North | AF69: East | AI69: West | AP69: South | AS69: North | AV69: East | AY69: West | BD69: South | BF69: North | BH69: East | BJ69: West
D70: W/m2 | E70: kWh/m2 | J70: kvoc | K70: W/m2 | L70: kWh/m2 | M70: kvoc | N70: W/m2 | O70: kWh/m2 | P70: kvoc | Q70: W/m2 | R70: kWh/m2 | S70: kvoc | T70: W/m2 | U70: kWh/m2 | Z70: kvoc | AA70: W/m2 | AB70: kWh/m2 | AC70: kvoc | AD70: W/m2 | AE70: kWh/m2 | AF70: kvoc | AG70: W/m2 | AH70: kWh/m2 | AI70: kvoc | AJ70: W/m2 | AK70: kWh/m2 | AP70: kvoc | AQ70: W/m2 | AR70: kWh/m2 | AS70: kvoc | AT70: W/m2 | AU70: kWh/m2 | AV70: kvoc | AW70: W/m2 | AX70: kWh/m2 | AY70: kvoc | AZ70: W/m2 | BA70: kWh/m2 | BD70: W/m2 | BE70: kWh/m2 | BF70: W/m2 | BG70: kWh/m2 | BH70: W/m2 | BI70: kWh/m2 | BJ70: W/m2 | BK70: kWh/m2
A71: I | B71: 31 | C71: =B71*24 -> 744 | D71: =E71*1000/C71 -> 32.258065 | E71: 24 | J71: 1.61 | K71: =J71*D71 -> 51.935484 | L71: =$E71*J71 -> 38.64 | M71: 0.52 | N71: =M71*D71 -> 16.774194 | O71: =$E71*M71 -> 12.48 | P71: 1 | Q71: =P71*D71 -> 32.258065 | R71: =$E71*P71 -> 24 | S71: 1 | T71: =S71*D71 -> 32.258065 | U71: =$E71*S71 -> 24 | Z71: 1.94 | AA71: =Z71*$D71 -> 62.580645 | AB71: =$E71*Z71 -> 46.56 | AC71: 0.51 | AD71: =AC71*$D71 -> 16.451613 | AE71: =$E71*AC71 -> 12.24 | AF71: 0.95 | AG71: =AF71*$D71 -> 30.645161 | AH71: =$E71*AF71 -> 22.8 | AI71: 0.95 | AJ71: =AI71*$D71 -> 30.645161 | AK71: =$E71*AI71 -> 22.8 | AP71: 1.92 | AQ71: =AP71*$D71 -> 61.935484 | AR71: =$E71*AP71 -> 46.08 | AS71: 0.55 | AT71: =AS71*$D71 -> 17.741935 | AU71: =$E71*AS71 -> 13.2 | AV71: 0.85 | AW71: =AV71*$D71 -> 27.419355 | AX71: =$E71*AV71 -> 20.4 | AY71: 0.85 | AZ71: =AY71*$D71 -> 27.419355 | BA71: =$E71*AY71 -> 20.4 | BD71: =(K71+AQ71)/2 -> 56.935484 | BE71: =(L71+AR71)/2 -> 42.36 | BF71: =(N71+AT71)/2 -> 17.258065 | BG71: =(O71+AU71)/2 -> 12.84 | BH71: =(Q71+AW71)/2 -> 29.83871 | BI71: =(R71+AX71)/2 -> 22.2 | BJ71: =(T71+AZ71)/2 -> 29.83871 | BK71: =(U71+BA71)/2 -> 22.2
A72: II | B72: 28 | C72: =B72*24 -> 672 | D72: =E72*1000/C72 -> 71.428571 | E72: 48 | J72: 1.45 | K72: =J72*D72 -> 103.57143 | L72: =$E72*J72 -> 69.6 | M72: 0.45 | N72: =M72*D72 -> 32.142857 | O72: =$E72*M72 -> 21.6 | P72: 0.98 | Q72: =P72*D72 -> 70 | R72: =$E72*P72 -> 47.04 | S72: 0.98 | T72: =S72*D72 -> 70 | U72: =$E72*S72 -> 47.04 | Z72: 1.64 | AA72: =Z72*$D72 -> 117.14286 | AB72: =$E72*Z72 -> 78.72 | AC72: 0.44 | AD72: =AC72*$D72 -> 31.428571 | AE72: =$E72*AC72 -> 21.12 | AF72: 0.92 | AG72: =AF72*$D72 -> 65.714286 | AH72: =$E72*AF72 -> 44.16 | AI72: 0.92 | AJ72: =AI72*$D72 -> 65.714286 | AK72: =$E72*AI72 -> 44.16 | AP72: 1.54 | AQ72: =AP72*$D72 -> 110 | AR72: =$E72*AP72 -> 73.92 | AS72: 0.47 | AT72: =AS72*$D72 -> 33.571429 | AU72: =$E72*AS72 -> 22.56 | AV72: 0.8 | AW72: =AV72*$D72 -> 57.142857 | AX72: =$E72*AV72 -> 38.4 | AY72: 0.8 | AZ72: =AY72*$D72 -> 57.142857 | BA72: =$E72*AY72 -> 38.4 | BD72: =(K72+AQ72)/2 -> 106.78571 | BE72: =(L72+AR72)/2 -> 71.76 | BF72: =(N72+AT72)/2 -> 32.857143 | BG72: =(O72+AU72)/2 -> 22.08 | BH72: =(Q72+AW72)/2 -> 63.571429 | BI72: =(R72+AX72)/2 -> 42.72 | BJ72: =(T72+AZ72)/2 -> 63.571429 | BK72: =(U72+BA72)/2 -> 42.72
A73: III | B73: 31 | C73: =B73*24 -> 744 | D73: =E73*1000/C73 -> 112.90323 | E73: 84 | J73: 1.25 | K73: =J73*D73 -> 141.12903 | L73: =$E73*J73 -> 105 | M73: 0.52 | N73: =M73*D73 -> 58.709677 | O73: =$E73*M73 -> 43.68 | P73: 0.96 | Q73: =P73*D73 -> 108.3871 | R73: =$E73*P73 -> 80.64 | S73: 0.96 | T73: =S73*D73 -> 108.3871 | U73: =$E73*S73 -> 80.64 | Z73: 1.28 | AA73: =Z73*$D73 -> 144.51613 | AB73: =$E73*Z73 -> 107.52 | AC73: 0.35 | AD73: =AC73*$D73 -> 39.516129 | AE73: =$E73*AC73 -> 29.4 | AF73: 0.85 | AG73: =AF73*$D73 -> 95.967742 | AH73: =$E73*AF73 -> 71.4 | AI73: 0.85 | AJ73: =AI73*$D73 -> 95.967742 | AK73: =$E73*AI73 -> 71.4 | AP73: 1.06 | AQ73: =AP73*$D73 -> 119.67742 | AR73: =$E73*AP73 -> 89.04 | AS73: 0.34 | AT73: =AS73*$D73 -> 38.387097 | AU73: =$E73*AS73 -> 28.56 | AV73: 0.67 | AW73: =AV73*$D73 -> 75.645161 | AX73: =$E73*AV73 -> 56.28 | AY73: 0.67 | AZ73: =AY73*$D73 -> 75.645161 | BA73: =$E73*AY73 -> 56.28 | BD73: =(K73+AQ73)/2 -> 130.40323 | BE73: =(L73+AR73)/2 -> 97.02 | BF73: =(N73+AT73)/2 -> 48.548387 | BG73: =(O73+AU73)/2 -> 36.12 | BH73: =(Q73+AW73)/2 -> 92.016129 | BI73: =(R73+AX73)/2 -> 68.46 | BJ73: =(T73+AZ73)/2 -> 92.016129 | BK73: =(U73+BA73)/2 -> 68.46
A74: IV | B74: 30 | C74: =B74*24 -> 720 | D74: =E74*1000/C74 -> 172.22222 | E74: 124 | J74: 1.09 | K74: =J74*D74 -> 187.72222 | L74: =$E74*J74 -> 135.16 | M74: 0.68 | N74: =M74*D74 -> 117.11111 | O74: =$E74*M74 -> 84.32 | P74: 0.94 | Q74: =P74*D74 -> 161.88889 | R74: =$E74*P74 -> 116.56 | S74: 0.94 | T74: =S74*D74 -> 161.88889 | U74: =$E74*S74 -> 116.56 | Z74: 0.99 | AA74: =Z74*$D74 -> 170.5 | AB74: =$E74*Z74 -> 122.76 | AC74: 0.34 | AD74: =AC74*$D74 -> 58.555556 | AE74: =$E74*AC74 -> 42.16 | AF74: 0.81 | AG74: =AF74*$D74 -> 139.5 | AH74: =$E74*AF74 -> 100.44 | AI74: 0.81 | AJ74: =AI74*$D74 -> 139.5 | AK74: =$E74*AI74 -> 100.44 | AP74: 0.72 | AQ74: =AP74*$D74 -> 124 | AR74: =$E74*AP74 -> 89.28 | AS74: 0.3 | AT74: =AS74*$D74 -> 51.666667 | AU74: =$E74*AS74 -> 37.2 | AV74: 0.59 | AW74: =AV74*$D74 -> 101.61111 | AX74: =$E74*AV74 -> 73.16 | AY74: 0.59 | AZ74: =AY74*$D74 -> 101.61111 | BA74: =$E74*AY74 -> 73.16 | BC74: Zilina | BD74: =(K74+AQ74)/2 -> 155.86111 | BE74: =(L74+AR74)/2 -> 112.22 | BF74: =(N74+AT74)/2 -> 84.388889 | BG74: =(O74+AU74)/2 -> 60.76 | BH74: =(Q74+AW74)/2 -> 131.75 | BI74: =(R74+AX74)/2 -> 94.86 | BJ74: =(T74+AZ74)/2 -> 131.75 | BK74: =(U74+BA74)/2 -> 94.86
A75: V | B75: 31 | C75: =B75*24 -> 744 | D75: =E75*1000/C75 -> 205.64516 | E75: 153 | I75: Zilina | J75: 1.01 | K75: =J75*D75 -> 207.70161 | L75: =$E75*J75 -> 154.53 | M75: 0.79 | N75: =M75*D75 -> 162.45968 | O75: =$E75*M75 -> 120.87 | P75: 0.94 | Q75: =P75*D75 -> 193.30645 | R75: =$E75*P75 -> 143.82 | S75: 0.94 | T75: =S75*D75 -> 193.30645 | U75: =$E75*S75 -> 143.82 | W75: Zilina | Z75: 0.84 | AA75: =Z75*$D75 -> 172.74194 | AB75: =$E75*Z75 -> 128.52 | AC75: 0.4 | AD75: =AC75*$D75 -> 82.258065 | AE75: =$E75*AC75 -> 61.2 | AF75: 0.79 | AG75: =AF75*$D75 -> 162.45968 | AH75: =$E75*AF75 -> 120.87 | AI75: 0.79 | AJ75: =AI75*$D75 -> 162.45968 | AK75: =$E75*AI75 -> 120.87 | AM75: Zilina | AP75: 0.55 | AQ75: =AP75*$D75 -> 113.10484 | AR75: =$E75*AP75 -> 84.15 | AS75: 0.3 | AT75: =AS75*$D75 -> 61.693548 | AU75: =$E75*AS75 -> 45.9 | AV75: 0.56 | AW75: =AV75*$D75 -> 115.16129 | AX75: =$E75*AV75 -> 85.68 | AY75: 0.56 | AZ75: =AY75*$D75 -> 115.16129 | BA75: =$E75*AY75 -> 85.68 | BC75: oblast 2 | BD75: =(K75+AQ75)/2 -> 160.40323 | BE75: =(L75+AR75)/2 -> 119.34 | BF75: =(N75+AT75)/2 -> 112.07661 | BG75: =(O75+AU75)/2 -> 83.385 | BH75: =(Q75+AW75)/2 -> 154.23387 | BI75: =(R75+AX75)/2 -> 114.75 | BJ75: =(T75+AZ75)/2 -> 154.23387 | BK75: =(U75+BA75)/2 -> 114.75
A76: VI | B76: 30 | C76: =B76*24 -> 720 | D76: =E76*1000/C76 -> 225 | E76: 162 | I76: oblast 2 | J76: 0.97 | K76: =J76*D76 -> 218.25 | L76: =$E76*J76 -> 157.14 | M76: 0.82 | N76: =M76*D76 -> 184.5 | O76: =$E76*M76 -> 132.84 | P76: 0.93 | Q76: =P76*D76 -> 209.25 | R76: =$E76*P76 -> 150.66 | S76: 0.93 | T76: =S76*D76 -> 209.25 | U76: =$E76*S76 -> 150.66 | W76: oblast 2 | Z76: 0.78 | AA76: =Z76*$D76 -> 175.5 | AB76: =$E76*Z76 -> 126.36 | AC76: 0.45 | AD76: =AC76*$D76 -> 101.25 | AE76: =$E76*AC76 -> 72.9 | AF76: 0.78 | AG76: =AF76*$D76 -> 175.5 | AH76: =$E76*AF76 -> 126.36 | AI76: 0.78 | AJ76: =AI76*$D76 -> 175.5 | AK76: =$E76*AI76 -> 126.36 | AM76: oblast 2 | AP76: 0.5 | AQ76: =AP76*$D76 -> 112.5 | AR76: =$E76*AP76 -> 81 | AS76: 0.32 | AT76: =AS76*$D76 -> 72 | AU76: =$E76*AS76 -> 51.84 | AV76: 0.55 | AW76: =AV76*$D76 -> 123.75 | AX76: =$E76*AV76 -> 89.1 | AY76: 0.55 | AZ76: =AY76*$D76 -> 123.75 | BA76: =$E76*AY76 -> 89.1 | BD76: =(K76+AQ76)/2 -> 165.375 | BE76: =(L76+AR76)/2 -> 119.07 | BF76: =(N76+AT76)/2 -> 128.25 | BG76: =(O76+AU76)/2 -> 92.34 | BH76: =(Q76+AW76)/2 -> 166.5 | BI76: =(R76+AX76)/2 -> 119.88 | BJ76: =(T76+AZ76)/2 -> 166.5 | BK76: =(U76+BA76)/2 -> 119.88
A77: VII | B77: 31 | C77: =B77*24 -> 744 | D77: =E77*1000/C77 -> 209.67742 | E77: 156 | J77: 0.98 | K77: =J77*D77 -> 205.48387 | L77: =$E77*J77 -> 152.88 | M77: 0.81 | N77: =M77*D77 -> 169.83871 | O77: =$E77*M77 -> 126.36 | P77: 0.93 | Q77: =P77*D77 -> 195 | R77: =$E77*P77 -> 145.08 | S77: 0.93 | T77: =S77*D77 -> 195 | U77: =$E77*S77 -> 145.08 | Z77: 0.81 | AA77: =Z77*$D77 -> 169.83871 | AB77: =$E77*Z77 -> 126.36 | AC77: 0.42 | AD77: =AC77*$D77 -> 88.064516 | AE77: =$E77*AC77 -> 65.52 | AF77: 0.78 | AG77: =AF77*$D77 -> 163.54839 | AH77: =$E77*AF77 -> 121.68 | AI77: 0.78 | AJ77: =AI77*$D77 -> 163.54839 | AK77: =$E77*AI77 -> 121.68 | AP77: 0.52 | AQ77: =AP77*$D77 -> 109.03226 | AR77: =$E77*AP77 -> 81.12 | AS77: 0.31 | AT77: =AS77*$D77 -> 65 | AU77: =$E77*AS77 -> 48.36 | AV77: 0.55 | AW77: =AV77*$D77 -> 115.32258 | AX77: =$E77*AV77 -> 85.8 | AY77: 0.55 | AZ77: =AY77*$D77 -> 115.32258 | BA77: =$E77*AY77 -> 85.8 | BD77: =(K77+AQ77)/2 -> 157.25806 | BE77: =(L77+AR77)/2 -> 117 | BF77: =(N77+AT77)/2 -> 117.41935 | BG77: =(O77+AU77)/2 -> 87.36 | BH77: =(Q77+AW77)/2 -> 155.16129 | BI77: =(R77+AX77)/2 -> 115.44 | BJ77: =(T77+AZ77)/2 -> 155.16129 | BK77: =(U77+BA77)/2 -> 115.44
A78: VIII | B78: 31 | C78: =B78*24 -> 744 | D78: =E78*1000/C78 -> 180.10753 | E78: 134 | J78: 1.04 | K78: =J78*D78 -> 187.31183 | L78: =$E78*J78 -> 139.36 | M78: 0.73 | N78: =M78*D78 -> 131.47849 | O78: =$E78*M78 -> 97.82 | P78: 0.94 | Q78: =P78*D78 -> 169.30108 | R78: =$E78*P78 -> 125.96 | S78: 0.94 | T78: =S78*D78 -> 169.30108 | U78: =$E78*S78 -> 125.96 | Z78: 0.91 | AA78: =Z78*$D78 -> 163.89785 | AB78: =$E78*Z78 -> 121.94 | AC78: 0.35 | AD78: =AC78*$D78 -> 63.037634 | AE78: =$E78*AC78 -> 46.9 | AF78: 0.79 | AG78: =AF78*$D78 -> 142.28495 | AH78: =$E78*AF78 -> 105.86 | AI78: 0.79 | AJ78: =AI78*$D78 -> 142.28495 | AK78: =$E78*AI78 -> 105.86 | AP78: 0.62 | AQ78: =AP78*$D78 -> 111.66667 | AR78: =$E78*AP78 -> 83.08 | AS78: 0.3 | AT78: =AS78*$D78 -> 54.032258 | AU78: =$E78*AS78 -> 40.2 | AV78: 0.57 | AW78: =AV78*$D78 -> 102.66129 | AX78: =$E78*AV78 -> 76.38 | AY78: 0.57 | AZ78: =AY78*$D78 -> 102.66129 | BA78: =$E78*AY78 -> 76.38 | BD78: =(K78+AQ78)/2 -> 149.48925 | BE78: =(L78+AR78)/2 -> 111.22 | BF78: =(N78+AT78)/2 -> 92.755376 | BG78: =(O78+AU78)/2 -> 69.01 | BH78: =(Q78+AW78)/2 -> 135.98118 | BI78: =(R78+AX78)/2 -> 101.17 | BJ78: =(T78+AZ78)/2 -> 135.98118 | BK78: =(U78+BA78)/2 -> 101.17
A79: IX | B79: 30 | C79: =B79*24 -> 720 | D79: =E79*1000/C79 -> 138.88889 | E79: 100 | J79: 1.17 | K79: =J79*D79 -> 162.5 | L79: =$E79*J79 -> 117 | M79: 0.59 | N79: =M79*D79 -> 81.944444 | O79: =$E79*M79 -> 59 | P79: 0.95 | Q79: =P79*D79 -> 131.94444 | R79: =$E79*P79 -> 95 | S79: 0.95 | T79: =S79*D79 -> 131.94444 | U79: =$E79*S79 -> 95 | Z79: 1.11 | AA79: =Z79*$D79 -> 154.16667 | AB79: =$E79*Z79 -> 111 | AC79: 0.31 | AD79: =AC79*$D79 -> 43.055556 | AE79: =$E79*AC79 -> 31 | AF79: 0.81 | AG79: =AF79*$D79 -> 112.5 | AH79: =$E79*AF79 -> 81 | AI79: 0.81 | AJ79: =AI79*$D79 -> 112.5 | AK79: =$E79*AI79 -> 81 | AP79: 0.85 | AQ79: =AP79*$D79 -> 118.05556 | AR79: =$E79*AP79 -> 85 | AS79: 0.28 | AT79: =AS79*$D79 -> 38.888889 | AU79: =$E79*AS79 -> 28 | AV79: 0.6 | AW79: =AV79*$D79 -> 83.333333 | AX79: =$E79*AV79 -> 60 | AY79: 0.6 | AZ79: =AY79*$D79 -> 83.333333 | BA79: =$E79*AY79 -> 60 | BD79: =(K79+AQ79)/2 -> 140.27778 | BE79: =(L79+AR79)/2 -> 101 | BF79: =(N79+AT79)/2 -> 60.416667 | BG79: =(O79+AU79)/2 -> 43.5 | BH79: =(Q79+AW79)/2 -> 107.63889 | BI79: =(R79+AX79)/2 -> 77.5 | BJ79: =(T79+AZ79)/2 -> 107.63889 | BK79: =(U79+BA79)/2 -> 77.5
A80: X | B80: 31 | C80: =B80*24 -> 744 | D80: =E80*1000/C80 -> 79.301075 | E80: 59 | J80: 1.33 | K80: =J80*D80 -> 105.47043 | L80: =$E80*J80 -> 78.47 | M80: 0.45 | N80: =M80*D80 -> 35.685484 | O80: =$E80*M80 -> 26.55 | P80: 0.96 | Q80: =P80*D80 -> 76.129032 | R80: =$E80*P80 -> 56.64 | S80: 0.96 | T80: =S80*D80 -> 76.129032 | U80: =$E80*S80 -> 56.64 | Z80: 1.4 | AA80: =Z80*$D80 -> 111.02151 | AB80: =$E80*Z80 -> 82.6 | AC80: 0.34 | AD80: =AC80*$D80 -> 26.962366 | AE80: =$E80*AC80 -> 20.06 | AF80: 0.84 | AG80: =AF80*$D80 -> 66.612903 | AH80: =$E80*AF80 -> 49.56 | AI80: 0.84 | AJ80: =AI80*$D80 -> 66.612903 | AK80: =$E80*AI80 -> 49.56 | AP80: 1.19 | AQ80: =AP80*$D80 -> 94.36828 | AR80: =$E80*AP80 -> 70.21 | AS80: 0.3 | AT80: =AS80*$D80 -> 23.790323 | AU80: =$E80*AS80 -> 17.7 | AV80: 0.63 | AW80: =AV80*$D80 -> 49.959677 | AX80: =$E80*AV80 -> 37.17 | AY80: 0.63 | AZ80: =AY80*$D80 -> 49.959677 | BA80: =$E80*AY80 -> 37.17 | BD80: =(K80+AQ80)/2 -> 99.919355 | BE80: =(L80+AR80)/2 -> 74.34 | BF80: =(N80+AT80)/2 -> 29.737903 | BG80: =(O80+AU80)/2 -> 22.125 | BH80: =(Q80+AW80)/2 -> 63.044355 | BI80: =(R80+AX80)/2 -> 46.905 | BJ80: =(T80+AZ80)/2 -> 63.044355 | BK80: =(U80+BA80)/2 -> 46.905
A81: XI | B81: 30 | C81: =B81*24 -> 720 | D81: =E81*1000/C81 -> 40.277778 | E81: 29 | J81: 1.52 | K81: =J81*D81 -> 61.222222 | L81: =$E81*J81 -> 44.08 | M81: 0.47 | N81: =M81*D81 -> 18.930556 | O81: =$E81*M81 -> 13.63 | P81: 0.97 | Q81: =P81*D81 -> 39.069444 | R81: =$E81*P81 -> 28.13 | S81: 0.97 | T81: =S81*D81 -> 39.069444 | U81: =$E81*S81 -> 28.13 | Z81: 1.75 | AA81: =Z81*$D81 -> 70.486111 | AB81: =$E81*Z81 -> 50.75 | AC81: 0.4 | AD81: =AC81*$D81 -> 16.111111 | AE81: =$E81*AC81 -> 11.6 | AF81: 0.86 | AG81: =AF81*$D81 -> 34.638889 | AH81: =$E81*AF81 -> 24.94 | AI81: 0.86 | AJ81: =AI81*$D81 -> 34.638889 | AK81: =$E81*AI81 -> 24.94 | AP81: 1.62 | AQ81: =AP81*$D81 -> 65.25 | AR81: =$E81*AP81 -> 46.98 | AS81: 0.37 | AT81: =AS81*$D81 -> 14.902778 | AU81: =$E81*AS81 -> 10.73 | AV81: 0.65 | AW81: =AV81*$D81 -> 26.180556 | AX81: =$E81*AV81 -> 18.85 | AY81: 0.65 | AZ81: =AY81*$D81 -> 26.180556 | BA81: =$E81*AY81 -> 18.85 | BD81: =(K81+AQ81)/2 -> 63.236111 | BE81: =(L81+AR81)/2 -> 45.53 | BF81: =(N81+AT81)/2 -> 16.916667 | BG81: =(O81+AU81)/2 -> 12.18 | BH81: =(Q81+AW81)/2 -> 32.625 | BI81: =(R81+AX81)/2 -> 23.49 | BJ81: =(T81+AZ81)/2 -> 32.625 | BK81: =(U81+BA81)/2 -> 23.49
A82: XII | B82: 31 | C82: =B82*24 -> 744 | D82: =E82*1000/C82 -> 22.849462 | E82: 17 | J82: 1.76 | K82: =J82*D82 -> 40.215054 | L82: =$E82*J82 -> 29.92 | M82: 0.48 | N82: =M82*D82 -> 10.967742 | O82: =$E82*M82 -> 8.16 | P82: 0.99 | Q82: =P82*D82 -> 22.620968 | R82: =$E82*P82 -> 16.83 | S82: 0.99 | T82: =S82*D82 -> 22.620968 | U82: =$E82*S82 -> 16.83 | Z82: 2.15 | AA82: =Z82*$D82 -> 49.126344 | AB82: =$E82*Z82 -> 36.55 | AC82: 0.46 | AD82: =AC82*$D82 -> 10.510753 | AE82: =$E82*AC82 -> 7.82 | AF82: 0.9 | AG82: =AF82*$D82 -> 20.564516 | AH82: =$E82*AF82 -> 15.3 | AI82: 0.9 | AJ82: =AI82*$D82 -> 20.564516 | AK82: =$E82*AI82 -> 15.3 | AP82: 2.19 | AQ82: =AP82*$D82 -> 50.040323 | AR82: =$E82*AP82 -> 37.23 | AS82: 0.46 | AT82: =AS82*$D82 -> 10.510753 | AU82: =$E82*AS82 -> 7.82 | AV82: 0.77 | AW82: =AV82*$D82 -> 17.594086 | AX82: =$E82*AV82 -> 13.09 | AY82: 0.77 | AZ82: =AY82*$D82 -> 17.594086 | BA82: =$E82*AY82 -> 13.09 | BD82: =(K82+AQ82)/2 -> 45.127688 | BE82: =(L82+AR82)/2 -> 33.575 | BF82: =(N82+AT82)/2 -> 10.739247 | BG82: =(O82+AU82)/2 -> 7.99 | BH82: =(Q82+AW82)/2 -> 20.107527 | BI82: =(R82+AX82)/2 -> 14.96 | BJ82: =(T82+AZ82)/2 -> 20.107527 | BK82: =(U82+BA82)/2 -> 14.96
A85: month | B85: days | C85: hours | E85: horizontal | J85: South | M85: North | P85: East | S85: West | Z85: South | AC85: North | AF85: East | AI85: West | AP85: South | AS85: North | AV85: East | AY85: West | BD85: South | BF85: North | BH85: East | BJ85: West
D86: W/m2 | E86: kWh/m2 | J86: kvoc | K86: W/m2 | L86: kWh/m2 | M86: kvoc | N86: W/m2 | O86: kWh/m2 | P86: kvoc | Q86: W/m2 | R86: kWh/m2 | S86: kvoc | T86: W/m2 | U86: kWh/m2 | Z86: kvoc | AA86: W/m2 | AB86: kWh/m2 | AC86: kvoc | AD86: W/m2 | AE86: kWh/m2 | AF86: kvoc | AG86: W/m2 | AH86: kWh/m2 | AI86: kvoc | AJ86: W/m2 | AK86: kWh/m2 | AP86: kvoc | AQ86: W/m2 | AR86: kWh/m2 | AS86: kvoc | AT86: W/m2 | AU86: kWh/m2 | AV86: kvoc | AW86: W/m2 | AX86: kWh/m2 | AY86: kvoc | AZ86: W/m2 | BA86: kWh/m2 | BD86: W/m2 | BE86: kWh/m2 | BF86: W/m2 | BG86: kWh/m2 | BH86: W/m2 | BI86: kWh/m2 | BJ86: W/m2 | BK86: kWh/m2
A87: I | B87: 31 | C87: =B87*24 -> 744 | D87: =E87*1000/C87 -> 37.634409 | E87: 28 | J87: 1.61 | K87: =J87*D87 -> 60.591398 | L87: =$E87*J87 -> 45.08 | M87: 0.52 | N87: =M87*D87 -> 19.569892 | O87: =$E87*M87 -> 14.56 | P87: 1 | Q87: =P87*D87 -> 37.634409 | R87: =$E87*P87 -> 28 | S87: 1 | T87: =S87*D87 -> 37.634409 | U87: =$E87*S87 -> 28 | Z87: 1.94 | AA87: =Z87*$D87 -> 73.010753 | AB87: =$E87*Z87 -> 54.32 | AC87: 0.51 | AD87: =AC87*$D87 -> 19.193548 | AE87: =$E87*AC87 -> 14.28 | AF87: 0.95 | AG87: =AF87*$D87 -> 35.752688 | AH87: =$E87*AF87 -> 26.6 | AI87: 0.95 | AJ87: =AI87*$D87 -> 35.752688 | AK87: =$E87*AI87 -> 26.6 | AP87: 1.92 | AQ87: =AP87*$D87 -> 72.258065 | AR87: =$E87*AP87 -> 53.76 | AS87: 0.55 | AT87: =AS87*$D87 -> 20.698925 | AU87: =$E87*AS87 -> 15.4 | AV87: 0.85 | AW87: =AV87*$D87 -> 31.989247 | AX87: =$E87*AV87 -> 23.8 | AY87: 0.85 | AZ87: =AY87*$D87 -> 31.989247 | BA87: =$E87*AY87 -> 23.8 | BD87: =(K87+AQ87)/2 -> 66.424731 | BE87: =(L87+AR87)/2 -> 49.42 | BF87: =(N87+AT87)/2 -> 20.134409 | BG87: =(O87+AU87)/2 -> 14.98 | BH87: =(Q87+AW87)/2 -> 34.811828 | BI87: =(R87+AX87)/2 -> 25.9 | BJ87: =(T87+AZ87)/2 -> 34.811828 | BK87: =(U87+BA87)/2 -> 25.9
A88: II | B88: 28 | C88: =B88*24 -> 672 | D88: =E88*1000/C88 -> 75.892857 | E88: 51 | J88: 1.45 | K88: =J88*D88 -> 110.04464 | L88: =$E88*J88 -> 73.95 | M88: 0.45 | N88: =M88*D88 -> 34.151786 | O88: =$E88*M88 -> 22.95 | P88: 0.98 | Q88: =P88*D88 -> 74.375 | R88: =$E88*P88 -> 49.98 | S88: 0.98 | T88: =S88*D88 -> 74.375 | U88: =$E88*S88 -> 49.98 | Z88: 1.64 | AA88: =Z88*$D88 -> 124.46429 | AB88: =$E88*Z88 -> 83.64 | AC88: 0.44 | AD88: =AC88*$D88 -> 33.392857 | AE88: =$E88*AC88 -> 22.44 | AF88: 0.92 | AG88: =AF88*$D88 -> 69.821429 | AH88: =$E88*AF88 -> 46.92 | AI88: 0.92 | AJ88: =AI88*$D88 -> 69.821429 | AK88: =$E88*AI88 -> 46.92 | AP88: 1.54 | AQ88: =AP88*$D88 -> 116.875 | AR88: =$E88*AP88 -> 78.54 | AS88: 0.47 | AT88: =AS88*$D88 -> 35.669643 | AU88: =$E88*AS88 -> 23.97 | AV88: 0.8 | AW88: =AV88*$D88 -> 60.714286 | AX88: =$E88*AV88 -> 40.8 | AY88: 0.8 | AZ88: =AY88*$D88 -> 60.714286 | BA88: =$E88*AY88 -> 40.8 | BD88: =(K88+AQ88)/2 -> 113.45982 | BE88: =(L88+AR88)/2 -> 76.245 | BF88: =(N88+AT88)/2 -> 34.910714 | BG88: =(O88+AU88)/2 -> 23.46 | BH88: =(Q88+AW88)/2 -> 67.544643 | BI88: =(R88+AX88)/2 -> 45.39 | BJ88: =(T88+AZ88)/2 -> 67.544643 | BK88: =(U88+BA88)/2 -> 45.39
A89: III | B89: 31 | C89: =B89*24 -> 744 | D89: =E89*1000/C89 -> 115.5914 | E89: 86 | J89: 1.25 | K89: =J89*D89 -> 144.48925 | L89: =$E89*J89 -> 107.5 | M89: 0.52 | N89: =M89*D89 -> 60.107527 | O89: =$E89*M89 -> 44.72 | P89: 0.96 | Q89: =P89*D89 -> 110.96774 | R89: =$E89*P89 -> 82.56 | S89: 0.96 | T89: =S89*D89 -> 110.96774 | U89: =$E89*S89 -> 82.56 | Z89: 1.28 | AA89: =Z89*$D89 -> 147.95699 | AB89: =$E89*Z89 -> 110.08 | AC89: 0.35 | AD89: =AC89*$D89 -> 40.456989 | AE89: =$E89*AC89 -> 30.1 | AF89: 0.85 | AG89: =AF89*$D89 -> 98.252688 | AH89: =$E89*AF89 -> 73.1 | AI89: 0.85 | AJ89: =AI89*$D89 -> 98.252688 | AK89: =$E89*AI89 -> 73.1 | AP89: 1.06 | AQ89: =AP89*$D89 -> 122.52688 | AR89: =$E89*AP89 -> 91.16 | AS89: 0.34 | AT89: =AS89*$D89 -> 39.301075 | AU89: =$E89*AS89 -> 29.24 | AV89: 0.67 | AW89: =AV89*$D89 -> 77.446237 | AX89: =$E89*AV89 -> 57.62 | AY89: 0.67 | AZ89: =AY89*$D89 -> 77.446237 | BA89: =$E89*AY89 -> 57.62 | BD89: =(K89+AQ89)/2 -> 133.50806 | BE89: =(L89+AR89)/2 -> 99.33 | BF89: =(N89+AT89)/2 -> 49.704301 | BG89: =(O89+AU89)/2 -> 36.98 | BH89: =(Q89+AW89)/2 -> 94.206989 | BI89: =(R89+AX89)/2 -> 70.09 | BJ89: =(T89+AZ89)/2 -> 94.206989 | BK89: =(U89+BA89)/2 -> 70.09
A90: IV | B90: 30 | C90: =B90*24 -> 720 | D90: =E90*1000/C90 -> 176.38889 | E90: 127 | J90: 1.09 | K90: =J90*D90 -> 192.26389 | L90: =$E90*J90 -> 138.43 | M90: 0.68 | N90: =M90*D90 -> 119.94444 | O90: =$E90*M90 -> 86.36 | P90: 0.94 | Q90: =P90*D90 -> 165.80556 | R90: =$E90*P90 -> 119.38 | S90: 0.94 | T90: =S90*D90 -> 165.80556 | U90: =$E90*S90 -> 119.38 | Z90: 0.99 | AA90: =Z90*$D90 -> 174.625 | AB90: =$E90*Z90 -> 125.73 | AC90: 0.34 | AD90: =AC90*$D90 -> 59.972222 | AE90: =$E90*AC90 -> 43.18 | AF90: 0.81 | AG90: =AF90*$D90 -> 142.875 | AH90: =$E90*AF90 -> 102.87 | AI90: 0.81 | AJ90: =AI90*$D90 -> 142.875 | AK90: =$E90*AI90 -> 102.87 | AP90: 0.72 | AQ90: =AP90*$D90 -> 127 | AR90: =$E90*AP90 -> 91.44 | AS90: 0.3 | AT90: =AS90*$D90 -> 52.916667 | AU90: =$E90*AS90 -> 38.1 | AV90: 0.59 | AW90: =AV90*$D90 -> 104.06944 | AX90: =$E90*AV90 -> 74.93 | AY90: 0.59 | AZ90: =AY90*$D90 -> 104.06944 | BA90: =$E90*AY90 -> 74.93 | BD90: =(K90+AQ90)/2 -> 159.63194 | BE90: =(L90+AR90)/2 -> 114.935 | BF90: =(N90+AT90)/2 -> 86.430556 | BG90: =(O90+AU90)/2 -> 62.23 | BH90: =(Q90+AW90)/2 -> 134.9375 | BI90: =(R90+AX90)/2 -> 97.155 | BJ90: =(T90+AZ90)/2 -> 134.9375 | BK90: =(U90+BA90)/2 -> 97.155
A91: V | B91: 31 | C91: =B91*24 -> 744 | D91: =E91*1000/C91 -> 201.6129 | E91: 150 | J91: 1.01 | K91: =J91*D91 -> 203.62903 | L91: =$E91*J91 -> 151.5 | M91: 0.79 | N91: =M91*D91 -> 159.27419 | O91: =$E91*M91 -> 118.5 | P91: 0.94 | Q91: =P91*D91 -> 189.51613 | R91: =$E91*P91 -> 141 | S91: 0.94 | T91: =S91*D91 -> 189.51613 | U91: =$E91*S91 -> 141 | Z91: 0.84 | AA91: =Z91*$D91 -> 169.35484 | AB91: =$E91*Z91 -> 126 | AC91: 0.4 | AD91: =AC91*$D91 -> 80.645161 | AE91: =$E91*AC91 -> 60 | AF91: 0.79 | AG91: =AF91*$D91 -> 159.27419 | AH91: =$E91*AF91 -> 118.5 | AI91: 0.79 | AJ91: =AI91*$D91 -> 159.27419 | AK91: =$E91*AI91 -> 118.5 | AP91: 0.55 | AQ91: =AP91*$D91 -> 110.8871 | AR91: =$E91*AP91 -> 82.5 | AS91: 0.3 | AT91: =AS91*$D91 -> 60.483871 | AU91: =$E91*AS91 -> 45 | AV91: 0.56 | AW91: =AV91*$D91 -> 112.90323 | AX91: =$E91*AV91 -> 84 | AY91: 0.56 | AZ91: =AY91*$D91 -> 112.90323 | BA91: =$E91*AY91 -> 84 | BC91: Dolny Kubin | BD91: =(K91+AQ91)/2 -> 157.25806 | BE91: =(L91+AR91)/2 -> 117 | BF91: =(N91+AT91)/2 -> 109.87903 | BG91: =(O91+AU91)/2 -> 81.75 | BH91: =(Q91+AW91)/2 -> 151.20968 | BI91: =(R91+AX91)/2 -> 112.5 | BJ91: =(T91+AZ91)/2 -> 151.20968 | BK91: =(U91+BA91)/2 -> 112.5
A92: VI | B92: 30 | C92: =B92*24 -> 720 | D92: =E92*1000/C92 -> 218.05556 | E92: 157 | I92: Dolny Kubin | J92: 0.97 | K92: =J92*D92 -> 211.51389 | L92: =$E92*J92 -> 152.29 | M92: 0.82 | N92: =M92*D92 -> 178.80556 | O92: =$E92*M92 -> 128.74 | P92: 0.93 | Q92: =P92*D92 -> 202.79167 | R92: =$E92*P92 -> 146.01 | S92: 0.93 | T92: =S92*D92 -> 202.79167 | U92: =$E92*S92 -> 146.01 | W92: Dolny Kubin | Z92: 0.78 | AA92: =Z92*$D92 -> 170.08333 | AB92: =$E92*Z92 -> 122.46 | AC92: 0.45 | AD92: =AC92*$D92 -> 98.125 | AE92: =$E92*AC92 -> 70.65 | AF92: 0.78 | AG92: =AF92*$D92 -> 170.08333 | AH92: =$E92*AF92 -> 122.46 | AI92: 0.78 | AJ92: =AI92*$D92 -> 170.08333 | AK92: =$E92*AI92 -> 122.46 | AM92: Dolny Kubin | AP92: 0.5 | AQ92: =AP92*$D92 -> 109.02778 | AR92: =$E92*AP92 -> 78.5 | AS92: 0.32 | AT92: =AS92*$D92 -> 69.777778 | AU92: =$E92*AS92 -> 50.24 | AV92: 0.55 | AW92: =AV92*$D92 -> 119.93056 | AX92: =$E92*AV92 -> 86.35 | AY92: 0.55 | AZ92: =AY92*$D92 -> 119.93056 | BA92: =$E92*AY92 -> 86.35 | BC92: oblast 2 | BD92: =(K92+AQ92)/2 -> 160.27083 | BE92: =(L92+AR92)/2 -> 115.395 | BF92: =(N92+AT92)/2 -> 124.29167 | BG92: =(O92+AU92)/2 -> 89.49 | BH92: =(Q92+AW92)/2 -> 161.36111 | BI92: =(R92+AX92)/2 -> 116.18 | BJ92: =(T92+AZ92)/2 -> 161.36111 | BK92: =(U92+BA92)/2 -> 116.18
A93: VII | B93: 31 | C93: =B93*24 -> 744 | D93: =E93*1000/C93 -> 202.95699 | E93: 151 | I93: oblast 2 | J93: 0.98 | K93: =J93*D93 -> 198.89785 | L93: =$E93*J93 -> 147.98 | M93: 0.81 | N93: =M93*D93 -> 164.39516 | O93: =$E93*M93 -> 122.31 | P93: 0.93 | Q93: =P93*D93 -> 188.75 | R93: =$E93*P93 -> 140.43 | S93: 0.93 | T93: =S93*D93 -> 188.75 | U93: =$E93*S93 -> 140.43 | W93: oblast 2 | Z93: 0.81 | AA93: =Z93*$D93 -> 164.39516 | AB93: =$E93*Z93 -> 122.31 | AC93: 0.42 | AD93: =AC93*$D93 -> 85.241935 | AE93: =$E93*AC93 -> 63.42 | AF93: 0.78 | AG93: =AF93*$D93 -> 158.30645 | AH93: =$E93*AF93 -> 117.78 | AI93: 0.78 | AJ93: =AI93*$D93 -> 158.30645 | AK93: =$E93*AI93 -> 117.78 | AM93: oblast 2 | AP93: 0.52 | AQ93: =AP93*$D93 -> 105.53763 | AR93: =$E93*AP93 -> 78.52 | AS93: 0.31 | AT93: =AS93*$D93 -> 62.916667 | AU93: =$E93*AS93 -> 46.81 | AV93: 0.55 | AW93: =AV93*$D93 -> 111.62634 | AX93: =$E93*AV93 -> 83.05 | AY93: 0.55 | AZ93: =AY93*$D93 -> 111.62634 | BA93: =$E93*AY93 -> 83.05 | BD93: =(K93+AQ93)/2 -> 152.21774 | BE93: =(L93+AR93)/2 -> 113.25 | BF93: =(N93+AT93)/2 -> 113.65591 | BG93: =(O93+AU93)/2 -> 84.56 | BH93: =(Q93+AW93)/2 -> 150.18817 | BI93: =(R93+AX93)/2 -> 111.74 | BJ93: =(T93+AZ93)/2 -> 150.18817 | BK93: =(U93+BA93)/2 -> 111.74
A94: VIII | B94: 31 | C94: =B94*24 -> 744 | D94: =E94*1000/C94 -> 162.63441 | E94: 121 | J94: 1.04 | K94: =J94*D94 -> 169.13978 | L94: =$E94*J94 -> 125.84 | M94: 0.73 | N94: =M94*D94 -> 118.72312 | O94: =$E94*M94 -> 88.33 | P94: 0.94 | Q94: =P94*D94 -> 152.87634 | R94: =$E94*P94 -> 113.74 | S94: 0.94 | T94: =S94*D94 -> 152.87634 | U94: =$E94*S94 -> 113.74 | Z94: 0.91 | AA94: =Z94*$D94 -> 147.99731 | AB94: =$E94*Z94 -> 110.11 | AC94: 0.35 | AD94: =AC94*$D94 -> 56.922043 | AE94: =$E94*AC94 -> 42.35 | AF94: 0.79 | AG94: =AF94*$D94 -> 128.48118 | AH94: =$E94*AF94 -> 95.59 | AI94: 0.79 | AJ94: =AI94*$D94 -> 128.48118 | AK94: =$E94*AI94 -> 95.59 | AP94: 0.62 | AQ94: =AP94*$D94 -> 100.83333 | AR94: =$E94*AP94 -> 75.02 | AS94: 0.3 | AT94: =AS94*$D94 -> 48.790323 | AU94: =$E94*AS94 -> 36.3 | AV94: 0.57 | AW94: =AV94*$D94 -> 92.701613 | AX94: =$E94*AV94 -> 68.97 | AY94: 0.57 | AZ94: =AY94*$D94 -> 92.701613 | BA94: =$E94*AY94 -> 68.97 | BD94: =(K94+AQ94)/2 -> 134.98656 | BE94: =(L94+AR94)/2 -> 100.43 | BF94: =(N94+AT94)/2 -> 83.75672 | BG94: =(O94+AU94)/2 -> 62.315 | BH94: =(Q94+AW94)/2 -> 122.78898 | BI94: =(R94+AX94)/2 -> 91.355 | BJ94: =(T94+AZ94)/2 -> 122.78898 | BK94: =(U94+BA94)/2 -> 91.355
A95: IX | B95: 30 | C95: =B95*24 -> 720 | D95: =E95*1000/C95 -> 134.72222 | E95: 97 | J95: 1.17 | K95: =J95*D95 -> 157.625 | L95: =$E95*J95 -> 113.49 | M95: 0.59 | N95: =M95*D95 -> 79.486111 | O95: =$E95*M95 -> 57.23 | P95: 0.95 | Q95: =P95*D95 -> 127.98611 | R95: =$E95*P95 -> 92.15 | S95: 0.95 | T95: =S95*D95 -> 127.98611 | U95: =$E95*S95 -> 92.15 | Z95: 1.11 | AA95: =Z95*$D95 -> 149.54167 | AB95: =$E95*Z95 -> 107.67 | AC95: 0.31 | AD95: =AC95*$D95 -> 41.763889 | AE95: =$E95*AC95 -> 30.07 | AF95: 0.81 | AG95: =AF95*$D95 -> 109.125 | AH95: =$E95*AF95 -> 78.57 | AI95: 0.81 | AJ95: =AI95*$D95 -> 109.125 | AK95: =$E95*AI95 -> 78.57 | AP95: 0.85 | AQ95: =AP95*$D95 -> 114.51389 | AR95: =$E95*AP95 -> 82.45 | AS95: 0.28 | AT95: =AS95*$D95 -> 37.722222 | AU95: =$E95*AS95 -> 27.16 | AV95: 0.6 | AW95: =AV95*$D95 -> 80.833333 | AX95: =$E95*AV95 -> 58.2 | AY95: 0.6 | AZ95: =AY95*$D95 -> 80.833333 | BA95: =$E95*AY95 -> 58.2 | BD95: =(K95+AQ95)/2 -> 136.06944 | BE95: =(L95+AR95)/2 -> 97.97 | BF95: =(N95+AT95)/2 -> 58.604167 | BG95: =(O95+AU95)/2 -> 42.195 | BH95: =(Q95+AW95)/2 -> 104.40972 | BI95: =(R95+AX95)/2 -> 75.175 | BJ95: =(T95+AZ95)/2 -> 104.40972 | BK95: =(U95+BA95)/2 -> 75.175
A96: X | B96: 31 | C96: =B96*24 -> 744 | D96: =E96*1000/C96 -> 77.956989 | E96: 58 | J96: 1.33 | K96: =J96*D96 -> 103.6828 | L96: =$E96*J96 -> 77.14 | M96: 0.45 | N96: =M96*D96 -> 35.080645 | O96: =$E96*M96 -> 26.1 | P96: 0.96 | Q96: =P96*D96 -> 74.83871 | R96: =$E96*P96 -> 55.68 | S96: 0.96 | T96: =S96*D96 -> 74.83871 | U96: =$E96*S96 -> 55.68 | Z96: 1.4 | AA96: =Z96*$D96 -> 109.13978 | AB96: =$E96*Z96 -> 81.2 | AC96: 0.34 | AD96: =AC96*$D96 -> 26.505376 | AE96: =$E96*AC96 -> 19.72 | AF96: 0.84 | AG96: =AF96*$D96 -> 65.483871 | AH96: =$E96*AF96 -> 48.72 | AI96: 0.84 | AJ96: =AI96*$D96 -> 65.483871 | AK96: =$E96*AI96 -> 48.72 | AP96: 1.19 | AQ96: =AP96*$D96 -> 92.768817 | AR96: =$E96*AP96 -> 69.02 | AS96: 0.3 | AT96: =AS96*$D96 -> 23.387097 | AU96: =$E96*AS96 -> 17.4 | AV96: 0.63 | AW96: =AV96*$D96 -> 49.112903 | AX96: =$E96*AV96 -> 36.54 | AY96: 0.63 | AZ96: =AY96*$D96 -> 49.112903 | BA96: =$E96*AY96 -> 36.54 | BD96: =(K96+AQ96)/2 -> 98.225806 | BE96: =(L96+AR96)/2 -> 73.08 | BF96: =(N96+AT96)/2 -> 29.233871 | BG96: =(O96+AU96)/2 -> 21.75 | BH96: =(Q96+AW96)/2 -> 61.975806 | BI96: =(R96+AX96)/2 -> 46.11 | BJ96: =(T96+AZ96)/2 -> 61.975806 | BK96: =(U96+BA96)/2 -> 46.11
A97: XI | B97: 30 | C97: =B97*24 -> 720 | D97: =E97*1000/C97 -> 41.666667 | E97: 30 | J97: 1.52 | K97: =J97*D97 -> 63.333333 | L97: =$E97*J97 -> 45.6 | M97: 0.47 | N97: =M97*D97 -> 19.583333 | O97: =$E97*M97 -> 14.1 | P97: 0.97 | Q97: =P97*D97 -> 40.416667 | R97: =$E97*P97 -> 29.1 | S97: 0.97 | T97: =S97*D97 -> 40.416667 | U97: =$E97*S97 -> 29.1 | Z97: 1.75 | AA97: =Z97*$D97 -> 72.916667 | AB97: =$E97*Z97 -> 52.5 | AC97: 0.4 | AD97: =AC97*$D97 -> 16.666667 | AE97: =$E97*AC97 -> 12 | AF97: 0.86 | AG97: =AF97*$D97 -> 35.833333 | AH97: =$E97*AF97 -> 25.8 | AI97: 0.86 | AJ97: =AI97*$D97 -> 35.833333 | AK97: =$E97*AI97 -> 25.8 | AP97: 1.62 | AQ97: =AP97*$D97 -> 67.5 | AR97: =$E97*AP97 -> 48.6 | AS97: 0.37 | AT97: =AS97*$D97 -> 15.416667 | AU97: =$E97*AS97 -> 11.1 | AV97: 0.65 | AW97: =AV97*$D97 -> 27.083333 | AX97: =$E97*AV97 -> 19.5 | AY97: 0.65 | AZ97: =AY97*$D97 -> 27.083333 | BA97: =$E97*AY97 -> 19.5 | BD97: =(K97+AQ97)/2 -> 65.416667 | BE97: =(L97+AR97)/2 -> 47.1 | BF97: =(N97+AT97)/2 -> 17.5 | BG97: =(O97+AU97)/2 -> 12.6 | BH97: =(Q97+AW97)/2 -> 33.75 | BI97: =(R97+AX97)/2 -> 24.3 | BJ97: =(T97+AZ97)/2 -> 33.75 | BK97: =(U97+BA97)/2 -> 24.3
A98: XII | B98: 31 | C98: =B98*24 -> 744 | D98: =E98*1000/C98 -> 28.225806 | E98: 21 | J98: 1.76 | K98: =J98*D98 -> 49.677419 | L98: =$E98*J98 -> 36.96 | M98: 0.48 | N98: =M98*D98 -> 13.548387 | O98: =$E98*M98 -> 10.08 | P98: 0.99 | Q98: =P98*D98 -> 27.943548 | R98: =$E98*P98 -> 20.79 | S98: 0.99 | T98: =S98*D98 -> 27.943548 | U98: =$E98*S98 -> 20.79 | Z98: 2.15 | AA98: =Z98*$D98 -> 60.685484 | AB98: =$E98*Z98 -> 45.15 | AC98: 0.46 | AD98: =AC98*$D98 -> 12.983871 | AE98: =$E98*AC98 -> 9.66 | AF98: 0.9 | AG98: =AF98*$D98 -> 25.403226 | AH98: =$E98*AF98 -> 18.9 | AI98: 0.9 | AJ98: =AI98*$D98 -> 25.403226 | AK98: =$E98*AI98 -> 18.9 | AP98: 2.19 | AQ98: =AP98*$D98 -> 61.814516 | AR98: =$E98*AP98 -> 45.99 | AS98: 0.46 | AT98: =AS98*$D98 -> 12.983871 | AU98: =$E98*AS98 -> 9.66 | AV98: 0.77 | AW98: =AV98*$D98 -> 21.733871 | AX98: =$E98*AV98 -> 16.17 | AY98: 0.77 | AZ98: =AY98*$D98 -> 21.733871 | BA98: =$E98*AY98 -> 16.17 | BD98: =(K98+AQ98)/2 -> 55.745968 | BE98: =(L98+AR98)/2 -> 41.475 | BF98: =(N98+AT98)/2 -> 13.266129 | BG98: =(O98+AU98)/2 -> 9.87 | BH98: =(Q98+AW98)/2 -> 24.83871 | BI98: =(R98+AX98)/2 -> 18.48 | BJ98: =(T98+AZ98)/2 -> 24.83871 | BK98: =(U98+BA98)/2 -> 18.48
A102: month | B102: days | C102: hours | E102: horizontal | J102: South | M102: North | P102: East | S102: West | Z102: South | AC102: North | AF102: East | AI102: West | AP102: South | AS102: North | AV102: East | AY102: West | BD102: South | BF102: North | BH102: East | BJ102: West
D103: W/m2 | E103: kWh/m2 | J103: kvoc | K103: W/m2 | L103: kWh/m2 | M103: kvoc | N103: W/m2 | O103: kWh/m2 | P103: kvoc | Q103: W/m2 | R103: kWh/m2 | S103: kvoc | T103: W/m2 | U103: kWh/m2 | Z103: kvoc | AA103: W/m2 | AB103: kWh/m2 | AC103: kvoc | AD103: W/m2 | AE103: kWh/m2 | AF103: kvoc | AG103: W/m2 | AH103: kWh/m2 | AI103: kvoc | AJ103: W/m2 | AK103: kWh/m2 | AP103: kvoc | AQ103: W/m2 | AR103: kWh/m2 | AS103: kvoc | AT103: W/m2 | AU103: kWh/m2 | AV103: kvoc | AW103: W/m2 | AX103: kWh/m2 | AY103: kvoc | AZ103: W/m2 | BA103: kWh/m2 | BD103: W/m2 | BE103: kWh/m2 | BF103: W/m2 | BG103: kWh/m2 | BH103: W/m2 | BI103: kWh/m2 | BJ103: W/m2 | BK103: kWh/m2
A104: I | B104: 31 | C104: =B104*24 -> 744 | D104: =E104*1000/C104 -> 40.322581 | E104: 30 | J104: 1.61 | K104: =J104*D104 -> 64.919355 | L104: =$E104*J104 -> 48.3 | M104: 0.52 | N104: =M104*D104 -> 20.967742 | O104: =$E104*M104 -> 15.6 | P104: 1 | Q104: =P104*D104 -> 40.322581 | R104: =$E104*P104 -> 30 | S104: 1 | T104: =S104*D104 -> 40.322581 | U104: =$E104*S104 -> 30 | Z104: 1.94 | AA104: =Z104*$D104 -> 78.225806 | AB104: =$E104*Z104 -> 58.2 | AC104: 0.51 | AD104: =AC104*$D104 -> 20.564516 | AE104: =$E104*AC104 -> 15.3 | AF104: 0.95 | AG104: =AF104*$D104 -> 38.306452 | AH104: =$E104*AF104 -> 28.5 | AI104: 0.95 | AJ104: =AI104*$D104 -> 38.306452 | AK104: =$E104*AI104 -> 28.5 | AP104: 1.92 | AQ104: =AP104*$D104 -> 77.419355 | AR104: =$E104*AP104 -> 57.6 | AS104: 0.55 | AT104: =AS104*$D104 -> 22.177419 | AU104: =$E104*AS104 -> 16.5 | AV104: 0.85 | AW104: =AV104*$D104 -> 34.274194 | AX104: =$E104*AV104 -> 25.5 | AY104: 0.85 | AZ104: =AY104*$D104 -> 34.274194 | BA104: =$E104*AY104 -> 25.5 | BD104: =(K104+AQ104)/2 -> 71.169355 | BE104: =(L104+AR104)/2 -> 52.95 | BF104: =(N104+AT104)/2 -> 21.572581 | BG104: =(O104+AU104)/2 -> 16.05 | BH104: =(Q104+AW104)/2 -> 37.298387 | BI104: =(R104+AX104)/2 -> 27.75 | BJ104: =(T104+AZ104)/2 -> 37.298387 | BK104: =(U104+BA104)/2 -> 27.75
A105: II | B105: 28 | C105: =B105*24 -> 672 | D105: =E105*1000/C105 -> 81.845238 | E105: 55 | J105: 1.45 | K105: =J105*D105 -> 118.6756 | L105: =$E105*J105 -> 79.75 | M105: 0.45 | N105: =M105*D105 -> 36.830357 | O105: =$E105*M105 -> 24.75 | P105: 0.98 | Q105: =P105*D105 -> 80.208333 | R105: =$E105*P105 -> 53.9 | S105: 0.98 | T105: =S105*D105 -> 80.208333 | U105: =$E105*S105 -> 53.9 | Z105: 1.64 | AA105: =Z105*$D105 -> 134.22619 | AB105: =$E105*Z105 -> 90.2 | AC105: 0.44 | AD105: =AC105*$D105 -> 36.011905 | AE105: =$E105*AC105 -> 24.2 | AF105: 0.92 | AG105: =AF105*$D105 -> 75.297619 | AH105: =$E105*AF105 -> 50.6 | AI105: 0.92 | AJ105: =AI105*$D105 -> 75.297619 | AK105: =$E105*AI105 -> 50.6 | AP105: 1.54 | AQ105: =AP105*$D105 -> 126.04167 | AR105: =$E105*AP105 -> 84.7 | AS105: 0.47 | AT105: =AS105*$D105 -> 38.467262 | AU105: =$E105*AS105 -> 25.85 | AV105: 0.8 | AW105: =AV105*$D105 -> 65.47619 | AX105: =$E105*AV105 -> 44 | AY105: 0.8 | AZ105: =AY105*$D105 -> 65.47619 | BA105: =$E105*AY105 -> 44 | BD105: =(K105+AQ105)/2 -> 122.35863 | BE105: =(L105+AR105)/2 -> 82.225 | BF105: =(N105+AT105)/2 -> 37.64881 | BG105: =(O105+AU105)/2 -> 25.3 | BH105: =(Q105+AW105)/2 -> 72.842262 | BI105: =(R105+AX105)/2 -> 48.95 | BJ105: =(T105+AZ105)/2 -> 72.842262 | BK105: =(U105+BA105)/2 -> 48.95
A106: III | B106: 31 | C106: =B106*24 -> 744 | D106: =E106*1000/C106 -> 123.65591 | E106: 92 | J106: 1.25 | K106: =J106*D106 -> 154.56989 | L106: =$E106*J106 -> 115 | M106: 0.52 | N106: =M106*D106 -> 64.301075 | O106: =$E106*M106 -> 47.84 | P106: 0.96 | Q106: =P106*D106 -> 118.70968 | R106: =$E106*P106 -> 88.32 | S106: 0.96 | T106: =S106*D106 -> 118.70968 | U106: =$E106*S106 -> 88.32 | Z106: 1.28 | AA106: =Z106*$D106 -> 158.27957 | AB106: =$E106*Z106 -> 117.76 | AC106: 0.35 | AD106: =AC106*$D106 -> 43.27957 | AE106: =$E106*AC106 -> 32.2 | AF106: 0.85 | AG106: =AF106*$D106 -> 105.10753 | AH106: =$E106*AF106 -> 78.2 | AI106: 0.85 | AJ106: =AI106*$D106 -> 105.10753 | AK106: =$E106*AI106 -> 78.2 | AP106: 1.06 | AQ106: =AP106*$D106 -> 131.07527 | AR106: =$E106*AP106 -> 97.52 | AS106: 0.34 | AT106: =AS106*$D106 -> 42.043011 | AU106: =$E106*AS106 -> 31.28 | AV106: 0.67 | AW106: =AV106*$D106 -> 82.849462 | AX106: =$E106*AV106 -> 61.64 | AY106: 0.67 | AZ106: =AY106*$D106 -> 82.849462 | BA106: =$E106*AY106 -> 61.64 | BD106: =(K106+AQ106)/2 -> 142.82258 | BE106: =(L106+AR106)/2 -> 106.26 | BF106: =(N106+AT106)/2 -> 53.172043 | BG106: =(O106+AU106)/2 -> 39.56 | BH106: =(Q106+AW106)/2 -> 100.77957 | BI106: =(R106+AX106)/2 -> 74.98 | BJ106: =(T106+AZ106)/2 -> 100.77957 | BK106: =(U106+BA106)/2 -> 74.98
A107: IV | B107: 30 | C107: =B107*24 -> 720 | D107: =E107*1000/C107 -> 191.66667 | E107: 138 | J107: 1.09 | K107: =J107*D107 -> 208.91667 | L107: =$E107*J107 -> 150.42 | M107: 0.68 | N107: =M107*D107 -> 130.33333 | O107: =$E107*M107 -> 93.84 | P107: 0.94 | Q107: =P107*D107 -> 180.16667 | R107: =$E107*P107 -> 129.72 | S107: 0.94 | T107: =S107*D107 -> 180.16667 | U107: =$E107*S107 -> 129.72 | Z107: 0.99 | AA107: =Z107*$D107 -> 189.75 | AB107: =$E107*Z107 -> 136.62 | AC107: 0.34 | AD107: =AC107*$D107 -> 65.166667 | AE107: =$E107*AC107 -> 46.92 | AF107: 0.81 | AG107: =AF107*$D107 -> 155.25 | AH107: =$E107*AF107 -> 111.78 | AI107: 0.81 | AJ107: =AI107*$D107 -> 155.25 | AK107: =$E107*AI107 -> 111.78 | AP107: 0.72 | AQ107: =AP107*$D107 -> 138 | AR107: =$E107*AP107 -> 99.36 | AS107: 0.3 | AT107: =AS107*$D107 -> 57.5 | AU107: =$E107*AS107 -> 41.4 | AV107: 0.59 | AW107: =AV107*$D107 -> 113.08333 | AX107: =$E107*AV107 -> 81.42 | AY107: 0.59 | AZ107: =AY107*$D107 -> 113.08333 | BA107: =$E107*AY107 -> 81.42 | BD107: =(K107+AQ107)/2 -> 173.45833 | BE107: =(L107+AR107)/2 -> 124.89 | BF107: =(N107+AT107)/2 -> 93.916667 | BG107: =(O107+AU107)/2 -> 67.62 | BH107: =(Q107+AW107)/2 -> 146.625 | BI107: =(R107+AX107)/2 -> 105.57 | BJ107: =(T107+AZ107)/2 -> 146.625 | BK107: =(U107+BA107)/2 -> 105.57
A108: V | B108: 31 | C108: =B108*24 -> 744 | D108: =E108*1000/C108 -> 219.08602 | E108: 163 | J108: 1.01 | K108: =J108*D108 -> 221.27688 | L108: =$E108*J108 -> 164.63 | M108: 0.79 | N108: =M108*D108 -> 173.07796 | O108: =$E108*M108 -> 128.77 | P108: 0.94 | Q108: =P108*D108 -> 205.94086 | R108: =$E108*P108 -> 153.22 | S108: 0.94 | T108: =S108*D108 -> 205.94086 | U108: =$E108*S108 -> 153.22 | Z108: 0.84 | AA108: =Z108*$D108 -> 184.03226 | AB108: =$E108*Z108 -> 136.92 | AC108: 0.4 | AD108: =AC108*$D108 -> 87.634409 | AE108: =$E108*AC108 -> 65.2 | AF108: 0.79 | AG108: =AF108*$D108 -> 173.07796 | AH108: =$E108*AF108 -> 128.77 | AI108: 0.79 | AJ108: =AI108*$D108 -> 173.07796 | AK108: =$E108*AI108 -> 128.77 | AP108: 0.55 | AQ108: =AP108*$D108 -> 120.49731 | AR108: =$E108*AP108 -> 89.65 | AS108: 0.3 | AT108: =AS108*$D108 -> 65.725806 | AU108: =$E108*AS108 -> 48.9 | AV108: 0.56 | AW108: =AV108*$D108 -> 122.68817 | AX108: =$E108*AV108 -> 91.28 | AY108: 0.56 | AZ108: =AY108*$D108 -> 122.68817 | BA108: =$E108*AY108 -> 91.28 | BD108: =(K108+AQ108)/2 -> 170.8871 | BE108: =(L108+AR108)/2 -> 127.14 | BF108: =(N108+AT108)/2 -> 119.40188 | BG108: =(O108+AU108)/2 -> 88.835 | BH108: =(Q108+AW108)/2 -> 164.31452 | BI108: =(R108+AX108)/2 -> 122.25 | BJ108: =(T108+AZ108)/2 -> 164.31452 | BK108: =(U108+BA108)/2 -> 122.25
A109: VI | B109: 30 | C109: =B109*24 -> 720 | D109: =E109*1000/C109 -> 238.88889 | E109: 172 | J109: 0.97 | K109: =J109*D109 -> 231.72222 | L109: =$E109*J109 -> 166.84 | M109: 0.82 | N109: =M109*D109 -> 195.88889 | O109: =$E109*M109 -> 141.04 | P109: 0.93 | Q109: =P109*D109 -> 222.16667 | R109: =$E109*P109 -> 159.96 | S109: 0.93 | T109: =S109*D109 -> 222.16667 | U109: =$E109*S109 -> 159.96 | Z109: 0.78 | AA109: =Z109*$D109 -> 186.33333 | AB109: =$E109*Z109 -> 134.16 | AC109: 0.45 | AD109: =AC109*$D109 -> 107.5 | AE109: =$E109*AC109 -> 77.4 | AF109: 0.78 | AG109: =AF109*$D109 -> 186.33333 | AH109: =$E109*AF109 -> 134.16 | AI109: 0.78 | AJ109: =AI109*$D109 -> 186.33333 | AK109: =$E109*AI109 -> 134.16 | AP109: 0.5 | AQ109: =AP109*$D109 -> 119.44444 | AR109: =$E109*AP109 -> 86 | AS109: 0.32 | AT109: =AS109*$D109 -> 76.444444 | AU109: =$E109*AS109 -> 55.04 | AV109: 0.55 | AW109: =AV109*$D109 -> 131.38889 | AX109: =$E109*AV109 -> 94.6 | AY109: 0.55 | AZ109: =AY109*$D109 -> 131.38889 | BA109: =$E109*AY109 -> 94.6 | BD109: =(K109+AQ109)/2 -> 175.58333 | BE109: =(L109+AR109)/2 -> 126.42 | BF109: =(N109+AT109)/2 -> 136.16667 | BG109: =(O109+AU109)/2 -> 98.04 | BH109: =(Q109+AW109)/2 -> 176.77778 | BI109: =(R109+AX109)/2 -> 127.28 | BJ109: =(T109+AZ109)/2 -> 176.77778 | BK109: =(U109+BA109)/2 -> 127.28
A110: VII | B110: 31 | C110: =B110*24 -> 744 | D110: =E110*1000/C110 -> 227.15054 | E110: 169 | I110: Banska Bystrica | J110: 0.98 | K110: =J110*D110 -> 222.60753 | L110: =$E110*J110 -> 165.62 | M110: 0.81 | N110: =M110*D110 -> 183.99194 | O110: =$E110*M110 -> 136.89 | P110: 0.93 | Q110: =P110*D110 -> 211.25 | R110: =$E110*P110 -> 157.17 | S110: 0.93 | T110: =S110*D110 -> 211.25 | U110: =$E110*S110 -> 157.17 | W110: Banska Bystrica | Z110: 0.81 | AA110: =Z110*$D110 -> 183.99194 | AB110: =$E110*Z110 -> 136.89 | AC110: 0.42 | AD110: =AC110*$D110 -> 95.403226 | AE110: =$E110*AC110 -> 70.98 | AF110: 0.78 | AG110: =AF110*$D110 -> 177.17742 | AH110: =$E110*AF110 -> 131.82 | AI110: 0.78 | AJ110: =AI110*$D110 -> 177.17742 | AK110: =$E110*AI110 -> 131.82 | AM110: Banska Bystrica | AP110: 0.52 | AQ110: =AP110*$D110 -> 118.11828 | AR110: =$E110*AP110 -> 87.88 | AS110: 0.31 | AT110: =AS110*$D110 -> 70.416667 | AU110: =$E110*AS110 -> 52.39 | AV110: 0.55 | AW110: =AV110*$D110 -> 124.9328 | AX110: =$E110*AV110 -> 92.95 | AY110: 0.55 | AZ110: =AY110*$D110 -> 124.9328 | BA110: =$E110*AY110 -> 92.95 | BC110: Banska Bystrica | BD110: =(K110+AQ110)/2 -> 170.3629 | BE110: =(L110+AR110)/2 -> 126.75 | BF110: =(N110+AT110)/2 -> 127.2043 | BG110: =(O110+AU110)/2 -> 94.64 | BH110: =(Q110+AW110)/2 -> 168.0914 | BI110: =(R110+AX110)/2 -> 125.06 | BJ110: =(T110+AZ110)/2 -> 168.0914 | BK110: =(U110+BA110)/2 -> 125.06
A111: VIII | B111: 31 | C111: =B111*24 -> 744 | D111: =E111*1000/C111 -> 200.26882 | E111: 149 | I111: oblast 2 | J111: 1.04 | K111: =J111*D111 -> 208.27957 | L111: =$E111*J111 -> 154.96 | M111: 0.73 | N111: =M111*D111 -> 146.19624 | O111: =$E111*M111 -> 108.77 | P111: 0.94 | Q111: =P111*D111 -> 188.25269 | R111: =$E111*P111 -> 140.06 | S111: 0.94 | T111: =S111*D111 -> 188.25269 | U111: =$E111*S111 -> 140.06 | W111: oblast 2 | Z111: 0.91 | AA111: =Z111*$D111 -> 182.24462 | AB111: =$E111*Z111 -> 135.59 | AC111: 0.35 | AD111: =AC111*$D111 -> 70.094086 | AE111: =$E111*AC111 -> 52.15 | AF111: 0.79 | AG111: =AF111*$D111 -> 158.21237 | AH111: =$E111*AF111 -> 117.71 | AI111: 0.79 | AJ111: =AI111*$D111 -> 158.21237 | AK111: =$E111*AI111 -> 117.71 | AM111: oblast 2 | AP111: 0.62 | AQ111: =AP111*$D111 -> 124.16667 | AR111: =$E111*AP111 -> 92.38 | AS111: 0.3 | AT111: =AS111*$D111 -> 60.080645 | AU111: =$E111*AS111 -> 44.7 | AV111: 0.57 | AW111: =AV111*$D111 -> 114.15323 | AX111: =$E111*AV111 -> 84.93 | AY111: 0.57 | AZ111: =AY111*$D111 -> 114.15323 | BA111: =$E111*AY111 -> 84.93 | BC111: oblast 2 | BD111: =(K111+AQ111)/2 -> 166.22312 | BE111: =(L111+AR111)/2 -> 123.67 | BF111: =(N111+AT111)/2 -> 103.13844 | BG111: =(O111+AU111)/2 -> 76.735 | BH111: =(Q111+AW111)/2 -> 151.20296 | BI111: =(R111+AX111)/2 -> 112.495 | BJ111: =(T111+AZ111)/2 -> 151.20296 | BK111: =(U111+BA111)/2 -> 112.495
A112: IX | B112: 30 | C112: =B112*24 -> 720 | D112: =E112*1000/C112 -> 156.94444 | E112: 113 | J112: 1.17 | K112: =J112*D112 -> 183.625 | L112: =$E112*J112 -> 132.21 | M112: 0.59 | N112: =M112*D112 -> 92.597222 | O112: =$E112*M112 -> 66.67 | P112: 0.95 | Q112: =P112*D112 -> 149.09722 | R112: =$E112*P112 -> 107.35 | S112: 0.95 | T112: =S112*D112 -> 149.09722 | U112: =$E112*S112 -> 107.35 | Z112: 1.11 | AA112: =Z112*$D112 -> 174.20833 | AB112: =$E112*Z112 -> 125.43 | AC112: 0.31 | AD112: =AC112*$D112 -> 48.652778 | AE112: =$E112*AC112 -> 35.03 | AF112: 0.81 | AG112: =AF112*$D112 -> 127.125 | AH112: =$E112*AF112 -> 91.53 | AI112: 0.81 | AJ112: =AI112*$D112 -> 127.125 | AK112: =$E112*AI112 -> 91.53 | AP112: 0.85 | AQ112: =AP112*$D112 -> 133.40278 | AR112: =$E112*AP112 -> 96.05 | AS112: 0.28 | AT112: =AS112*$D112 -> 43.944444 | AU112: =$E112*AS112 -> 31.64 | AV112: 0.6 | AW112: =AV112*$D112 -> 94.166667 | AX112: =$E112*AV112 -> 67.8 | AY112: 0.6 | AZ112: =AY112*$D112 -> 94.166667 | BA112: =$E112*AY112 -> 67.8 | BD112: =(K112+AQ112)/2 -> 158.51389 | BE112: =(L112+AR112)/2 -> 114.13 | BF112: =(N112+AT112)/2 -> 68.270833 | BG112: =(O112+AU112)/2 -> 49.155 | BH112: =(Q112+AW112)/2 -> 121.63194 | BI112: =(R112+AX112)/2 -> 87.575 | BJ112: =(T112+AZ112)/2 -> 121.63194 | BK112: =(U112+BA112)/2 -> 87.575
...

Sheet Trieda budovy
A1: Tab. č.3
A2: Vstupné údaje pre dynamické veličiny podľa STN EN ISO 13790
A3: Trieda budovy | B3: Vnútorná tepelná kapacita
B4: c | C4: Cm = c*Ab | D4: Cm = c*Ab/1000
B5: (J/(K.m2) | C5: (J/K) | D5: (kJ/K)
A6: Veľmi ľahká | B6: 80000 | C6: =B6*Legenda!A10 -> 0 | D6: =C6/1000 -> 0
A7: Ľahká | B7: 110000 | C7: =B7*Legenda!A10 -> 0 | D7: =C7/1000 -> 0
A8: Stredne ťažká | B8: 165000 | C8: =B8*Legenda!A10 -> 0 | D8: =C8/1000 -> 0
A9: Ťažká | B9: 260000 | C9: =B9*Legenda!A10 -> 0 | D9: =C9/1000 -> 0
A10: Veľmi ťažká | B10: 370000 | C10: =B10*Legenda!A10 -> 0 | D10: =C10/1000 -> 0
