Workbook
Name konštrukcie: [1]zoznamy!$A$3:$A$10
Name materialy: [1]zoznamy!$F$3:$F$65541
Name odpory: [1]zoznamy!$C$3:$C$6
Name systém: [1]zoznamy!$AB$2:$AB$3

Sheet VstupneUdaje
A1: posudenie obalovych konstrukcii R, U podla STN 73 0540-2,3 | G1: vhovuje | H1: nevyhovuje | L1: Kategória budovy | N1: Číselník DPH | BE1: Priemerný tepelný výkon vnútorných zdrojov tepla podľa STN 73 0540-2 | BN1: Osvetlenie
B2: sucinitel pre podlahu STN EN ISO 13 370 | L2: Rodinné domy | N2: áno | O2: 1.2 | BE2: bytové domy | BI2: 5 | BJ2: W/m2 | BO2: Merný výkon | BP2: Merný výkon | BQ2: CENA bez DPH (€) | BR2: merná cena bez DPH (€) | BT2: Životnosť
B3: sirenie vlhkosti? | L3: Bytové domy | N3: nie | O3: 1 | BE3: rodinné domy | BI3: 4 | BJ3: W/m2 | BO3: lm/W | BP3: v rozsahu | BQ3: € | BR3: fix €/ks | BS3: var. €/W | BT3: h
L4: Administratívne budovy | BE4: ostatné | BI4: 6 | BJ4: W/m2 | BN4: obyčajná žiarovka | BO4: 13 | BP4: 6 – 15 | BQ4: 0.27 | BR4: 0.66 | BS4: 0.01 | BT4: 1000
L5: Budovy škôl a školských zariadení | BN5: halogénová žiarovka | BO5: 15 | BP5: 12 –17 | BQ5: 4.32 | BR5: 2.66 | BS5: 0.03 | BT5: 3000
L6: Budovy nemocníc | BN6: LED žiarovka | BO6: 85 | BP6: 60 – 90 | BQ6: 23.24 | BR6: 11.62 | BS6: 0.66 | BT6: 50000
L7: Budovy hotelov a reštaurácií | BN7: LED žiarovka + nové svietidlo | BO7: 85 | BP7: 60 – 90 | BQ7: 120 | BR7: =33+10 -> 43 | BS7: 1.7 | BT7: 50000
L8: Športové haly a iné budovy určené na šport | BN8: LED žiarovka + nové svietidlo + pohybový senzor | BO8: 85 | BP8: 60 – 90 | BR8: =50+10 -> 60 | BS8: 1.7 | BT8: 50000
L9: Budovy pre veľkoobchodné a maloobchodné služby | BN9: LED svetelná trubica + nové svietidlo | BO9: 95 | BP9: 90 – 100 | BQ9: 165 | BR9: =115+10 -> 125 | BS9: 0.5 | BT9: 50000
L10: Výrobné haly a priemyselné budovy | BN10: lineárna žiarivka T8 + klasický predradník | BO10: 60 | BP10: 55 – 74 | BQ10: 1.83 | BR10: 0 | BS10: 0.03 | BT10: 8000
BN11: lineárna žiarivka T8 + elektronický predradník | BO11: 80 | BP11: 75 – 90 | BQ11: 0 | BR11: 27.22 | BS11: 0.03 | BT11: 15000
L12: Klimatické údaje | Q12: Klimatické podmienky podľa STN EN ISO 13790 | BE12: Normalizovaný počet dennostupňov | BN12: lineárna žiarivka T8 + elektronický predradník + nové svietidlo | BO12: 80 | BP12: 75 – 90 | BR12: =32+10 -> 42 | BS12: 0.25 | BT12: 15000
N13: Normalizované hodnotenie | O13: Upravené hodnotenie | Q13: Mesiac: | R13: SPOLU | S13: Január | V13: Február | Y13: Marec | AB13: Apríl | AE13: Máj | AH13: Jún | AK13: Júl | AN13: August | AQ13: September | AT13: Október | AW13: Novebmer | AZ13: December | BE13: Mesiac | BF13: d (dni) | BG13: Vnútorná teplota (°C) | BH13: Vonkajšia priemerná (°C) | BI13: D (K.deň) | BJ13: xi | BN13: lineárna žiarivka T5 + elektronický predradník + nové svietidlo | BO13: 95 | BP13: 90 – 107 | BQ13: 1.83 | BR13: =30+10 -> 40 | BS13: 0.35 | BT13: 16000
L14: Vonkajšia výpočtová teplota (oC): | M14: qe | N14: -15 | O14: =VLOOKUP(#REF!,Dennostupne!B3:E81,4,FALSE) -> #REF! | Q14: VO : | R14: =SUM(S17:BB17) -> 4432.4 | S14: 31 | V14: 28 | Y14: 31 | AB14: 30 | AE14: 5 | AH14: 0 | AK14: 0 | AN14: 0 | AQ14: 5 | AT14: 31 | AW14: 30 | AZ14: 31 | BC14: dni | BE14: Január | BF14: 31 | BG14: 20 | BH14: -1.8 | BI14: =BF14*(BG14-BH14) -> 675.8 | BJ14: =BI14*0.024 -> 16.2192 | BN14: kompaktná žiarivka | BO14: 50 | BP14: 40 – 87 | BQ14: 4.65 | BR14: 4.32 | BS14: 0.03 | BT14: 6000
L15: Veterná oblasť, rýchlosť vetra (ms-1) | M15: v | N15: - | O15: =VLOOKUP(#REF!,Dennostupne!B3:F81,5,FALSE) -> #REF! | Q15: prac./voľno | R15: =SUM(S18:BB18) -> 720 | S15: =S14-U15 -> 22.142857 | U15: =S14/7*2 -> 8.8571429 | V15: =V14-X15 -> 20 | X15: =V14/7*2 -> 8 | Y15: =Y14-AA15 -> 22.142857 | AA15: =Y14/7*2 -> 8.8571429 | AB15: =AB14-AD15 -> 21.428571 | AD15: =AB14/7*2 -> 8.5714286 | AE15: =AE14-AG15 -> 3.5714286 | AG15: =AE14/7*2 -> 1.4285714 | AH15: =AH14-AJ15 -> 0 | AJ15: =AH14/7*2 -> 0 | AK15: =AK14-AM15 -> 0 | AM15: =AK14/7*2 -> 0 | AN15: =AN14-AP15 -> 0 | AP15: =AN14/7*2 -> 0 | AQ15: =AQ14-AS15 -> 3.5714286 | AS15: =AQ14/7*2 -> 1.4285714 | AT15: =AT14-AV15 -> 22.142857 | AV15: =AT14/7*2 -> 8.8571429 | AW15: =AW14-AY15 -> 21.428571 | AY15: =AW14/7*2 -> 8.5714286 | AZ15: =AZ14-BB15 -> 22.142857 | BB15: =AZ14/7*2 -> 8.8571429 | BC15: dní | BE15: Február | BF15: 28 | BG15: 20 | BH15: 0.4 | BI15: =BF15*(BG15-BH15) -> 548.8 | BJ15: =BI15*0.024 -> 13.1712 | BN15: sodíková výbojka nízkotlaká | BO15: 150 | BP15: 100 – 210 | BQ15: 34.85 | BR15: 66.39 | BS15: 0.53 | BT15: 14000
L16: Vnútorná výpočtová teplota (oC): | M16: qi | N16: 20 | O16: 20 | Q16: Norm/útlm: | S16: 16 | T16: =24-S16 -> 8 | U16: 24 | V16: 16 | W16: =24-V16 -> 8 | X16: 24 | Y16: 16 | Z16: =24-Y16 -> 8 | AA16: 24 | AB16: 16 | AC16: =24-AB16 -> 8 | AD16: 24 | AE16: 16 | AF16: =24-AE16 -> 8 | AG16: 24 | AH16: 16 | AI16: =24-AH16 -> 8 | AJ16: 24 | AK16: 16 | AL16: =24-AK16 -> 8 | AM16: 24 | AN16: 16 | AO16: =24-AN16 -> 8 | AP16: 24 | AQ16: 16 | AR16: =24-AQ16 -> 8 | AS16: 24 | AT16: 16 | AU16: =24-AT16 -> 8 | AV16: 24 | AW16: 16 | AX16: =24-AW16 -> 8 | AY16: 24 | AZ16: 16 | BA16: =24-AZ16 -> 8 | BB16: 24 | BC16: hod | BE16: Marec | BF16: 31 | BG16: 20 | BH16: 4.6 | BI16: =BF16*(BG16-BH16) -> 477.4 | BJ16: =BI16*0.024 -> 11.4576 | BN16: sodíková výbojka vysokotlaková | BO16: 120 | BP16: 100 – 140 | BQ16: 18.26 | BR16: 116.18 | BS16: 0.18 | BT16: 25000
L17: Priemerná vonkajšia teplota vykurovacieho obdobia (oC): | M17: qae | N17: 3.86 | O17: =U8 -> 0 | Q17: D° : | R17: =SUM(S17:BB17) -> 4432.4 | S17: =(S18-S19)*S15/24*S16 -> 379.38095 | T17: =(T18-T19)*S15/24*T16 -> 189.69048 | U17: =(U18-U19)*U15/24*U16 -> 227.62857 | V17: =(V18-V19)*V15/24*V16 -> 321.33333 | W17: =(W18-W19)*V15/24*W16 -> 160.66667 | X17: =(X18-X19)*X15/24*X16 -> 192.8 | Y17: =(Y18-Y19)*Y15/24*Y16 -> 301.14286 | Z17: =(Z18-Z19)*Y15/24*Z16 -> 150.57143 | AA17: =(AA18-AA19)*AA15/24*AA16 -> 180.68571 | AB17: =(AB18-AB19)*AB15/24*AB16 -> 217.14286 | AC17: =(AC18-AC19)*AB15/24*AC16 -> 108.57143 | AD17: =(AD18-AD19)*AD15/24*AD16 -> 130.28571 | AE17: =(AE18-AE19)*AE15/24*AE16 -> 24.285714 | AF17: =(AF18-AF19)*AE15/24*AF16 -> 12.142857 | AG17: =(AG18-AG19)*AG15/24*AG16 -> 14.571429 | AH17: =(AH18-AH19)*AH15/24*AH16 -> 0 | AI17: =(AI18-AI19)*AH15/24*AI16 -> 0 | AJ17: =(AJ18-AJ19)*AJ15/24*AJ16 -> 0 | AK17: =(AK18-AK19)*AK15/24*AK16 -> 0 | AL17: =(AL18-AL19)*AK15/24*AL16 -> 0 | AM17: =(AM18-AM19)*AM15/24*AM16 -> 0 | AN17: =(AN18-AN19)*AN15/24*AN16 -> 0 | AO17: =(AO18-AO19)*AN15/24*AO16 -> 0 | AP17: =(AP18-AP19)*AP15/24*AP16 -> 0 | AQ17: =(AQ18-AQ19)*AQ15/24*AQ16 -> 21.904762 | AR17: =(AR18-AR19)*AQ15/24*AR16 -> 10.952381 | AS17: =(AS18-AS19)*AS15/24*AS16 -> 13.142857 | AT17: =(AT18-AT19)*AT15/24*AT16 -> 212.57143 | AU17: =(AU18-AU19)*AT15/24*AU16 -> 106.28571 | AV17: =(AV18-AV19)*AV15/24*AV16 -> 127.54286 | AW17: =(AW18-AW19)*AW15/24*AW16 -> 277.14286 | AX17: =(AX18-AX19)*AW15/24*AX16 -> 138.57143 | AY17: =(AY18-AY19)*AY15/24*AY16 -> 166.28571 | AZ17: =(AZ18-AZ19)*AZ15/24*AZ16 -> 355.7619 | BA17: =(BA18-BA19)*AZ15/24*BA16 -> 177.88095 | BB17: =(BB18-BB19)*BB15/24*BB16 -> 213.45714 | BC17: D° | BE17: Apríl | BF17: 30 | BG17: 20 | BH17: 9.9 | BI17: =BF17*(BG17-BH17) -> 303 | BJ17: =BI17*0.024 -> 7.272 | BN17: vysokotlaká ortuťová výbojka | BO17: 50 | BP17: 40 – 60 | BQ17: 8.63 | BR17: 0 | BS17: 0.03 | BT17: 12000
L18: Priemerný počet vykurovacích dní: | M18: d | N18: 212 | O18: =U7 -> 0 | Q18: ti : | S18: 20 | T18: =S18-$X$91 -> 20 | U18: =T18 -> 20 | V18: 20 | W18: =V18-$X$91 -> 20 | X18: =W18 -> 20 | Y18: 20 | Z18: =Y18-$X$91 -> 20 | AA18: =Z18 -> 20 | AB18: 20 | AC18: =AB18-$X$91 -> 20 | AD18: =AC18 -> 20 | AE18: 20 | AF18: =AE18-$X$91 -> 20 | AG18: =AF18 -> 20 | AH18: 20 | AI18: =AH18-$X$91 -> 20 | AJ18: =AI18 -> 20 | AK18: 20 | AL18: =AK18-$X$91 -> 20 | AM18: =AL18 -> 20 | AN18: 20 | AO18: =AN18-$X$91 -> 20 | AP18: =AO18 -> 20 | AQ18: 20 | AR18: =AQ18-$X$91 -> 20 | AS18: =AR18 -> 20 | AT18: 20 | AU18: =AT18-$X$91 -> 20 | AV18: =AU18 -> 20 | AW18: 20 | AX18: =AW18-$X$91 -> 20 | AY18: =AX18 -> 20 | AZ18: 20 | BA18: =AZ18-$X$91 -> 20 | BB18: =BA18 -> 20 | BC18: °C | BE18: Október | BF18: 31 | BG18: 20 | BH18: 9.8 | BI18: =BF18*(BG18-BH18) -> 316.2 | BJ18: =BI18*0.024 -> 7.5888 | BN18: halogenidová výbojka | BO18: 75 | BP18: 60 – 130 | BQ18: 39.83 | BR18: 82.98 | BS18: 0.16 | BT18: 12000
L19: Priemerný počet dennostupňov: | M19: D | N19: 3421.5 | O19: =U9 -> 0 | Q19: tem : | S19: -5.7 | T19: =S19 -> -5.7 | U19: =S19 -> -5.7 | V19: -4.1 | W19: =V19 -> -4.1 | X19: =V19 -> -4.1 | Y19: -0.4 | Z19: =Y19 -> -0.4 | AA19: =Y19 -> -0.4 | AB19: 4.8 | AC19: =AB19 -> 4.8 | AD19: =AB19 -> 4.8 | AE19: 9.8 | AF19: =AE19 -> 9.8 | AG19: =AE19 -> 9.8 | AH19: 12.5 | AI19: =AH19 -> 12.5 | AJ19: =AH19 -> 12.5 | AK19: 14 | AL19: =AK19 -> 14 | AM19: =AK19 -> 14 | AN19: 13.4 | AO19: =AN19 -> 13.4 | AP19: =AN19 -> 13.4 | AQ19: 10.8 | AR19: =AQ19 -> 10.8 | AS19: =AQ19 -> 10.8 | AT19: 5.6 | AU19: =AT19 -> 5.6 | AV19: =AT19 -> 5.6 | AW19: 0.6 | AX19: =AW19 -> 0.6 | AY19: =AW19 -> 0.6 | AZ19: -4.1 | BA19: =AZ19 -> -4.1 | BB19: =AZ19 -> -4.1 | BC19: °C | BE19: November | BF19: 30 | BG19: 20 | BH19: 4.3 | BI19: =BF19*(BG19-BH19) -> 471 | BJ19: =BI19*0.024 -> 11.304 | BN19: ortuťová výbojka | BO19: 50 | BP19: 40 – 60 | BQ19: 9.96 | BR19: 0 | BS19: 0.12 | BT19: 24000
Q20: hkr | S20: 2.8 | T20: 2.8 | U20: 2.8 | V20: 2.8 | W20: 2.8 | X20: 2.8 | Y20: 2.8 | Z20: 2.8 | AA20: 2.8 | AB20: 2.8 | AC20: 2.8 | AD20: 2.8 | AE20: 2.8 | AF20: 2.8 | AG20: 2.8 | AH20: 2.8 | AI20: 2.8 | AJ20: 2.8 | AK20: 2.8 | AL20: 2.8 | AM20: 2.8 | AN20: 2.8 | AO20: 2.8 | AP20: 2.8 | AQ20: 2.8 | AR20: 2.8 | AS20: 2.8 | AT20: 2.8 | AU20: 2.8 | AV20: 2.8 | AW20: 2.8 | AX20: 2.8 | AY20: 2.8 | AZ20: 2.8 | BA20: 2.8 | BB20: 2.8 | BC20: m | BE20: December | BF20: 31 | BG20: 20 | BH20: -0.3 | BI20: =BF20*(BG20-BH20) -> 629.3 | BJ20: =BI20*0.024 -> 15.1032 | BN20: induktívna výbojka | BO20: 70 | BP20: 60 – 80 | BQ20: 99.58 | BR20: 132.78 | BS20: 1.17 | BT20: 100000
L21: Súčiniteľ škárovej prievzdušnosti | M21: ivl | BE21: Suma spolu | BF21: =SUM(BF14:BF20) -> 212 | BG21: 20 | BH21: =SUM(BH14:BH20) -> 26.9 | BI21: =SUM(BI14:BI20) -> 3421.5 | BN21: zmesová výbojka – 250 W | BO21: 22 | BP21: 20 – 28 | BQ21: 11.62 | BR21: 0 | BS21: 0.05 | BT21: 16000
L22: kovové okná , škáry medzi rámom a krídlami, netesné | M22: 1.8
L23: drevené okná , škáry medzi rámom a krídlami, netesné | M23: 1.4 | BN23: minimálny inštalovaný príkon nového svietidla | BO23: príkonová rada svietidiel | BY23: Výpočet minimálne inštalovaného príkonu nového svietidla
L24: Drevené, plastové a kovové okná s tesniacim profilom | M24: 1 | BN24: [ W ] | BO24: [ W ] | BY24: [ W ]
L25: iné podľa STN 73 0540-3:2012 | M25: 0.5 | BN25: =IF(AND(AM25>0,AV25>0),AP25/AM25/AV25,0) -> 0 | BO25: =IF($K25="",0,VLOOKUP($K25,$B$28:$R$45,8,FALSE)) -> 0 | BP25: =IF($K25="",0,VLOOKUP($K25,$B$28:$R$45,9,FALSE)) -> 0 | BQ25: =IF($K25="",0,VLOOKUP($K25,$B$28:$R$45,10,FALSE)) -> 0 | BR25: =IF($K25="",0,VLOOKUP($K25,$B$28:$R$45,11,FALSE)) -> 0 | BS25: =IF($K25="",0,VLOOKUP($K25,$B$28:$R$45,12,FALSE)) -> 0 | BT25: =IF($K25="",0,VLOOKUP($K25,$B$28:$R$45,13,FALSE)) -> 0 | BU25: =IF($K25="",0,VLOOKUP($K25,$B$28:$R$45,14,FALSE)) -> 0 | BV25: =IF($K25="",0,VLOOKUP($K25,$B$28:$R$45,15,FALSE)) -> 0 | BW25: =IF($K25="",0,VLOOKUP($K25,$B$28:$R$45,16,FALSE)) -> 0 | BX25: =IF($K25="",0,VLOOKUP($K25,$B$28:$R$45,17,FALSE)) -> 0 | BY25: =IF(BO25>=BN25,BO25,IF(BP25>=BN25,BP25,IF(BQ25>=BN25,BQ25,IF(BR25>=BN25,BR25,IF(BS25>=BN25,BS25,IF(BT25>=BN25,BT25,IF(BU25>=BN25,BU25,IF(BV25>=BN25,BV25,0)))))))) -> 0 | BZ25: =IF(BY25>0,BY25,IF(BW25>BN25,BW25,IF(BX25>BN25,BX25,BN25))) -> 0
BN26: =IF(AND(AM26>0,AV26>0),AP26/AM26/AV26,0) -> 0 | BO26: =IF($K26="",0,VLOOKUP($K26,$B$28:$R$45,8,FALSE)) -> 0 | BP26: =IF($K26="",0,VLOOKUP($K26,$B$28:$R$45,9,FALSE)) -> 0 | BQ26: =IF($K26="",0,VLOOKUP($K26,$B$28:$R$45,10,FALSE)) -> 0 | BR26: =IF($K26="",0,VLOOKUP($K26,$B$28:$R$45,11,FALSE)) -> 0 | BS26: =IF($K26="",0,VLOOKUP($K26,$B$28:$R$45,12,FALSE)) -> 0 | BT26: =IF($K26="",0,VLOOKUP($K26,$B$28:$R$45,13,FALSE)) -> 0 | BU26: =IF($K26="",0,VLOOKUP($K26,$B$28:$R$45,14,FALSE)) -> 0 | BV26: =IF($K26="",0,VLOOKUP($K26,$B$28:$R$45,15,FALSE)) -> 0 | BW26: =IF($K26="",0,VLOOKUP($K26,$B$28:$R$45,16,FALSE)) -> 0 | BX26: =IF($K26="",0,VLOOKUP($K26,$B$28:$R$45,17,FALSE)) -> 0 | BY26: =IF(BO26>=BN26,BO26,IF(BP26>=BN26,BP26,IF(BQ26>=BN26,BQ26,IF(BR26>=BN26,BR26,IF(BS26>=BN26,BS26,IF(BT26>=BN26,BT26,IF(BU26>=BN26,BU26,IF(BV26>=BN26,BV26,0)))))))) -> 0 | BZ26: =IF(BY26>0,BY26,IF(BW26>BN26,BW26,IF(BX26>BN26,BX26,BN26))) -> 0
L27: Tepelná strata cez konštrukciu | M27: bx | BN27: =IF(AND(AM27>0,AV27>0),AP27/AM27/AV27,0) -> 0 | BO27: =IF($K27="",0,VLOOKUP($K27,$B$28:$R$45,8,FALSE)) -> 0 | BP27: =IF($K27="",0,VLOOKUP($K27,$B$28:$R$45,9,FALSE)) -> 0 | BQ27: =IF($K27="",0,VLOOKUP($K27,$B$28:$R$45,10,FALSE)) -> 0 | BR27: =IF($K27="",0,VLOOKUP($K27,$B$28:$R$45,11,FALSE)) -> 0 | BS27: =IF($K27="",0,VLOOKUP($K27,$B$28:$R$45,12,FALSE)) -> 0 | BT27: =IF($K27="",0,VLOOKUP($K27,$B$28:$R$45,13,FALSE)) -> 0 | BU27: =IF($K27="",0,VLOOKUP($K27,$B$28:$R$45,14,FALSE)) -> 0 | BV27: =IF($K27="",0,VLOOKUP($K27,$B$28:$R$45,15,FALSE)) -> 0 | BW27: =IF($K27="",0,VLOOKUP($K27,$B$28:$R$45,16,FALSE)) -> 0 | BX27: =IF($K27="",0,VLOOKUP($K27,$B$28:$R$45,17,FALSE)) -> 0 | BY27: =IF(BO27>=BN27,BO27,IF(BP27>=BN27,BP27,IF(BQ27>=BN27,BQ27,IF(BR27>=BN27,BR27,IF(BS27>=BN27,BS27,IF(BT27>=BN27,BT27,IF(BU27>=BN27,BU27,IF(BV27>=BN27,BV27,0)))))))) -> 0 | BZ27: =IF(BY27>0,BY27,IF(BW27>BN27,BW27,IF(BX27>BN27,BX27,BN27))) -> 0
L28: vonkajšia stena, okno, dvere | M28: 1 | BN28: =IF(AND(AM28>0,AV28>0),AP28/AM28/AV28,0) -> 0 | BO28: =IF($K28="",0,VLOOKUP($K28,$B$28:$R$45,8,FALSE)) -> 0 | BP28: =IF($K28="",0,VLOOKUP($K28,$B$28:$R$45,9,FALSE)) -> 0 | BQ28: =IF($K28="",0,VLOOKUP($K28,$B$28:$R$45,10,FALSE)) -> 0 | BR28: =IF($K28="",0,VLOOKUP($K28,$B$28:$R$45,11,FALSE)) -> 0 | BS28: =IF($K28="",0,VLOOKUP($K28,$B$28:$R$45,12,FALSE)) -> 0 | BT28: =IF($K28="",0,VLOOKUP($K28,$B$28:$R$45,13,FALSE)) -> 0 | BU28: =IF($K28="",0,VLOOKUP($K28,$B$28:$R$45,14,FALSE)) -> 0 | BV28: =IF($K28="",0,VLOOKUP($K28,$B$28:$R$45,15,FALSE)) -> 0 | BW28: =IF($K28="",0,VLOOKUP($K28,$B$28:$R$45,16,FALSE)) -> 0 | BX28: =IF($K28="",0,VLOOKUP($K28,$B$28:$R$45,17,FALSE)) -> 0 | BY28: =IF(BO28>=BN28,BO28,IF(BP28>=BN28,BP28,IF(BQ28>=BN28,BQ28,IF(BR28>=BN28,BR28,IF(BS28>=BN28,BS28,IF(BT28>=BN28,BT28,IF(BU28>=BN28,BU28,IF(BV28>=BN28,BV28,0)))))))) -> 0 | BZ28: =IF(BY28>0,BY28,IF(BW28>BN28,BW28,IF(BX28>BN28,BX28,BN28))) -> 0
L29: strecha(plochá, šikmá) na teplovýmennom obale budovy | M29: 1 | BN29: =IF(AND(AM29>0,AV29>0),AP29/AM29/AV29,0) -> 0 | BO29: =IF($K29="",0,VLOOKUP($K29,$B$28:$R$45,8,FALSE)) -> 0 | BP29: =IF($K29="",0,VLOOKUP($K29,$B$28:$R$45,9,FALSE)) -> 0 | BQ29: =IF($K29="",0,VLOOKUP($K29,$B$28:$R$45,10,FALSE)) -> 0 | BR29: =IF($K29="",0,VLOOKUP($K29,$B$28:$R$45,11,FALSE)) -> 0 | BS29: =IF($K29="",0,VLOOKUP($K29,$B$28:$R$45,12,FALSE)) -> 0 | BT29: =IF($K29="",0,VLOOKUP($K29,$B$28:$R$45,13,FALSE)) -> 0 | BU29: =IF($K29="",0,VLOOKUP($K29,$B$28:$R$45,14,FALSE)) -> 0 | BV29: =IF($K29="",0,VLOOKUP($K29,$B$28:$R$45,15,FALSE)) -> 0 | BW29: =IF($K29="",0,VLOOKUP($K29,$B$28:$R$45,16,FALSE)) -> 0 | BX29: =IF($K29="",0,VLOOKUP($K29,$B$28:$R$45,17,FALSE)) -> 0 | BY29: =IF(BO29>=BN29,BO29,IF(BP29>=BN29,BP29,IF(BQ29>=BN29,BQ29,IF(BR29>=BN29,BR29,IF(BS29>=BN29,BS29,IF(BT29>=BN29,BT29,IF(BU29>=BN29,BU29,IF(BV29>=BN29,BV29,0)))))))) -> 0 | BZ29: =IF(BY29>0,BY29,IF(BW29>BN29,BW29,IF(BX29>BN29,BX29,BN29))) -> 0
L30: podlaha na teréne | M30: 1 | BN30: =IF(AND(AM30>0,AV30>0),AP30/AM30/AV30,0) -> 0 | BO30: =IF($K30="",0,VLOOKUP($K30,$B$28:$R$45,8,FALSE)) -> 0 | BP30: =IF($K30="",0,VLOOKUP($K30,$B$28:$R$45,9,FALSE)) -> 0 | BQ30: =IF($K30="",0,VLOOKUP($K30,$B$28:$R$45,10,FALSE)) -> 0 | BR30: =IF($K30="",0,VLOOKUP($K30,$B$28:$R$45,11,FALSE)) -> 0 | BS30: =IF($K30="",0,VLOOKUP($K30,$B$28:$R$45,12,FALSE)) -> 0 | BT30: =IF($K30="",0,VLOOKUP($K30,$B$28:$R$45,13,FALSE)) -> 0 | BU30: =IF($K30="",0,VLOOKUP($K30,$B$28:$R$45,14,FALSE)) -> 0 | BV30: =IF($K30="",0,VLOOKUP($K30,$B$28:$R$45,15,FALSE)) -> 0 | BW30: =IF($K30="",0,VLOOKUP($K30,$B$28:$R$45,16,FALSE)) -> 0 | BX30: =IF($K30="",0,VLOOKUP($K30,$B$28:$R$45,17,FALSE)) -> 0 | BY30: =IF(BO30>=BN30,BO30,IF(BP30>=BN30,BP30,IF(BQ30>=BN30,BQ30,IF(BR30>=BN30,BR30,IF(BS30>=BN30,BS30,IF(BT30>=BN30,BT30,IF(BU30>=BN30,BU30,IF(BV30>=BN30,BV30,0)))))))) -> 0 | BZ30: =IF(BY30>0,BY30,IF(BW30>BN30,BW30,IF(BX30>BN30,BX30,BN30))) -> 0
L31: podlaha povaly | M31: 0.8 | BN31: =IF(AND(AM31>0,AV31>0),AP31/AM31/AV31,0) -> 0 | BO31: =IF($K31="",0,VLOOKUP($K31,$B$28:$R$45,8,FALSE)) -> 0 | BP31: =IF($K31="",0,VLOOKUP($K31,$B$28:$R$45,9,FALSE)) -> 0 | BQ31: =IF($K31="",0,VLOOKUP($K31,$B$28:$R$45,10,FALSE)) -> 0 | BR31: =IF($K31="",0,VLOOKUP($K31,$B$28:$R$45,11,FALSE)) -> 0 | BS31: =IF($K31="",0,VLOOKUP($K31,$B$28:$R$45,12,FALSE)) -> 0 | BT31: =IF($K31="",0,VLOOKUP($K31,$B$28:$R$45,13,FALSE)) -> 0 | BU31: =IF($K31="",0,VLOOKUP($K31,$B$28:$R$45,14,FALSE)) -> 0 | BV31: =IF($K31="",0,VLOOKUP($K31,$B$28:$R$45,15,FALSE)) -> 0 | BW31: =IF($K31="",0,VLOOKUP($K31,$B$28:$R$45,16,FALSE)) -> 0 | BX31: =IF($K31="",0,VLOOKUP($K31,$B$28:$R$45,17,FALSE)) -> 0 | BY31: =IF(BO31>=BN31,BO31,IF(BP31>=BN31,BP31,IF(BQ31>=BN31,BQ31,IF(BR31>=BN31,BR31,IF(BS31>=BN31,BS31,IF(BT31>=BN31,BT31,IF(BU31>=BN31,BU31,IF(BV31>=BN31,BV31,0)))))))) -> 0 | BZ31: =IF(BY31>0,BY31,IF(BW31>BN31,BW31,IF(BX31>BN31,BX31,BN31))) -> 0
L32: stena medzi vyk a nevyk priestorom a podstrešným priestorom | M32: 0.8 | BN32: =IF(AND(AM32>0,AV32>0),AP32/AM32/AV32,0) -> 0 | BO32: =IF($K32="",0,VLOOKUP($K32,$B$28:$R$45,8,FALSE)) -> 0 | BP32: =IF($K32="",0,VLOOKUP($K32,$B$28:$R$45,9,FALSE)) -> 0 | BQ32: =IF($K32="",0,VLOOKUP($K32,$B$28:$R$45,10,FALSE)) -> 0 | BR32: =IF($K32="",0,VLOOKUP($K32,$B$28:$R$45,11,FALSE)) -> 0 | BS32: =IF($K32="",0,VLOOKUP($K32,$B$28:$R$45,12,FALSE)) -> 0 | BT32: =IF($K32="",0,VLOOKUP($K32,$B$28:$R$45,13,FALSE)) -> 0 | BU32: =IF($K32="",0,VLOOKUP($K32,$B$28:$R$45,14,FALSE)) -> 0 | BV32: =IF($K32="",0,VLOOKUP($K32,$B$28:$R$45,15,FALSE)) -> 0 | BW32: =IF($K32="",0,VLOOKUP($K32,$B$28:$R$45,16,FALSE)) -> 0 | BX32: =IF($K32="",0,VLOOKUP($K32,$B$28:$R$45,17,FALSE)) -> 0 | BY32: =IF(BO32>=BN32,BO32,IF(BP32>=BN32,BP32,IF(BQ32>=BN32,BQ32,IF(BR32>=BN32,BR32,IF(BS32>=BN32,BS32,IF(BT32>=BN32,BT32,IF(BU32>=BN32,BU32,IF(BV32>=BN32,BV32,0)))))))) -> 0 | BZ32: =IF(BY32>0,BY32,IF(BW32>BN32,BW32,IF(BX32>BN32,BX32,BN32))) -> 0
L33: stena alebo strop nevykurovaného suterénu | M33: 0.5 | BN33: =IF(AND(AM33>0,AV33>0),AP33/AM33/AV33,0) -> 0 | BO33: =IF($K33="",0,VLOOKUP($K33,$B$28:$R$45,8,FALSE)) -> 0 | BP33: =IF($K33="",0,VLOOKUP($K33,$B$28:$R$45,9,FALSE)) -> 0 | BQ33: =IF($K33="",0,VLOOKUP($K33,$B$28:$R$45,10,FALSE)) -> 0 | BR33: =IF($K33="",0,VLOOKUP($K33,$B$28:$R$45,11,FALSE)) -> 0 | BS33: =IF($K33="",0,VLOOKUP($K33,$B$28:$R$45,12,FALSE)) -> 0 | BT33: =IF($K33="",0,VLOOKUP($K33,$B$28:$R$45,13,FALSE)) -> 0 | BU33: =IF($K33="",0,VLOOKUP($K33,$B$28:$R$45,14,FALSE)) -> 0 | BV33: =IF($K33="",0,VLOOKUP($K33,$B$28:$R$45,15,FALSE)) -> 0 | BW33: =IF($K33="",0,VLOOKUP($K33,$B$28:$R$45,16,FALSE)) -> 0 | BX33: =IF($K33="",0,VLOOKUP($K33,$B$28:$R$45,17,FALSE)) -> 0 | BY33: =IF(BO33>=BN33,BO33,IF(BP33>=BN33,BP33,IF(BQ33>=BN33,BQ33,IF(BR33>=BN33,BR33,IF(BS33>=BN33,BS33,IF(BT33>=BN33,BT33,IF(BU33>=BN33,BU33,IF(BV33>=BN33,BV33,0)))))))) -> 0 | BZ33: =IF(BY33>0,BY33,IF(BW33>BN33,BW33,IF(BX33>BN33,BX33,BN33))) -> 0
L34: stena alebo strop temperovaného priestoru | M34: 0.35
L35: otvorená dilatácia | M35: 0.35
L36: uzavretá izolovaná dilatácia do šírkou do 0,05m | M36: 0.1
L37: stena a otvorená konštrukcia do nevyk priestoru, ktorý má zasklenie - jednoduché | M37: 0.7
L38: stena a otvorená konštrukcia do nevyk priestoru, ktorý má zasklenie - dvojité | M38: 0.6
L39: stena a otvorená konštrukcia do nevyk priestoru, ktorý má zasklenie - dvojsklo | M39: 0.5
L40: strop nad otvoreným prejazdom | M40: 1

Sheet Dennostupne
G1: 2001 | I1: 2002 | K1: 2003 | M1: 2004 | O1: 2005 | Q1: 2006 | S1: 2007 | U1: 2008 | W1: 2009 | Y1: 2010 | AA1: 2011 | AC1: 2012 | AE1: 2013 | AG1: 2014 | AI1: 2015 | AK1: 2016 | AM1: 2017 | AO1: 2018 | AQ1: 2019
A2: KOD_OKRES | B2: NAZOV_OKRES | C2: SKRATKA_OKRES | D2: NAZOV_KRAJ | E2: Vonkajšia výpočtová teplota | F2: Veterná oblasť | G2: Počet vykur.dní | H2: Priem. vonk. teplota | I2: Počet vykur.dní | J2: Priem. vonk. teplota | K2: Počet vykur.dní | L2: Priem. vonk. teplota | M2: Počet vykur.dní | N2: Priem. vonk. teplota | O2: Počet vykur.dní | P2: Priem. vonk. teplota | Q2: Počet vykur.dní | R2: Priem. vonk. teplota | S2: Počet vykur.dní | T2: Priem. vonk. teplota | U2: Počet vykur.dní | V2: Priem. vonk. teplota | W2: Počet vykur.dní | X2: Priem. vonk. teplota | Y2: Počet vykur.dní | Z2: Priem. vonk. teplota | AA2: Počet vykur.dní | AB2: Priem. vonk. teplota | AC2: Počet vykur.dní | AD2: Priem. vonk. teplota | AE2: Počet vykur.dní | AF2: Priem. vonk. teplota | AG2: Počet vykur.dní | AH2: Priem. vonk. teplota | AI2: Počet vykur.dní | AJ2: Priem. vonk. teplota | AK2: Počet vykur.dní | AL2: Priem. vonk. teplota | AM2: Počet vykur.dní | AN2: Priem. vonk. teplota | AO2: Počet vykur.dní | AP2: Priem. vonk. teplota | AQ2: Počet vykur.dní | AR2: Priem. vonk. teplota
A3: 301 | B3: Bánovce nad Bebravou | C3: BN | D3: Trenčín | E3: -12 | F3: od 2 do 5 | G3: 210 | H3: 3.5 | I3: 211 | J3: 4.4 | K3: 209 | L3: 3.5 | M3: 211 | N3: 4.1 | O3: 209 | P3: 3.5 | Q3: 208 | R3: 4 | S3: 202 | T3: 5.4 | U3: 210 | V3: 6.1 | W3: 174 | X3: 3.3 | Y3: 215 | Z3: 4.2 | AA3: 197 | AB3: 4.3 | AC3: 205 | AD3: 4.7 | AE3: 202 | AF3: 4.6 | AG3: 186 | AH3: 6.7 | AI3: 197 | AJ3: 5.7 | AK3: 215 | AL3: 5.5 | AM3: 233 | AN3: 3.9 | AO3: 187 | AP3: 4.8
A4: 601 | B4: Banská Bystrica | C4: BB | D4: Banská Bystrica | E4: -15 | F4: < 2,0 | G4: 226 | H4: 3.1 | I4: 230 | J4: 3.8 | K4: 221 | L4: 2.5 | M4: 239 | N4: 3.8 | O4: 228 | P4: 2.8 | Q4: 223 | R4: 3.1 | S4: 245 | T4: 5.5 | U4: 242 | V4: 5.4 | W4: 182 | X4: 2 | Y4: 239 | Z4: 3.8 | AA4: 203 | AB4: 2.8 | AC4: 217 | AD4: 3.3 | AE4: 214 | AF4: 3.5 | AG4: 239 | AH4: 6.7 | AI4: 208 | AJ4: 4.9 | AK4: 232 | AL4: 4.4 | AM4: 237 | AN4: 3.9 | AO4: 201 | AP4: 3.5
A5: 602 | B5: Banská Štiavnica | C5: BS | D5: Banská Bystrica | E5: -16 | F5: < 2,0 | G5: 240 | H5: 3.3 | I5: 234 | J5: 3.7 | K5: 224 | L5: 2.4 | M5: 251 | N5: 4.2 | O5: 242 | P5: 3.5 | Q5: 237 | R5: 3.5 | S5: 246 | T5: 4.9 | U5: 244 | V5: 4.8 | W5: 212 | X5: 3 | Y5: 246 | Z5: 3.4 | AA5: 215 | AB5: 2.7 | AC5: 220 | AD5: 3.1 | AE5: 216 | AF5: 3 | AG5: 231 | AH5: 5.8 | AI5: 214 | AJ5: 4.6 | AK5: 230 | AL5: 3.8 | AM5: 239 | AN5: 4.1 | AO5: 189 | AP5: 2.7
A6: 701 | B6: Bardejov | C6: BJ | D6: Prešov | E6: -15 | F6: od 2 do 5 | G6: 225 | H6: 2.9 | I6: 223 | J6: 3.3 | K6: 228 | L6: 2.4 | M6: 243 | N6: 3.6 | O6: 229 | P6: 2.5 | Q6: 225 | R6: 2.7 | S6: 250 | T6: 4.8 | U6: 242 | V6: 4.8 | W6: 233 | X6: 3.9 | Y6: 234 | Z6: 2.6 | AA6: 222 | AB6: 2.3 | AC6: 218 | AD6: 2.4 | AE6: 223 | AF6: 3.2 | AG6: 237 | AH6: 5.8 | AI6: 219 | AJ6: 4.4 | AK6: 244 | AL6: 4.2 | AM6: 231 | AN6: 3.4 | AO6: 196 | AP6: 2.6
A7: 101 | B7: Bratislava I | C7: BA1 | D7: Bratislava | E7: -11 | F7: od 2 do 5 | G7: 205 | H7: 3.9 | I7: 207 | J7: 5.1 | K7: 200 | L7: 3.4 | M7: 205 | N7: 4.1 | O7: 211 | P7: 4.1 | Q7: 197 | R7: 4.3 | S7: 192 | T7: 5.2 | U7: 214 | V7: 6.3 | W7: 175 | X7: 3.3 | Y7: 215 | Z7: 4 | AA7: 190 | AB7: 4.6 | AC7: 201 | AD7: 4.7 | AE7: 202 | AF7: 4.7 | AG7: 182 | AH7: 6.2 | AI7: 183 | AJ7: 5.6 | AK7: 206 | AL7: 5.3 | AM7: 207 | AN7: 5.5 | AO7: 181 | AP7: 4.7
A8: 102 | B8: Bratislava II | C8: BA2 | D8: Bratislava | E8: -11 | F8: od 2 do 5 | G8: 205 | H8: 3.9 | I8: 207 | J8: 5.1 | K8: 200 | L8: 3.4 | M8: 205 | N8: 4.1 | O8: 211 | P8: 4.1 | Q8: 197 | R8: 4.3 | S8: 192 | T8: 5.2 | U8: 214 | V8: 6.3 | W8: 175 | X8: 3.3 | Y8: 215 | Z8: 4 | AA8: 190 | AB8: 4.6 | AC8: 201 | AD8: 4.7 | AE8: 202 | AF8: 4.7 | AG8: 182 | AH8: 6.2 | AI8: 183 | AJ8: 5.6 | AK8: 205 | AL8: 5.3 | AM8: 207 | AN8: 5.5 | AO8: 181 | AP8: 4.7
A9: 103 | B9: Bratislava III | C9: BA3 | D9: Bratislava | E9: -11 | F9: od 2 do 5 | G9: 205 | H9: 3.9 | I9: 207 | J9: 5.1 | K9: 200 | L9: 3.4 | M9: 205 | N9: 4.1 | O9: 211 | P9: 4.1 | Q9: 192 | R9: 3.5 | S9: 192 | T9: 5.2 | U9: 215 | V9: 6 | W9: 175 | X9: 2.7 | Y9: 214 | Z9: 3.7 | AA9: 197 | AB9: 4.3 | AC9: 193 | AD9: 3.7 | AE9: 206 | AF9: 4.2 | AG9: 194 | AH9: 6.7 | AI9: 187 | AJ9: 5.5 | AK9: 209 | AL9: 5 | AM9: 207 | AN9: 5.5 | AO9: 182 | AP9: 4.1
A10: 104 | B10: Bratislava IV | C10: BA4 | D10: Bratislava | E10: -11 | F10: od 2 do 5 | G10: 205 | H10: 3.9 | I10: 207 | J10: 5.1 | K10: 200 | L10: 3.4 | M10: 205 | N10: 4.1 | O10: 211 | P10: 4.1 | Q10: 192 | R10: 3.5 | S10: 192 | T10: 5.2 | U10: 215 | V10: 6 | W10: 175 | X10: 3.3 | Y10: 215 | Z10: 4 | AA10: 190 | AB10: 4.6 | AC10: 201 | AD10: 4.7 | AE10: 202 | AF10: 4.6 | AG10: 182 | AH10: 6.2 | AI10: 192 | AJ10: 6.3 | AK10: 209 | AL10: 5.3 | AM10: 203 | AN10: 5.1 | AO10: 182 | AP10: 4.5
A11: 105 | B11: Bratislava V | C11: BA5 | D11: Bratislava | E11: -11 | F11: od 2 do 5 | G11: 205 | H11: 3.9 | I11: 207 | J11: 5.1 | K11: 200 | L11: 3.4 | M11: 205 | N11: 4.1 | O11: 211 | P11: 4.1 | Q11: 192 | R11: 3.5 | S11: 192 | T11: 5.2 | U11: 214 | V11: 6.3 | W11: 175 | X11: 3.3 | Y11: 215 | Z11: 4 | AA11: 190 | AB11: 4.6 | AC11: 201 | AD11: 4.7 | AE11: 202 | AF11: 4.7 | AG11: 182 | AH11: 6.2 | AI11: 192 | AJ11: 6.3 | AK11: 209 | AL11: 5 | AM11: 203 | AN11: 5.1 | AO11: 181 | AP11: 4.7
A12: 603 | B12: Brezno | C12: BR | D12: Banská Bystrica | E12: -16 | F12: < 2,0 | G12: 237 | H12: 2.5 | I12: 236 | J12: 2.7 | K12: 233 | L12: 1.4 | M12: 252 | N12: 3.1 | O12: 247 | P12: 2 | Q12: 248 | R12: 2.7 | S12: 252 | T12: 4.4 | U12: 246 | V12: 4.4 | W12: 235 | X12: 3.5 | Y12: 250 | Z12: 3.2 | AA12: 231 | AB12: 2.7 | AC12: 222 | AD12: 1.9 | AE12: 228 | AF12: 3.1 | AG12: 238 | AH12: 5.9 | AI12: 221 | AJ12: 5.1 | AK12: 239 | AL12: 3.8 | AM12: 237 | AN12: 2.7 | AO12: 209 | AP12: 2.5
A13: 501 | B13: Bytča | C13: BY | D13: Žilina | E13: -15 | F13: < 2,0 | G13: 236 | H13: 3.3 | I13: 229 | J13: 3.4 | K13: 227 | L13: 2.6 | M13: 241 | N13: 3.7 | O13: 247 | P13: 3.2 | Q13: 227 | R13: 2.8 | S13: 258 | T13: 5.7 | U13: 242 | V13: 5.4 | W13: 212 | X13: 3.5 | Y13: 242 | Z13: 3.4 | AA13: 217 | AB13: 2.8 | AC13: 219 | AD13: 2.9 | AE13: 221 | AF13: 3.5 | AG13: 215 | AH13: 5.1 | AI13: 216 | AJ13: 4.7 | AK13: 229 | AL13: 4.3 | AM13: 233 | AN13: 4.1 | AO13: 202 | AP13: 3.6
A14: 502 | B14: Čadca | C14: CA | D14: Žilina | E14: -15 | F14: < 2,0 | G14: 243 | H14: 2.9 | I14: 240 | J14: 3.1 | K14: 239 | L14: 2.1 | M14: 264 | N14: 3.7 | O14: 261 | P14: 3 | Q14: 249 | R14: 3 | S14: 265 | T14: 4.9 | U14: 253 | V14: 5 | W14: 235 | X14: 3.3 | Y14: 257 | Z14: 2.8 | AA14: 247 | AB14: 3.6 | AC14: 242 | AD14: 2.7 | AE14: 250 | AF14: 3.4 | AG14: 239 | AH14: 5.3 | AI14: 242 | AJ14: 4.4 | AK14: 248 | AL14: 3.7 | AM14: 254 | AN14: 3.8 | AO14: 202 | AP14: 2.7
... A26: 802 | B26: Košice I | C26: KE1 | D26: Košice | E26: -13 | F26: od 2 do 5 | G26: 213 | H26: 3.5 | I26: 219 | J26: 3.9 | K26: 214 | L26: 2.5 | M26: 227 | N26: 3.9 | O26: 214 | P26: 3.2 | Q26: 209 | R26: 3.3 | S26: 204 | T26: 4.7 | U26: 216 | V26: 5.2 | W26: 181 | X26: 2.9 | Y26: 230 | Z26: 4 | AA26: 202 | AB26: 3 | AC26: 209 | AD26: 3.5 | AE26: 198 | AF26: 3.7 | AG26: 200 | AH26: 6.3 | AI26: 201 | AJ26: 4.7 | AK26: 208 | AL26: 3.9 | AM26: 225 | AN26: 4.4 | AO26: 188 | AP26: 3.5
A27: 803 | B27: Košice II | C27: KE2 | D27: Košice | E27: -13 | F27: od 2 do 5 | G27: 213 | H27: 3.5 | I27: 219 | J27: 3.9 | K27: 214 | L27: 2.5 | M27: 227 | N27: 3.9 | O27: 214 | P27: 3.2 | Q27: 209 | R27: 3.3 | S27: 204 | T27: 4.7 | U27: 216 | V27: 5.2 | W27: 181 | X27: 2.9 | Y27: 230 | Z27: 4 | AA27: 202 | AB27: 3 | AC27: 209 | AD27: 3.5 | AE27: 198 | AF27: 3.7 | AG27: 200 | AH27: 6.3 | AI27: 201 | AJ27: 4.7 | AK27: 208 | AL27: 3.9 | AM27: 225 | AN27: 4.4 | AO27: 188 | AP27: 3.5 | AQ27: 219 | AR27: 5.6
A28: 804 | B28: Košice III | C28: KE3 | D28: Košice | E28: -13 | F28: od 2 do 5 | G28: 213 | H28: 3.5 | I28: 219 | J28: 3.9 | K28: 214 | L28: 2.5 | M28: 227 | N28: 3.9 | O28: 214 | P28: 3.2 | Q28: 209 | R28: 3.3 | S28: 204 | T28: 4.7 | U28: 216 | V28: 5.2 | W28: 181 | X28: 2.9 | Y28: 230 | Z28: 4 | AA28: 202 | AB28: 3 | AC28: 209 | AD28: 3.5 | AE28: 198 | AF28: 3.7 | AG28: 200 | AH28: 6.3 | AI28: 201 | AJ28: 4.7 | AK28: 208 | AL28: 3.9 | AM28: 225 | AN28: 4.4 | AO28: 188 | AP28: 3.5
A29: 805 | B29: Košice IV | C29: KE4 | D29: Košice | E29: -13 | F29: od 2 do 5 | G29: 213 | H29: 3.5 | I29: 219 | J29: 3.9 | K29: 214 | L29: 2.5 | M29: 227 | N29: 3.9 | O29: 214 | P29: 3.2 | Q29: 209 | R29: 3.3 | S29: 204 | T29: 4.7 | U29: 216 | V29: 5.2 | W29: 181 | X29: 2.9 | Y29: 230 | Z29: 4 | AA29: 202 | AB29: 3 | AC29: 209 | AD29: 3.5 | AE29: 198 | AF29: 3.7 | AG29: 203 | AH29: 5.9 | AI29: 201 | AJ29: 4.7 | AK29: 208 | AL29: 3.9 | AM29: 225 | AN29: 4.4 | AO29: 188 | AP29: 3.5
A30: 605 | B30: Krupina | C30: KA | D30: Banská Bystrica | E30: -13 | F30: < 2,0 | G30: 223 | H30: 3.2 | I30: 225 | J30: 4.1 | K30: 217 | L30: 2.6 | M30: 224 | N30: 3.6 | O30: 222 | P30: 3.1 | Q30: 228 | R30: 3.8 | S30: 235 | T30: 5.2 | U30: 238 | V30: 5.4 | W30: 189 | X30: 2.7 | Y30: 239 | Z30: 3.9 | AA30: 202 | AB30: 2.9 | AC30: 212 | AD30: 3.4 | AE30: 213 | AF30: 4 | AG30: 211 | AH30: 6.2 | AI30: 207 | AJ30: 4.6 | AK30: 217 | AL30: 4.8 | AM30: 218 | AN30: 3.8 | AO30: 188 | AP30: 3.3
A31: 504 | B31: Kysucké Nové Mesto | C31: KM | D31: Žilina | E31: -13 | F31: < 2,0 | G31: 245 | H31: 3.5 | I31: 229 | J31: 3.5 | K31: 228 | L31: 2.6 | M31: 246 | N31: 3.9 | O31: 247 | P31: 3.2 | Q31: 223 | R31: 2.7 | S31: 239 | T31: 5 | U31: 245 | V31: 5.5 | W31: 227 | X31: 4 | Y31: 253 | Z31: 3 | AA31: 228 | AB31: 3.6 | AC31: 217 | AD31: 2.9 | AE31: 241 | AF31: 3.7 | AG31: 220 | AH31: 5.3 | AI31: 214 | AJ31: 5 | AK31: 238 | AL31: 4.6 | AM31: 233 | AN31: 4.1 | AO31: 200 | AP31: 3.2
A32: 402 | B32: Levice | C32: LV | D32: Nitra | E32: -11 | F32: < 2,0 | G32: 207 | H32: 3.2 | I32: 216 | J32: 4.7 | K32: 205 | L32: 2.9 | M32: 215 | N32: 3.9 | O32: 215 | P32: 3.9 | Q32: 207 | R32: 3.9 | S32: 207 | T32: 5.4 | U32: 208 | V32: 5.4 | W32: 174 | X32: 2.6 | Y32: 216 | Z32: 3.7 | AA32: 202 | AB32: 3.8 | AC32: 212 | AD32: 4.5 | AE32: 206 | AF32: 4.3 | AG32: 196 | AH32: 6.4 | AI32: 195 | AJ32: 5.2 | AK32: 214 | AL32: 4.7 | AM32: 217 | AN32: 4.7 | AO32: 182 | AP32: 4
A33: 704 | B33: Levoča | C33: LE | D33: Prešov | E33: -16 | F33: < 2,0 | G33: 237 | H33: 2.9 | I33: 234 | J33: 3 | K33: 234 | L33: 1.7 | M33: 251 | N33: 3.4 | O33: 255 | P33: 2.7 | Q33: 254 | R33: 3 | S33: 245 | T33: 4.5 | U33: 243 | V33: 4.6 | W33: 232 | X33: 3.6 | Y33: 245 | Z33: 2.9 | AA33: 223 | AB33: 2.4 | AC33: 216 | AD33: 2.1 | AE33: 232 | AF33: 3 | AG33: 240 | AH33: 5.2 | AI33: 227 | AJ33: 3.8 | AK33: 237 | AL33: 3.6 | AM33: 239 | AN33: 3 | AO33: 210 | AP33: 2.2
A34: 505 | B34: Liptovský Mikuláš | C34: LM | D34: Žilina | E34: -16 | F34: < 2,0 | G34: 250 | H34: 2.7 | I34: 237 | J34: 2.6 | K34: 238 | L34: 1.7 | M34: 265 | N34: 3.2 | O34: 247 | P34: 1.9 | Q34: 249 | R34: 2.3 | S34: 264 | T34: 4.5 | U34: 246 | V34: 4.4 | W34: 234 | X34: 3.1 | Y34: 248 | Z34: 2.9 | AA34: 201 | AB34: 2.4 | AC34: 225 | AD34: 1.9 | AE34: 237 | AF34: 3.3 | AG34: 234 | AH34: 5.6 | AI34: 228 | AJ34: 4.6 | AK34: 244 | AL34: 3.8 | AM34: 254 | AN34: 3.5 | AO34: 209 | AP34: 2.8
A35: 606 | B35: Lučenec | C35: LC | D35: Banská Bystrica | E35: -13 | F35: < 2,0 | G35: 215 | H35: 3 | I35: 220 | J35: 3.9 | K35: 214 | L35: 2.1 | M35: 228 | N35: 4 | O35: 211 | P35: 2.7 | Q35: 219 | R35: 3.7 | S35: 226 | T35: 5.4 | U35: 237 | V35: 5.8 | W35: 180 | X35: 2.7 | Y35: 209 | Z35: 3.1 | AA35: 203 | AB35: 3.2 | AC35: 211 | AD35: 3.6 | AE35: 208 | AF35: 4 | AG35: 208 | AH35: 6.3 | AI35: 200 | AJ35: 5.3 | AK35: 210 | AL35: 4.1 | AM35: 225 | AN35: 4.1 | AO35: 191 | AP35: 3.5
A36: 106 | B36: Malacky | C36: MA | D36: Bratislava | E36: -11 | F36: od 2 do 5 | G36: 208 | H36: 4.2 | I36: 208 | J36: 5.3 | K36: 209 | L36: 3.7 | M36: 217 | N36: 4.4 | O36: 208 | P36: 3.5 | Q36: 192 | R36: 3.5 | S36: 196 | T36: 5.1 | U36: 228 | V36: 6.1 | W36: 176 | X36: 2.9 | Y36: 218 | Z36: 3.7 | AA36: 207 | AB36: 4.2 | AC36: 213 | AD36: 4.5 | AE36: 203 | AF36: 4.1 | AG36: 193 | AH36: 6.1 | AI36: 197 | AJ36: 5.9 | AK36: 211 | AL36: 4.9 | AM36: 223 | AN36: 5 | AO36: 182 | AP36: 4.2
A37: 506 | B37: Martin | C37: MT | D37: Žilina | E37: -15 | F37: < 2,0 | G37: 244 | H37: 3.6 | I37: 228 | J37: 3.4 | K37: 226 | L37: 2.3 | M37: 259 | N37: 3.7 | O37: 264 | P37: 3.2 | Q37: 244 | R37: 2.8 | S37: 258 | T37: 5.1 | U37: 253 | V37: 5.2 | W37: 227 | X37: 3.3 | Y37: 256 | Z37: 3 | AA37: 222 | AB37: 2.9 | AC37: 218 | AD37: 2.7 | AE37: 222 | AF37: 3.6 | AG37: 221 | AH37: 6.1 | AI37: 214 | AJ37: 5.2 | AK37: 243 | AL37: 4.8 | AM37: 257 | AN37: 4 | AO37: 202 | AP37: 3.5 | AQ37: 241 | AR37: 5.2
A38: 705 | B38: Medzilaborce | C38: ML | D38: Prešov | E38: -15 | F38: od 2 do 5 | G38: 245 | H38: 3.1 | I38: 228 | J38: 2.8 | K38: 237 | L38: 2 | M38: 252 | N38: 3.4 | O38: 238 | P38: 2.5 | Q38: 240 | R38: 3 | S38: 257 | T38: 4.7 | U38: 242 | V38: 4.4 | W38: 242 | X38: 4.2 | Y38: 239 | Z38: 2.8 | AA38: 235 | AB38: 2.9 | AC38: 230 | AD38: 2.8 | AE38: 228 | AF38: 3.3 | AG38: 234 | AH38: 5.5 | AI38: 224 | AJ38: 4.2 | AK38: 240 | AL38: 3.8 | AM38: 235 | AN38: 3.4 | AO38: 201 | AP38: 2.7
A39: 807 | B39: Michalovce | C39: MI | D39: Košice | E39: -13 | F39: od 2 do 5 | G39: 205 | H39: 3.5 | I39: 213 | J39: 4.2 | K39: 209 | L39: 2.6 | M39: 218 | N39: 4 | O39: 210 | P39: 3.1 | Q39: 202 | R39: 3.3 | S39: 207 | T39: 5.2 | U39: 216 | V39: 5.4 | W39: 181 | X39: 3.3 | Y39: 209 | Z39: 3.5 | AA39: 197 | AB39: 3 | AC39: 207 | AD39: 3.6 | AE39: 213 | AF39: 4.6 | AG39: 199 | AH39: 6.2 | AI39: 189 | AJ39: 4.7 | AK39: 207 | AL39: 4.5 | AM39: 219 | AN39: 4.3 | AO39: 196 | AP39: 4.4
A40: 303 | B40: Myjava | C40: MY | D40: Trenčín | E40: -13 | F40: od 2 do 5 | G40: 236 | H40: 3.5 | I40: 226 | J40: 3.9 | K40: 226 | L40: 2.7 | M40: 234 | N40: 3.5 | O40: 226 | P40: 3.1 | Q40: 224 | R40: 3.6 | S40: 245 | T40: 5.6 | U40: 233 | V40: 5.3 | W40: 177 | X40: 2 | Y40: 214 | Z40: 2.9 | AA40: 203 | AB40: 3.5 | AC40: 213 | AD40: 3.5 | AE40: 223 | AF40: 4.4 | AG40: 231 | AH40: 4.8 | AI40: 216 | AJ40: 4.7 | AK40: 223 | AL40: 5.1 | AM40: 230 | AN40: 3.9 | AO40: 188 | AP40: 3.4
A41: 507 | B41: Námestovo | C41: NO | D41: Žilina | E41: -18 | F41: < 2,0 | G41: 271 | H41: 2.5 | I41: 256 | J41: 2.6 | K41: 250 | L41: 1.4 | M41: 285 | N41: 3.5 | O41: 263 | P41: 2 | Q41: 266 | R41: 2.9 | S41: 265 | T41: 3.8 | U41: 254 | V41: 3.9 | W41: 250 | X41: 2.8 | Y41: 279 | Z41: 2.6 | AA41: 246 | AB41: 2.5 | AC41: 247 | AD41: 2 | AE41: 261 | AF41: 3.1 | AG41: 258 | AH41: 4.9 | AI41: 245 | AJ41: 3.7 | AK41: 246 | AL41: 2.9 | AM41: 268 | AN41: 3.4 | AO41: 218 | AP41: 2.3
A42: 403 | B42: Nitra | C42: NR | D42: Nitra | E42: -11 | F42: od 2 do 5 | G42: 213 | H42: 3.8 | I42: 209 | J42: 4.7 | K42: 204 | L42: 3.2 | M42: 209 | N42: 4.1 | O42: 209 | P42: 3.8 | Q42: 198 | R42: 3.9 | S42: 208 | T42: 5.6 | U42: 216 | V42: 6 | W42: 175 | X42: 3.1 | Y42: 216 | Z42: 3.9 | AA42: 203 | AB42: 4.1 | AC42: 208 | AD42: 4.7 | AE42: 201 | AF42: 4.5 | AG42: 189 | AH42: 6.5 | AI42: 189 | AJ42: 5.1 | AK42: 214 | AL42: 5.3 | AM42: 217 | AN42: 4.7 | AO42: 189 | AP42: 4.8
A43: 304 | B43: Nové Mesto nad Váhom | C43: NM | D43: Trenčín | E43: -11 | F43: od 2 do 5 | G43: 214 | H43: 3.9 | I43: 225 | J43: 4.4 | K43: 218 | L43: 3.2 | M43: 223 | N43: 3.9 | O43: 228 | P43: 3.9 | Q43: 207 | R43: 4.5 | S43: 226 | T43: 6.6 | U43: 233 | V43: 5.3 | W43: 176 | X43: 2.6 | Y43: 216 | Z43: 3.7 | AA43: 202 | AB43: 3.8 | AC43: 213 | AD43: 4.5 | AE43: 216 | AF43: 4.3 | AG43: 231 | AH43: 4.8 | AI43: 216 | AJ43: 4.7 | AK43: 193 | AL43: 4 | AM43: 230 | AN43: 3.9 | AO43: 187 | AP43: 4.3
A44: 404 | B44: Nové Zámky | C44: NZ | D44: Nitra | E44: -11 | F44: od 2 do 5 | G44: 200 | H44: 3.8 | I44: 209 | J44: 5.4 | K44: 199 | L44: 3.3 | M44: 202 | N44: 4.2 | O44: 203 | P44: 3.6 | Q44: 187 | R44: 3.6 | S44: 207 | T44: 5.2 | U44: 200 | V44: 5.7 | W44: 183 | X44: 3.9 | Y44: 211 | Z44: 4.1 | AA44: 199 | AB44: 4.5 | AC44: 202 | AD44: 4.8 | AE44: 197 | AF44: 4.8 | AG44: 193 | AH44: 6.5 | AI44: 188 | AJ44: 5 | AK44: 216 | AL44: 5.1 | AM44: 210 | AN44: 5.3 | AO44: 180 | AP44: 4.9
A45: 305 | B45: Partizánske | C45: PE | D45: Trenčín | E45: -13 | F45: od 2 do 5 | G45: 210 | H45: 3.5 | I45: 211 | J45: 4.4 | K45: 209 | L45: 3.5 | M45: 211 | N45: 4.1 | O45: 209 | P45: 3.5 | Q45: 208 | R45: 4 | S45: 202 | T45: 5.4 | U45: 210 | V45: 6.1 | W45: 174 | X45: 3.3 | Y45: 215 | Z45: 4.2 | AA45: 197 | AB45: 4.3 | AC45: 205 | AD45: 4.7 | AE45: 202 | AF45: 4.6 | AG45: 186 | AH45: 6.7 | AI45: 197 | AJ45: 5.7 | AK45: 224 | AL45: 7.8 | AM45: 233 | AN45: 3.9 | AO45: 187 | AP45: 4.8
A46: 107 | B46: Pezinok | C46: PK | D46: Bratislava | E46: -11 | F46: od 2 do 5 | G46: 203 | H46: 4 | I46: 206 | J46: 5 | K46: 200 | L46: 3.6 | M46: 205 | N46: 4.4 | O46: 213 | P46: 4.3 | Q46: 226 | R46: 3.8 | S46: 200 | T46: 5.6 | U46: 205 | V46: 6 | W46: 175 | X46: 3.1 | Y46: 217 | Z46: 4 | AA46: 201 | AB46: 4.3 | AC46: 207 | AD46: 4.8 | AE46: 203 | AF46: 4.7 | AG46: 189 | AH46: 6.5 | AI46: 214 | AJ46: 4.8 | AK46: 231 | AL46: 4 | AM46: 208 | AN46: 5.2 | AO46: 188 | AP46: 4.8
A47: 204 | B47: Piešťany | C47: PN | D47: Trnava | E47: -11 | F47: od 2 do 5 | G47: 215 | H47: 3.8 | I47: 218 | J47: 4.7 | K47: 209 | L47: 3.2 | M47: 208 | N47: 3.8 | O47: 210 | P47: 3.6 | Q47: 212 | R47: 4.1 | S47: 213 | T47: 5.4 | U47: 225 | V47: 6 | W47: 177 | X47: 2.9 | Y47: 217 | Z47: 3.7 | AA47: 202 | AB47: 3.8 | AC47: 213 | AD47: 4.5 | AE47: 214 | AF47: 4.5 | AG47: 196 | AH47: 6.5 | AI47: 196 | AJ47: 5.2 | AK47: 220 | AL47: 5 | AM47: 225 | AN47: 4.7 | AO47: 182 | AP47: 4.2
A48: 607 | B48: Poltár | C48: PT | D48: Banská Bystrica | E48: -13 | F48: < 2,0 | G48: 219 | H48: 3.2 | I48: 225 | J48: 4.1 | K48: 216 | L48: 2.4 | M48: 232 | N48: 3.9 | O48: 218 | P48: 3 | Q48: 182 | R48: 2.8 | S48: 226 | T48: 4.9 | U48: 233 | V48: 5.3 | W48: 188 | X48: 2.7 | Y48: 219 | Z48: 3.2 | AA48: 204 | AB48: 2.8 | AC48: 212 | AD48: 3.3 | AE48: 213 | AF48: 3.6 | AG48: 226 | AH48: 6.5 | AI48: 215 | AJ48: 4.5 | AK48: 245 | AL48: 2.3 | AM48: 225 | AN48: 4.1 | AO48: 194 | AP48: 3.5
A49: 706 | B49: Poprad | C49: PP | D49: Prešov | E49: -16 | F49: od 2 do 5 | G49: 259 | H49: 2.5 | I49: 248 | J49: 2.6 | K49: 249 | L49: 1.6 | M49: 273 | N49: 3 | O49: 262 | P49: 2.1 | Q49: 280 | R49: 3.1 | S49: 261 | T49: 4 | U49: 256 | V49: 4 | W49: 230 | X49: 2.1 | Y49: 262 | Z49: 2.4 | AA49: 231 | AB49: 1.9 | AC49: 230 | AD49: 1.5 | AE49: 247 | AF49: 2.7 | AG49: 260 | AH49: 5.1 | AI49: 244 | AJ49: 4.3 | AK49: 245 | AL49: 3 | AM49: 251 | AN49: 2.9 | AO49: 218 | AP49: 2.2
... A57: 508 | B57: Ružomberok | C57: RK | D57: Žilina | E57: -16 | F57: < 2,0 | G57: 250 | H57: 2.7 | I57: 234 | J57: 3.6 | K57: 228 | L57: 2.4 | M57: 241 | N57: 3.8 | O57: 230 | P57: 2.7 | Q57: 237 | R57: 2.8 | S57: 246 | T57: 5.2 | U57: 241 | V57: 5.2 | W57: 230 | X57: 3.4 | Y57: 247 | Z57: 3.2 | AA57: 205 | AB57: 3 | AC57: 219 | AD57: 2.6 | AE57: 238 | AF57: 3.3 | AG57: 246 | AH57: 5.8 | AI57: 235 | AJ57: 4.4 | AK57: 244 | AL57: 4 | AM57: 257 | AN57: 4 | AO57: 202 | AP57: 2.6
A58: 708 | B58: Sabinov | C58: SB | D58: Prešov | E58: -15 | F58: < 2,0 | G58: 229 | H58: 2.9 | I58: 227 | J58: 3.3 | K58: 229 | L58: 2.3 | M58: 239 | N58: 3.3 | O58: 242 | P58: 3.3 | Q58: 225 | R58: 2.9 | S58: 245 | T58: 4.9 | U58: 246 | V58: 5.1 | W58: 220 | X58: 3.5 | Y58: 236 | Z58: 3 | AA58: 206 | AB58: 2.2 | AC58: 217 | AD58: 2.4 | AE58: 225 | AF58: 3.3 | AG58: 239 | AH58: 5.9 | AI58: 220 | AJ58: 4.6 | AK58: 244 | AL58: 4.1 | AM58: 251 | AN58: 3 | AO58: 196 | AP58: 2.9 | AQ58: 233 | AR58: 5.3
A59: 108 | B59: Senec | C59: SC | D59: Bratislava | E59: -11 | F59: od 2 do 5 | G59: 201 | H59: 3.9 | I59: 208 | J59: 5.1 | K59: 204 | L59: 3.6 | M59: 202 | N59: 4.2 | O59: 208 | P59: 4.2 | Q59: 197 | R59: 4.1 | S59: 198 | T59: 5.7 | U59: 210 | V59: 6 | W59: 176 | X59: 3.3 | Y59: 218 | Z59: 4 | AA59: 195 | AB59: 4.3 | AC59: 196 | AD59: 4.8 | AE59: 199 | AF59: 4.4 | AG59: 185 | AH59: 6.2 | AI59: 191 | AJ59: 5.6 | AK59: 204 | AL59: 5.1 | AM59: 208 | AN59: 5 | AO59: 184 | AP59: 4.5
A60: 205 | B60: Senica | C60: SE | D60: Trnava | E60: -12 | F60: od 2 do 5 | G60: 213 | H60: 3.9 | I60: 217 | J60: 5.1 | K60: 210 | L60: 3.3 | M60: 215 | N60: 4.1 | O60: 207 | P60: 3.4 | Q60: 194 | R60: 3.8 | S60: 203 | T60: 5.3 | U60: 226 | V60: 6.1 | W60: 177 | X60: 2.9 | Y60: 213 | Z60: 3.3 | AA60: 203 | AB60: 4.6 | AC60: 205 | AD60: 4.8 | AE60: 223 | AF60: 4.4 | AG60: 231 | AH60: 4.8 | AI60: 194 | AJ60: 6 | AK60: 210 | AL60: 4.9 | AM60: 220 | AN60: 4.5 | AO60: 183 | AP60: 3.9
A61: 206 | B61: Skalica | C61: SI | D61: Trnava | E61: -11 | F61: od 2 do 5 | G61: 196 | H61: 3.9 | I61: 209 | J61: 5.1 | K61: 203 | L61: 3.3 | M61: 207 | N61: 4.3 | O61: 209 | P61: 4.4 | Q61: 195 | R61: 3.8 | S61: 193 | T61: 5.5 | U61: 217 | V61: 6.2 | W61: 177 | X61: 3.1 | Y61: 212 | Z61: 3.7 | AA61: 203 | AB61: 4.6 | AC61: 205 | AD61: 4.8 | AE61: 200 | AF61: 4.5 | AG61: 191 | AH61: 6.6 | AI61: 189 | AJ61: 5.7 | AK61: 209 | AL61: 5.2 | AM61: 214 | AN61: 5.1 | AO61: 182 | AP61: 4.4
A62: 709 | B62: Snina | C62: SV | D62: Prešov | E62: -15 | F62: < 2,0 | G62: 247 | H62: 3.2 | I62: 237 | J62: 3.1 | K62: 233 | L62: 2.2 | M62: 249 | N62: 3.5 | O62: 247 | P62: 3.2 | Q62: 240 | R62: 3.2 | S62: 253 | T62: 4.4 | U62: 246 | V62: 4.6 | W62: 242 | X62: 3.9 | Y62: 241 | Z62: 2.8 | AA62: 230 | AB62: 2.7 | AC62: 226 | AD62: 2.3 | AE62: 226 | AF62: 2.9 | AG62: 240 | AH62: 5.9 | AI62: 225 | AJ62: 4.5 | AK62: 237 | AL62: 3.5 | AM62: 247 | AN62: 3.7 | AO62: 196 | AP62: 3.8
A63: 809 | B63: Sobrance | C63: SO | D63: Košice | E63: -13 | F63: od 2 do 5 | G63: 205 | H63: 3.5 | I63: 213 | J63: 4.2 | K63: 209 | L63: 2.6 | M63: 218 | N63: 4 | O63: 211 | P63: 3.1 | Q63: 206 | R63: 3.6 | S63: 225 | T63: 5.9 | U63: 232 | V63: 6.1 | W63: 186 | X63: 3.9 | Y63: 208 | Z63: 3.9 | AA63: 200 | AB63: 3.1 | AC63: 206 | AD63: 3.5 | AE63: 207 | AF63: 4.7 | AG63: 193 | AH63: 6 | AI63: 188 | AJ63: 4.7 | AK63: 203 | AL63: 4.6 | AM63: 210 | AN63: 4.2 | AO63: 196 | AP63: 4.8
A64: 810 | B64: Spišská Nová Ves | C64: SN | D64: Košice | E64: -16 | F64: < 2,0 | G64: 237 | H64: 2.9 | I64: 234 | J64: 3 | K64: 234 | L64: 1.7 | M64: 251 | N64: 3.4 | O64: 255 | P64: 2.7 | Q64: 254 | R64: 3 | S64: 245 | T64: 4.5 | U64: 243 | V64: 4.6 | W64: 232 | X64: 3.6 | Y64: 245 | Z64: 2.9 | AA64: 223 | AB64: 2.4 | AC64: 216 | AD64: 2.1 | AE64: 234 | AF64: 3 | AG64: 240 | AH64: 5.2 | AI64: 227 | AJ64: 3.8 | AK64: 237 | AL64: 3.6 | AM64: 239 | AN64: 3 | AO64: 202 | AP64: 2.2
A65: 710 | B65: Stará Ľubovňa | C65: SL | D65: Prešov | E65: -17 | F65: < 2,0 | G65: 262 | H65: 2.6 | I65: 251 | J65: 2.5 | K65: 250 | L65: 1.3 | M65: 280 | N65: 3.3 | O65: 261 | P65: 2.2 | Q65: 266 | R65: 2.6 | S65: 253 | T65: 3.7 | U65: 257 | V65: 4.5 | W65: 236 | X65: 2.7 | Y65: 252 | Z65: 2.6 | AA65: 236 | AB65: 2.5 | AC65: 239 | AD65: 2.2 | AE65: 244 | AF65: 3 | AG65: 250 | AH65: 5.4 | AI65: 244 | AJ65: 3.9 | AK65: 245 | AL65: 2.9 | AM65: 246 | AN65: 3.1 | AO65: 211 | AP65: 2.1
A66: 711 | B66: Stropkov | C66: SP | D66: Prešov | E66: -15 | F66: od 2 do 5 | G66: 230 | H66: 3.4 | I66: 224 | J66: 3.5 | K66: 230 | L66: 2.5 | M66: 239 | N66: 3.6 | O66: 236 | P66: 3.1 | Q66: 225 | R66: 3 | S66: 245 | T66: 5.1 | U66: 241 | V66: 5.3 | W66: 229 | X66: 4.4 | Y66: 235 | Z66: 3.4 | AA66: 215 | AB66: 2.5 | AC66: 214 | AD66: 2.8 | AE66: 215 | AF66: 3.3 | AG66: 226 | AH66: 5.9 | AI66: 210 | AJ66: 4.5 | AK66: 235 | AL66: 4.4 | AM66: 221 | AN66: 3.6 | AO66: 196 | AP66: 3.3
A67: 712 | B67: Svidník | C67: SK | D67: Prešov | E67: -15 | F67: od 2 do 5 | G67: 230 | H67: 3.4 | I67: 224 | J67: 3.5 | K67: 230 | L67: 2.5 | M67: 239 | N67: 3.6 | O67: 236 | P67: 3.1 | Q67: 225 | R67: 3 | S67: 245 | T67: 5.1 | U67: 241 | V67: 5.3 | W67: 229 | X67: 4.4 | Y67: 235 | Z67: 3.4 | AA67: 215 | AB67: 2.5 | AC67: 214 | AD67: 2.8 | AE67: 215 | AF67: 3.3 | AG67: 226 | AH67: 5.9 | AI67: 210 | AJ67: 4.5 | AK67: 235 | AL67: 4.4 | AM67: 221 | AN67: 3.6 | AO67: 196 | AP67: 3.3
A68: 405 | B68: Šaľa | C68: SA | D68: Nitra | E68: -11 | F68: od 2 do 5 | G68: 202 | H68: 3.4 | I68: 212 | J68: 4.8 | K68: 207 | L68: 3.2 | M68: 206 | N68: 4.1 | O68: 206 | P68: 3.8 | Q68: 186 | R68: 3.5 | S68: 191 | T68: 5.2 | U68: 225 | V68: 5.3 | W68: 176 | X68: 3.4 | Y68: 219 | Z68: 4.3 | AA68: 195 | AB68: 4.1 | AC68: 194 | AD68: 4.4 | AE68: 197 | AF68: 4.8 | AG68: 184 | AH68: 6.9 | AI68: 188 | AJ68: 5.7 | AK68: 197 | AL68: 5.4 | AM68: 200 | AN68: 5 | AO68: 180 | AP68: 4.9
A69: 406 | B69: Topoľčany | C69: TO | D69: Nitra | E69: -11 | F69: od 2 do 5 | G69: 210 | H69: 3.5 | I69: 211 | J69: 4.4 | K69: 209 | L69: 3.5 | M69: 211 | N69: 4.1 | O69: 209 | P69: 3.5 | Q69: 208 | R69: 4 | S69: 202 | T69: 5.4 | U69: 210 | V69: 6.1 | W69: 174 | X69: 3.3 | Y69: 215 | Z69: 4.2 | AA69: 197 | AB69: 4.3 | AC69: 205 | AD69: 4.7 | AE69: 202 | AF69: 4.6 | AG69: 186 | AH69: 6.7 | AI69: 197 | AJ69: 5.7 | AK69: 215 | AL69: 5.5 | AM69: 233 | AN69: 3.9 | AO69: 187 | AP69: 4.8
A70: 811 | B70: Trebišov | C70: TV | D70: Košice | E70: -13 | F70: od 2 do 5 | G70: 212 | H70: 3.5 | I70: 215 | J70: 3.8 | K70: 217 | L70: 2.7 | M70: 223 | N70: 4 | O70: 211 | P70: 2.9 | Q70: 203 | R70: 2.9 | S70: 218 | T70: 5.2 | U70: 234 | V70: 5.5 | W70: 181 | X70: 3 | Y70: 215 | Z70: 3.3 | AA70: 200 | AB70: 2.7 | AC70: 212 | AD70: 3.4 | AE70: 201 | AF70: 3.6 | AG70: 213 | AH70: 5.9 | AI70: 197 | AJ70: 4.7 | AK70: 209 | AL70: 4.2 | AM70: 220 | AN70: 4.1 | AO70: 196 | AP70: 4
... A81: 511 | B81: Žilina | C81: ZA | D81: Žilina | E81: -15 | F81: < 2,0 | G81: 245 | H81: 3.5 | I81: 229 | J81: 3.5 | K81: 228 | L81: 2.6 | M81: 246 | N81: 3.9 | O81: 247 | P81: 3.2 | Q81: 228 | R81: 2.9 | S81: 249 | T81: 5.3 | U81: 242 | V81: 5.4 | W81: 225 | X81: 3.9 | Y81: 246 | Z81: 3.6 | AA81: 228 | AB81: 3.6 | AC81: 217 | AD81: 2.9 | AE81: 231 | AF81: 4 | AG81: 227 | AH81: 6.2 | AI81: 214 | AJ81: 5 | AK81: 238 | AL81: 4.6 | AM81: 233 | AN81: 4.1 | AO81: 198 | AP81: 3.7

Sheet Hárok7
B2: Adresa hodnoteného objektu
B3: Okres: | F3: Dunajská Streda
B4: Mesto / obec: | F4: Bratislava II
B5: Ulica, číslo:
B6: Kategória budovy | F6: budova určená na šport
B7: Rok spracovania energetického auditu: | F7: 2020
B9: Geometrické parametre objektu
B10: Celková zastavaná plocha (m2) | F10: A | G10: 4021
B11: Obvod zastavanej plochy (m) | F11: P | G11: 352
B12: Obostavaný vykurovaný objem (m3) | F12: Vb | G12: 26762.25
B13: Celková podlahová plocha (m2) | F13: Ab | G13: 5301.5
B14: Ochladzovaná obalová konštrukcia (m2) | F14: ∑Ai | G14: ='[2]9_tepelna strata'!C133 -> 10756.1
B15: Faktor tvaru budovy (m-1) | F15: ∑Ai/Vb | G15: =G14/G12 -> 0.40191315
B16: Počet nadzemných podlaží | G16: 2
B17: Priemerná konštrukčná výška podlažia (m) | F17: hk,pr | G17: 6.5
B19: Dennostupne
B20: Kalendárny rok | D20: =F7-10 -> 2010 | E20: =F7-9 -> 2011 | F20: =F7-8 -> 2012 | G20: =F7-7 -> 2013 | H20: =F7-6 -> 2014 | I20: =F7-5 -> 2015 | J20: =F7-4 -> 2016 | K20: =F7-3 -> 2017 | L20: =F7-2 -> 2018 | M20: =F7-1 -> 2019 | N20: Priemer
B21: Počet vykurovacích dní | D21: =VLOOKUP($F$3,#REF!,D25,FALSE) -> #REF! | E21: =VLOOKUP($F$3,#REF!,E25,FALSE) -> #REF! | F21: =VLOOKUP($F$3,#REF!,F25,FALSE) -> #REF! | G21: =VLOOKUP($F$3,#REF!,G25,FALSE) -> #REF! | H21: =VLOOKUP($F$3,#REF!,H25,FALSE) -> #REF! | I21: =VLOOKUP($F$3,#REF!,I25,FALSE) -> #REF! | J21: =VLOOKUP($F$3,#REF!,J25,FALSE) -> #REF! | K21: =VLOOKUP($F$3,#REF!,K25,FALSE) -> #REF! | ... M21: =VLOOKUP($F$3,#REF!,M25,FALSE) -> #REF! | N21: =SUM(D21:M21)/COUNT(D21:M21) -> #REF!
B22: Priemerná vonk. teplota (oC) | D22: =VLOOKUP($F$3,#REF!,D25+1,FALSE) -> #REF! | E22: =VLOOKUP($F$3,#REF!,E25+1,FALSE) -> #REF! | F22: =VLOOKUP($F$3,#REF!,F25+1,FALSE) -> #REF! | G22: =VLOOKUP($F$3,#REF!,G25+1,FALSE) -> #REF! | H22: =VLOOKUP($F$3,#REF!,H25+1,FALSE) -> #REF! | I22: =VLOOKUP($F$3,#REF!,I25+1,FALSE) -> #REF! | J22: =VLOOKUP($F$3,#REF!,J25+1,FALSE) -> #REF! | K22: =VLOOKUP($F$3,#REF!,K25+1,FALSE) -> #REF! | ... M22: =VLOOKUP($F$3,#REF!,M25+1,FALSE) -> #REF! | N22: =SUM(D22:M22)/COUNT(D22:M22) -> #REF!
B23: Počet dennostupňov | D23: =IF(ISNUMBER(D22),($H$30-D22)*D21,"-") -> - | E23: =IF(ISNUMBER(E22),($H$30-E22)*E21,"-") -> - | F23: =IF(ISNUMBER(F22),($H$30-F22)*F21,"-") -> - | G23: =IF(ISNUMBER(G22),($H$30-G22)*G21,"-") -> - | H23: =IF(ISNUMBER(H22),($H$30-H22)*H21,"-") -> - | I23: =IF(ISNUMBER(I22),($H$30-I22)*I21,"-") -> - | J23: =IF(ISNUMBER(J22),($H$30-J22)*J21,"-") -> - | K23: =IF(ISNUMBER(K22),($H$30-K22)*K21,"-") -> - | ... M23: =IF(ISNUMBER(M22),($H$30-M22)*M21,"-") -> - | N23: =($H$30-N22)*N21 -> #REF!
B24: priemer | D24: =$N23 -> #REF! | E24: =$N23 -> #REF! | F24: =$N23 -> #REF! | G24: =$N23 -> #REF! | H24: =$N23 -> #REF! | I24: =$N23 -> #REF! | J24: =$N23 -> #REF! | K24: =$N23 -> #REF! | ... M24: =$N23 -> #REF!
B25: číslo stĺpca | D25: =MATCH(D20,'[2]cis_dennost.'!$B$1:$AL$1) -> 24 | E25: =MATCH(E20,'[2]cis_dennost.'!$B$1:$AL$1) -> 26 | F25: =MATCH(F20,'[2]cis_dennost.'!$B$1:$AL$1) -> 28 | G25: =MATCH(G20,'[2]cis_dennost.'!$B$1:$AL$1) -> 30 | H25: =MATCH(H20,'[2]cis_dennost.'!$B$1:$AL$1) -> 32 | I25: =MATCH(I20,'[2]cis_dennost.'!$B$1:$AL$1) -> 34 | J25: =MATCH(J20,'[2]cis_dennost.'!$B$1:$AL$1) -> 36 | K25: =MATCH(K20,'[2]cis_dennost.'!$B$1:$AL$1) -> 36 | ... M25: =MATCH(M20,'[2]cis_dennost.'!$B$1:$AL$1) -> 36
B26: Klimatické údaje
G27: Normalizované hodnotenie | H27: Upravené hodnotenie
B28: Vonkajšia výpočtová teplota (oC): | F28: qe | G28: -15 | H28: =VLOOKUP(F3,'[2]cis_dennost.'!B3:E81,4,FALSE) -> -11
B29: Veterná oblasť, rýchlosť vetra (ms-1) | F29: v | G29: - | H29: =VLOOKUP(F3,'[2]cis_dennost.'!B3:F81,5,FALSE) -> od 2 do 5
B30: Vnútorná výpočtová teplota (oC): | F30: qi | G30: =IF(E47=G166,VLOOKUP(F6,J206:P213,6,FALSE),VLOOKUP(F6,J206:P213,4,FALSE)) -> #N/A | H30: =J59 -> 0
B31: Priemerná vonkajšia teplota vykurovacieho obdobia (oC): | F31: qae | G31: 3.86 | H31: =N22 -> #REF!
B32: Priemerný počet vykurovacích dní: | F32: d | G32: 212 | H32: =N21 -> #REF!
B33: Priemerný počet dennostupňov: | F33: D | G33: =VLOOKUP(F6,J206:P213,7,FALSE) -> #N/A | H33: =N23 -> #REF!

Sheet Konstrukcie
A1: SO1 | B1: Obvodová stena ŠD | E1: 465.1 | I1: STR1 | J1: Plochá strecha ŠD | M1: 825.5 | Q1: PDL1 | R1: Podlaha na teréne ŽS | U1: 825.5
A2: Odpor pri prestupe tepla na vnútornej strane k-cie | D2: Rsi = | E2: 0.13 | I2: Odpor pri prestupe tepla na vnútornej strane k-cie | L2: Rsi = | M2: 0.1 | Q2: Odpor pri prestupe tepla na vnútornej strane k-cie | T2: Rsi = | U2: 0.17 | V2: posudenie na R
A3: Názov vrstvy konštrukcie | C3: dj [m] | D3: λj [W/(m.K)] | E3: Rj [m2.K/W] | I3: Názov vrstvy konštrukcie | K3: dj [m] | L3: λj [W/(m.K)] | M3: Rj [m2.K/W] | Q3: Názov vrstvy konštrukcie | S3: dj [m] | T3: λj [W/(m.K)] | U3: Rj [m2.K/W]
A4: Vápennocementová omietka | C4: 0.0015 | D4: 0.9 | E4: =C4/D4 -> 0.0016666667 | I4: TI minerálna vlna | K4: 0.12 | L4: 0.05 | M4: =K4/L4 -> 2.4
A5: Pórobetónové tvárnice | C5: 0.3 | D5: 0.35 | E5: =C5/D5 -> 0.85714286 | I5: Spiroll | K5: 0.25 | L5: 1.2 | M5: =K5/L5 -> 0.20833333 | Q5: cementový poter | S5: 0.033 | T5: 1.16 | U5: =S5/T5 -> 0.028448276
A6: TI minerálna vlna | C6: 0.08 | D6: 0.04 | E6: =C6/D6 -> 2 | I6: TI čadič | K6: 0.12 | L6: 0.08 | M6: =K6/L6 -> 1.5 | Q6: betón hutný | S6: 0.055 | T6: 1.02 | U6: =S6/T6 -> 0.053921569
I7: vzduchová medzera | K7: 0.18 | L7: 1.3 | M7: =K7/L7 -> 0.13846154 | Q7: TI | S7: 0.06 | T7: 0.05 | U7: =S7/T7 -> 1.2
I8: HI | K8: 0.002 | L8: 0.16 | M8: =K8/L8 -> 0.0125
I9: pórobetónový panel | K9: 0.25 | L9: 0.35 | M9: =K9/L9 -> 0.71428571 | Q9: HI PVC fólia | S9: 0.002 | T9: 0.21 | U9: =S9/T9 -> 0.0095238095
A10: Celková hrúbka konštrukcie | C10: =SUM(C4:C7) -> 0.3815 | D10: ∑Rj = | E10: =SUM(E4:E6) -> 2.8588095
A11: Odpor pri prestupe tepla na vonkajšej strane k-cie | D11: Rse = | E11: 0.04 | I11: Celková hrúbka konštrukcie | K11: =SUM(K4:K9) -> 0.922 | L11: ∑Rj = | M11: =SUM(M4:M9) -> 4.9735806
A12: Odpor konštrukcie pri prechode tepla | D12: R0 = | E12: =E2+E10+E11 -> 3.0288095 | I12: Odpor pri prestupe tepla na vonkajšej strane k-cie | L12: Rse = | M12: 0.04 | Q12: Celková hrúbka konštrukcie | S12: =SUM(S4:S10) -> 0.15 | T12: ∑Rj = | U12: =SUM(U4:U10) -> 1.2918937
A13: Súčiniteľ prechodu tepla | D13: U = | E13: =1/(E2+E10+E11) -> 0.33016272 | I13: Odpor konštrukcie pri prechode tepla | L13: R0 = | M13: =M2+M11+M12 -> 5.1135806 | Q13: Odpor pri prestupe tepla na vonkajšej strane k-cie | T13: Rse = | U13: 0.04 | Z13: 0.439
I14: Súčiniteľ prechodu tepla | L14: U = | M14: =1/(M2+M11+M12) -> 0.19555769 | Q14: Odpor konštrukcie pri prechode tepla | T14: R0 = | U14: =U2+U12+U13 -> 1.5018937
A15: SO2 | B15: Obvodová stena ŠD2 | E15: 1217.2 | Q15: Súčiniteľ prechodu tepla | T15: U = | U15: 0.26
A16: Odpor pri prestupe tepla na vnútornej strane k-cie | D16: Rsi = | E16: 0.13 | I16: STR2 | J16: Strecha Jedáleň | M16: 1104.7
A17: Názov vrstvy konštrukcie | C17: dj [m] | D17: λj [W/(m.K)] | E17: Rj [m2.K/W] | I17: Odpor pri prestupe tepla na vnútornej strane k-cie | L17: Rsi = | M17: 0.1 | Q17: PDL2 | R17: Podlaha na teréne Jedáleň | U17: 1104.7
A18: Vápennocementová omietka | C18: 0.012 | D18: 0.9 | E18: =C18/D18 -> 0.013333333 | I18: Názov vrstvy konštrukcie | K18: dj [m] | L18: λj [W/(m.K)] | M18: Rj [m2.K/W] | Q18: Odpor pri prestupe tepla na vnútornej strane k-cie | T18: Rsi = | U18: 0.17
A19: ŽB panel | C19: 0.15 | D19: 1.58 | E19: =C19/D19 -> 0.094936709 | I19: TI minerálna vlna | K19: 0.12 | L19: 0.05 | M19: =K19/L19 -> 2.4 | Q19: Názov vrstvy konštrukcie | S19: dj [m] | T19: λj [W/(m.K)] | U19: Rj [m2.K/W]
A20: Pórobetónové tvárnice | C20: 0.3 | D20: 0.35 | E20: =C20/D20 -> 0.85714286 | I20: Spiroll | K20: 0.25 | L20: 1.13 | M20: =K20/L20 -> 0.22123894 | Q20: cementový poter + povrchová vrstva | S20: 0.025 | T20: 1.16 | U20: =S20/T20 -> 0.021551724
A21: TI minerálna vlna | C21: 0.08 | D21: 0.04 | E21: =C21/D21 -> 2 | I21: TI čadič | K21: 0.12 | L21: 0.08 | M21: =K21/L21 -> 1.5 | Q21: betónová mazanina | S21: 0.063 | T21: 1.02 | U21: =S21/T21 -> 0.061764706
I22: vzudhcová medzera | K22: 0.175 | L22: 1.1 | M22: =K22/L22 -> 0.15909091 | Q22: TI | S22: 0.06 | T22: 0.05 | U22: =S22/T22 -> 1.2
A23: Celková hrúbka konštrukcie | C23: =SUM(C18:C21) -> 0.542 | D23: ∑Rj = | E23: =SUM(E18:E21) -> 2.9654129 | I23: drevený panel KSDD | K23: 0.128 | L23: 0.22 | M23: =K23/L23 -> 0.58181818 | Q23: HI | S23: 0.002 | T23: 0.21 | U23: =S23/T23 -> 0.0095238095
A24: Odpor pri prestupe tepla na vonkajšej strane k-cie | D24: Rse = | E24: 0.04 | I24: HI | K24: 0.002 | L24: 0.16 | M24: =K24/L24 -> 0.0125
A25: Odpor konštrukcie pri prechode tepla | D25: R0 = | E25: =E16+E23+E24 -> 3.1354129 | Q25: Celková hrúbka konštrukcie | S25: =SUM(S20:S23) -> 0.15 | T25: ∑Rj = | U25: =SUM(U20:U23) -> 1.2928402
A26: Súčiniteľ prechodu tepla | D26: U = | E26: =1/(E16+E23+E24) -> 0.31893726 | I26: Celková hrúbka konštrukcie | K26: =SUM(K19:K21) -> 0.49 | L26: ∑Rj = | M26: =SUM(M19:M24) -> 4.874648 | Q26: Odpor pri prestupe tepla na vonkajšej strane k-cie | T26: Rse = | U26: 0.04
I27: Odpor pri prestupe tepla na vonkajšej strane k-cie | L27: Rse = | M27: 0.04 | Q27: Odpor konštrukcie pri prechode tepla | T27: R0 = | U27: =U18+U25+U26 -> 1.5028402
A28: SO3 | B28: Obvodová stena - Nezateplená časť | E28: 307.8 | I28: Odpor konštrukcie pri prechode tepla | L28: R0 = | M28: =M17+M26+M27 -> 5.014648 | Q28: Súčiniteľ prechodu tepla | T28: U = | U28: 0.22
A29: Odpor pri prestupe tepla na vnútornej strane k-cie | D29: Rsi = | E29: 0.13 | I29: Súčiniteľ prechodu tepla | L29: U = | M29: =1/(M17+M26+M27) -> 0.19941579
A30: Názov vrstvy konštrukcie | C30: dj [m] | D30: λj [W/(m.K)] | E30: Rj [m2.K/W]
A31: Vápennocementová omietka | C31: 0.012 | D31: 0.9 | E31: =C31/D31 -> 0.013333333
A32: betón ŽB | C32: 0.15 | D32: 1.7 | E32: =C32/D32 -> 0.088235294
A33: pórobetón | C33: 0.3 | D33: 0.3 | E33: =C33/D33 -> 1
A38: Celková hrúbka konštrukcie | C38: =SUM(C31:C36) -> 0.462 | D38: ∑Rj = | E38: =SUM(E31:E36) -> 1.1015686
A39: Odpor pri prestupe tepla na vonkajšej strane k-cie | D39: Rse = | E39: 0.04
A40: Odpor konštrukcie pri prechode tepla | D40: R0 = | E40: =E29+E38+E39 -> 1.2715686
A41: Súčiniteľ prechodu tepla | D41: U = | E41: =1/(E29+E38+E39) -> 0.78643022
A43: SO4 | B43: Obvodová stena Jedáleň | E43: 333
A44: Odpor pri prestupe tepla na vnútornej strane k-cie | D44: Rsi = | E44: 0.13
A45: Názov vrstvy konštrukcie | C45: dj [m] | D45: λj [W/(m.K)] | E45: Rj [m2.K/W]
A46: Vápennocementová omietka | C46: 0.012 | D46: 0.9 | E46: =C46/D46 -> 0.013333333
A47: keramické panely | C47: 0.4 | D47: 0.35 | E47: =C47/D47 -> 1.1428571
A48: TI minerálna vlna | C48: 0.08 | D48: 0.04 | E48: =C48/D48 -> 2
A51: Celková hrúbka konštrukcie | C51: =SUM(C46:C48) -> 0.492 | D51: ∑Rj = | E51: =SUM(E46:E49) -> 3.1561905
A52: Odpor pri prestupe tepla na vonkajšej strane k-cie | D52: Rse = | E52: 0.04
A53: Odpor konštrukcie pri prechode tepla | D53: R0 = | E53: =E44+E51+E52 -> 3.3261905
A54: Súčiniteľ prechodu tepla | D54: U = | E54: =1/(E44+E51+E52) -> 0.30064424
A56: SO5 | B56: Obvodová stena Jedáleň2 | E56: 1912.6
A57: Odpor pri prestupe tepla na vnútornej strane k-cie | D57: Rsi = | E57: 0.13
A58: Názov vrstvy konštrukcie | C58: dj [m] | D58: λj [W/(m.K)] | E58: Rj [m2.K/W]
A59: Vápennocementová omietka | C59: 0.0015 | D59: 0.9 | E59: =C59/D59 -> 0.0016666667
A60: betón ŽB | C60: 0.15 | D60: 1.7 | E60: =C60/D60 -> 0.088235294
A61: TI minerálna vlna | C61: 0.08 | D61: 0.04 | E61: =C61/D61 -> 2
A64: Celková hrúbka konštrukcie | C64: =SUM(C59:C61) -> 0.2315 | D64: ∑Rj = | E64: =SUM(E59:E62) -> 2.089902
A65: Odpor pri prestupe tepla na vonkajšej strane k-cie | D65: Rse = | E65: 0.04
A66: Odpor konštrukcie pri prechode tepla | D66: R0 = | E66: =E57+E64+E65 -> 2.259902
A67: Súčiniteľ prechodu tepla | D67: U = | E67: =1/(E57+E64+E65) -> 0.44249707

Sheet Konstrukcie nové
A1: SO1 | B1: Obvodová stena ŠD | E1: 465.1 | I1: STR1 | J1: Plochá strecha ŠD | M1: 825.5 | Q1: PDL1 | R1: Podlaha na teréne ŽS | U1: 825.5
A2: Odpor pri prestupe tepla na vnútornej strane k-cie | D2: Rsi = | E2: 0.13 | I2: Odpor pri prestupe tepla na vnútornej strane k-cie | L2: Rsi = | M2: 0.1 | Q2: Odpor pri prestupe tepla na vnútornej strane k-cie | T2: Rsi = | U2: 0.17 | V2: posudenie na R
A3: Názov vrstvy konštrukcie | C3: dj [m] | D3: λj [W/(m.K)] | E3: Rj [m2.K/W] | I3: Názov vrstvy konštrukcie | K3: dj [m] | L3: λj [W/(m.K)] | M3: Rj [m2.K/W] | Q3: Názov vrstvy konštrukcie | S3: dj [m] | T3: λj [W/(m.K)] | U3: Rj [m2.K/W]
A4: Vápennocementová omietka | C4: 0.0015 | D4: 0.9 | E4: =C4/D4 -> 0.0016666667 | I4: TI minerálna vlna | K4: 0.23 | L4: 0.05 | M4: =K4/L4 -> 4.6
A5: Pórobetónové tvárnice | C5: 0.3 | D5: 0.35 | E5: =C5/D5 -> 0.85714286 | I5: Spiroll | K5: 0.25 | L5: 1.2 | M5: =K5/L5 -> 0.20833333 | Q5: cementový poter | S5: 0.033 | T5: 1.16 | U5: =S5/T5 -> 0.028448276
A6: TI minerálna vlna | C6: 0.15 | D6: 0.04 | E6: =C6/D6 -> 3.75 | I6: TI čadič | K6: 0.12 | L6: 0.08 | M6: =K6/L6 -> 1.5 | Q6: betón hutný | S6: 0.055 | T6: 1.02 | U6: =S6/T6 -> 0.053921569
I7: vzduchová medzera | K7: 0.18 | L7: 1.3 | M7: =K7/L7 -> 0.13846154 | Q7: TI | S7: 0.06 | T7: 0.05 | U7: =S7/T7 -> 1.2
I8: HI | K8: 0.002 | L8: 0.16 | M8: =K8/L8 -> 0.0125
I9: pórobetónový panel | K9: 0.25 | L9: 0.35 | M9: =K9/L9 -> 0.71428571 | Q9: HI PVC fólia | S9: 0.002 | T9: 0.21 | U9: =S9/T9 -> 0.0095238095
A10: Celková hrúbka konštrukcie | C10: =SUM(C4:C7) -> 0.4515 | D10: ∑Rj = | E10: =SUM(E4:E6) -> 4.6088095
A11: Odpor pri prestupe tepla na vonkajšej strane k-cie | D11: Rse = | E11: 0.04 | I11: Celková hrúbka konštrukcie | K11: =SUM(K4:K9) -> 1.032 | L11: ∑Rj = | M11: =SUM(M4:M9) -> 7.1735806
A12: Odpor konštrukcie pri prechode tepla | D12: R0 = | E12: =E2+E10+E11 -> 4.7788095 | I12: Odpor pri prestupe tepla na vonkajšej strane k-cie | L12: Rse = | M12: 0.04 | Q12: Celková hrúbka konštrukcie | S12: =SUM(S4:S10) -> 0.15 | T12: ∑Rj = | U12: =SUM(U4:U10) -> 1.2918937
A13: Súčiniteľ prechodu tepla | D13: U = | E13: =1/(E2+E10+E11) -> 0.20925714 | I13: Odpor konštrukcie pri prechode tepla | L13: R0 = | M13: =M2+M11+M12 -> 7.3135806 | Q13: Odpor pri prestupe tepla na vonkajšej strane k-cie | T13: Rse = | U13: 0.04 | Z13: 0.439
I14: Súčiniteľ prechodu tepla | L14: U = | M14: =1/(M2+M11+M12) -> 0.13673193 | Q14: Odpor konštrukcie pri prechode tepla | T14: R0 = | U14: =U2+U12+U13 -> 1.5018937
A15: SO2 | B15: Obvodová stena ŠD2 | E15: 1217.2 | Q15: Súčiniteľ prechodu tepla | T15: U = | U15: 0.26
A16: Odpor pri prestupe tepla na vnútornej strane k-cie | D16: Rsi = | E16: 0.13 | I16: STR2 | J16: Strecha Jedáleň | M16: 1104.7
A17: Názov vrstvy konštrukcie | C17: dj [m] | D17: λj [W/(m.K)] | E17: Rj [m2.K/W] | I17: Odpor pri prestupe tepla na vnútornej strane k-cie | L17: Rsi = | M17: 0.1 | Q17: PDL2 | R17: Podlaha na teréne Jedáleň | U17: 1104.7
A18: Vápennocementová omietka | C18: 0.012 | D18: 0.9 | E18: =C18/D18 -> 0.013333333 | I18: Názov vrstvy konštrukcie | K18: dj [m] | L18: λj [W/(m.K)] | M18: Rj [m2.K/W] | Q18: Odpor pri prestupe tepla na vnútornej strane k-cie | T18: Rsi = | U18: 0.17
A19: ŽB panel | C19: 0.15 | D19: 1.58 | E19: =C19/D19 -> 0.094936709 | I19: TI minerálna vlna | K19: 0.22 | L19: 0.05 | M19: =K19/L19 -> 4.4 | Q19: Názov vrstvy konštrukcie | S19: dj [m] | T19: λj [W/(m.K)] | U19: Rj [m2.K/W]
A20: Pórobetónové tvárnice | C20: 0.3 | D20: 0.35 | E20: =C20/D20 -> 0.85714286 | I20: Spiroll | K20: 0.25 | L20: 1.13 | M20: =K20/L20 -> 0.22123894 | Q20: cementový poter + povrchová vrstva | S20: 0.025 | T20: 1.16 | U20: =S20/T20 -> 0.021551724
A21: TI minerálna vlna | C21: 0.14 | D21: 0.04 | E21: =C21/D21 -> 3.5 | I21: TI čadič | K21: 0.12 | L21: 0.08 | M21: =K21/L21 -> 1.5 | Q21: betónová mazanina | S21: 0.063 | T21: 1.02 | U21: =S21/T21 -> 0.061764706
I22: vzudhcová medzera | K22: 0.175 | L22: 1.1 | M22: =K22/L22 -> 0.15909091 | Q22: TI | S22: 0.06 | T22: 0.05 | U22: =S22/T22 -> 1.2
A23: Celková hrúbka konštrukcie | C23: =SUM(C18:C21) -> 0.602 | D23: ∑Rj = | E23: =SUM(E18:E21) -> 4.4654129 | I23: drevený panel KSDD | K23: 0.128 | L23: 0.22 | M23: =K23/L23 -> 0.58181818 | Q23: HI | S23: 0.002 | T23: 0.21 | U23: =S23/T23 -> 0.0095238095
A24: Odpor pri prestupe tepla na vonkajšej strane k-cie | D24: Rse = | E24: 0.04 | I24: HI | K24: 0.002 | L24: 0.16 | M24: =K24/L24 -> 0.0125
A25: Odpor konštrukcie pri prechode tepla | D25: R0 = | E25: =E16+E23+E24 -> 4.6354129 | Q25: Celková hrúbka konštrukcie | S25: =SUM(S20:S23) -> 0.15 | T25: ∑Rj = | U25: =SUM(U20:U23) -> 1.2928402
A26: Súčiniteľ prechodu tepla | D26: U = | E26: =1/(E16+E23+E24) -> 0.21573051 | I26: Celková hrúbka konštrukcie | K26: =SUM(K19:K21) -> 0.59 | L26: ∑Rj = | M26: =SUM(M19:M24) -> 6.874648 | Q26: Odpor pri prestupe tepla na vonkajšej strane k-cie | T26: Rse = | U26: 0.04
I27: Odpor pri prestupe tepla na vonkajšej strane k-cie | L27: Rse = | M27: 0.04 | Q27: Odpor konštrukcie pri prechode tepla | T27: R0 = | U27: =U18+U25+U26 -> 1.5028402
A28: SO3 | B28: Obvodová stena - Nezateplená časť | E28: 307.8 | I28: Odpor konštrukcie pri prechode tepla | L28: R0 = | M28: =M17+M26+M27 -> 7.014648 | Q28: Súčiniteľ prechodu tepla | T28: U = | U28: 0.22
A29: Odpor pri prestupe tepla na vnútornej strane k-cie | D29: Rsi = | E29: 0.13 | I29: Súčiniteľ prechodu tepla | L29: U = | M29: =1/(M17+M26+M27) -> 0.14255883
A30: Názov vrstvy konštrukcie | C30: dj [m] | D30: λj [W/(m.K)] | E30: Rj [m2.K/W]
A31: Vápennocementová omietka | C31: 0.012 | D31: 0.9 | E31: =C31/D31 -> 0.013333333
A32: betón ŽB | C32: 0.15 | D32: 1.7 | E32: =C32/D32 -> 0.088235294
A33: pórobetón | C33: 0.3 | D33: 0.3 | E33: =C33/D33 -> 1
A34: TI minerálna vlna | C34: 0.14 | D34: 0.04 | E34: =C34/D34 -> 3.5
A38: Celková hrúbka konštrukcie | C38: =SUM(C31:C36) -> 0.602 | D38: ∑Rj = | E38: =SUM(E31:E36) -> 4.6015686
A39: Odpor pri prestupe tepla na vonkajšej strane k-cie | D39: Rse = | E39: 0.04
A40: Odpor konštrukcie pri prechode tepla | D40: R0 = | E40: =E29+E38+E39 -> 4.7715686
A41: Súčiniteľ prechodu tepla | D41: U = | E41: =1/(E29+E38+E39) -> 0.20957469
A43: SO4 | B43: Obvodová stena Jedáleň | E43: 333
A44: Odpor pri prestupe tepla na vnútornej strane k-cie | D44: Rsi = | E44: 0.13
A45: Názov vrstvy konštrukcie | C45: dj [m] | D45: λj [W/(m.K)] | E45: Rj [m2.K/W]
A46: Vápennocementová omietka | C46: 0.012 | D46: 0.9 | E46: =C46/D46 -> 0.013333333
A47: keramické panely | C47: 0.4 | D47: 0.35 | E47: =C47/D47 -> 1.1428571
A48: TI minerálna vlna | C48: 0.13 | D48: 0.04 | E48: =C48/D48 -> 3.25
A51: Celková hrúbka konštrukcie | C51: =SUM(C46:C48) -> 0.542 | D51: ∑Rj = | E51: =SUM(E46:E49) -> 4.4061905
A52: Odpor pri prestupe tepla na vonkajšej strane k-cie | D52: Rse = | E52: 0.04
A53: Odpor konštrukcie pri prechode tepla | D53: R0 = | E53: =E44+E51+E52 -> 4.5761905
A54: Súčiniteľ prechodu tepla | D54: U = | E54: =1/(E44+E51+E52) -> 0.21852237
A56: SO5 | B56: Obvodová stena Jedáleň2 | E56: 1912.6
A57: Odpor pri prestupe tepla na vnútornej strane k-cie | D57: Rsi = | E57: 0.13
A58: Názov vrstvy konštrukcie | C58: dj [m] | D58: λj [W/(m.K)] | E58: Rj [m2.K/W]
A59: Vápennocementová omietka | C59: 0.0015 | D59: 0.9 | E59: =C59/D59 -> 0.0016666667
A60: betón ŽB | C60: 0.15 | D60: 1.7 | E60: =C60/D60 -> 0.088235294
A61: TI minerálna vlna | C61: 0.17 | D61: 0.04 | E61: =C61/D61 -> 4.25
A64: Celková hrúbka konštrukcie | C64: =SUM(C59:C61) -> 0.3215 | D64: ∑Rj = | E64: =SUM(E59:E62) -> 4.339902
A65: Odpor pri prestupe tepla na vonkajšej strane k-cie | D65: Rse = | E65: 0.04
A66: Odpor konštrukcie pri prechode tepla | D66: R0 = | E66: =E57+E64+E65 -> 4.509902
A67: Súčiniteľ prechodu tepla | D67: U = | E67: =1/(E57+E64+E65) -> 0.22173431

Sheet PodlahaTeren

Sheet OtvoroveKonstrukcie
A1: Ozn. | B1: Otvorové konštrukcie | C1: orientácia | H1: počet | I1: rozmer A x B | K1: obvod | L1: plocha | M1: Škára | N1: Uw | O1: SUMA S | P1: SUMA O | Q1: SUMA L | S1: posudenie vyhovuje nevuhovuje tabulka
C2: J | D2: V | E2: Z | F2: S | G2: H | H2: [ks] | I2: A [m] | J2: B [m] | K2: O [m] | L2: S [m2] | M2: L [m] | N2: [W/(m2.K)]
A3: OO1 | B3: plastové, izolačné 2-sklo | D3: 100 | H3: =SUM(C3:G3) -> 100 | I3: 1.5 | J3: 1.5 | K3: =2*(I3+J3) -> 6 | L3: =I3*J3 -> 2.25 | M3: =0.9*(2*I3+2*J3) -> 5.4 | N3: 1.5 | O3: =L3*H3 -> 225 | P3: =K3*H3 -> 600 | Q3: =M3 -> 5.4
A4: OO2 | B4: plastové, izolačné 2-sklo | D4: 2 | H4: =SUM(C4:G4) -> 2 | I4: 0.9 | J4: 1.5 | K4: =2*(I4+J4) -> 4.8 | L4: =I4*J4 -> 1.35 | M4: =0.9*(2*I4+2*J4) -> 4.32 | N4: 1.5 | O4: =L4*H4 -> 2.7 | P4: =K4*H4 -> 9.6 | Q4: =M4 -> 4.32
A5: OO3 | B5: plastové, izolačné 2-sklo | D5: 16 | H5: =SUM(C5:G5) -> 16 | I5: 2.1 | J5: 1.5 | K5: =2*(I5+J5) -> 7.2 | L5: =I5*J5 -> 3.15 | M5: =0.9*(2*I5+2*J5) -> 6.48 | N5: 1.5 | O5: =L5*H5 -> 50.4 | P5: =K5*H5 -> 115.2 | Q5: =M5 -> 6.48
A6: OO4 | B6: plastové, izolačné 2-sklo | D6: 4 | H6: =SUM(C6:G6) -> 4 | I6: 3 | J6: 1.5 | K6: =2*(I6+J6) -> 9 | L6: =I6*J6 -> 4.5 | M6: =0.9*(2*I6+2*J6) -> 8.1 | N6: 1.5 | O6: =L6*H6 -> 18 | P6: =K6*H6 -> 36 | Q6: =M6 -> 8.1
A7: OO5 | B7: plastové, izolačné 2-sklo | D7: 3 | H7: =SUM(C7:G7) -> 3 | I7: 1.2 | J7: 0.9 | K7: =2*(I7+J7) -> 4.2 | L7: =I7*J7 -> 1.08 | M7: =0.9*(2*I7+2*J7) -> 3.78 | N7: 1.5 | O7: =L7*H7 -> 3.24 | P7: =K7*H7 -> 12.6 | Q7: =M7 -> 3.78
A8: OO6 | B8: plastové, izolačné 2-sklo | D8: 1 | H8: =SUM(C8:G8) -> 1 | I8: 1.4 | J8: 1.35 | K8: =2*(I8+J8) -> 5.5 | L8: =I8*J8 -> 1.89 | M8: =0.9*(2*I8+2*J8) -> 4.95 | N8: 1.5 | O8: =L8*H8 -> 1.89 | P8: =K8*H8 -> 5.5 | Q8: =M8 -> 4.95
A9: OO7 | B9: plastové, izolačné 2-sklo | D9: 4 | H9: =SUM(C9:G9) -> 4 | I9: 1.35 | J9: 1.5 | K9: =2*(I9+J9) -> 5.7 | L9: =I9*J9 -> 2.025 | M9: =0.9*(2*I9+2*J9) -> 5.13 | N9: 1.5 | O9: =L9*H9 -> 8.1 | P9: =K9*H9 -> 22.8 | Q9: =M9 -> 5.13
A10: OO8 | B10: plastové, izolačné 2-sklo | D10: 1 | H10: =SUM(C10:G10) -> 1 | I10: 0.6 | J10: 1.5 | K10: =2*(I10+J10) -> 4.2 | L10: =I10*J10 -> 0.9 | M10: =0.9*(2*I10+2*J10) -> 3.78 | N10: 1.5 | O10: =L10*H10 -> 0.9 | P10: =K10*H10 -> 4.2 | Q10: =M10 -> 3.78
A11: OO9 | B11: plastové, izolačné 2-sklo | D11: 4 | H11: =SUM(C11:G11) -> 4 | I11: 2.7 | J11: 1.5 | K11: =2*(I11+J11) -> 8.4 | L11: =I11*J11 -> 4.05 | M11: =0.9*(2*I11+2*J11) -> 7.56 | N11: 1.5 | O11: =L11*H11 -> 16.2 | P11: =K11*H11 -> 33.6 | Q11: =M11 -> 7.56
A12: OO10 | B12: plastové, izolačné 2-sklo | C12: 1 | H12: =SUM(C12:G12) -> 1 | I12: 1.34 | J12: 1.5 | K12: =2*(I12+J12) -> 5.68 | L12: =I12*J12 -> 2.01 | M12: =0.9*(2*I12+2*J12) -> 5.112 | N12: 1.5 | O12: =L12*H12 -> 2.01 | P12: =K12*H12 -> 5.68 | Q12: =M12 -> 5.112
A13: OO11 | B13: plastové, izolačné 2-sklo | C13: 2 | H13: =SUM(C13:G13) -> 2 | I13: 2.4 | J13: 2.4 | K13: =2*(I13+J13) -> 9.6 | L13: =I13*J13 -> 5.76 | M13: =0.9*(2*I13+2*J13) -> 8.64 | N13: 1.5 | O13: =L13*H13 -> 11.52 | P13: =K13*H13 -> 19.2 | Q13: =M13 -> 8.64
A14: OO12 | B14: plastové, izolačné 2-sklo | C14: 2 | H14: =SUM(C14:G14) -> 2 | I14: 1.35 | J14: 1.5 | K14: =2*(I14+J14) -> 5.7 | L14: =I14*J14 -> 2.025 | M14: =0.9*(2*I14+2*J14) -> 5.13 | N14: 1.5 | O14: =L14*H14 -> 4.05 | P14: =K14*H14 -> 11.4 | Q14: =M14 -> 5.13
A15: OO13 | B15: plastové, izolačné 2-sklo | C15: 11 | H15: =SUM(C15:G15) -> 11 | I15: 1.42 | J15: 1.5 | K15: =2*(I15+J15) -> 5.84 | L15: =I15*J15 -> 2.13 | M15: =0.9*(2*I15+2*J15) -> 5.256 | N15: 1.5 | O15: =L15*H15 -> 23.43 | P15: =K15*H15 -> 64.24 | Q15: =M15 -> 5.256
A16: OO14 | B16: plastové, izolačné 2-sklo | C16: 5 | H16: =SUM(C16:G16) -> 5 | I16: 5.6 | J16: 1.5 | K16: =2*(I16+J16) -> 14.2 | L16: =I16*J16 -> 8.4 | M16: =0.9*(2*I16+2*J16) -> 12.78 | N16: 1.5 | O16: =L16*H16 -> 42 | P16: =K16*H16 -> 71 | Q16: =M16 -> 12.78
A17: OO15 | B17: plastové, izolačné 2-sklo | E17: 17 | H17: =SUM(C17:G17) -> 17 | I17: 2.1 | J17: 1.5 | K17: =2*(I17+J17) -> 7.2 | L17: =I17*J17 -> 3.15 | M17: =0.9*(2*I17+2*J17) -> 6.48 | N17: 1.5 | O17: =L17*H17 -> 53.55 | P17: =K17*H17 -> 122.4 | Q17: =M17 -> 6.48
A18: OO16 | B18: plastové, izolačné 2-sklo | E18: 100 | H18: =SUM(C18:G18) -> 100 | I18: 1.5 | J18: 1.5 | K18: =2*(I18+J18) -> 6 | L18: =I18*J18 -> 2.25 | M18: =0.9*(2*I18+2*J18) -> 5.4 | N18: 1.5 | O18: =L18*H18 -> 225 | P18: =K18*H18 -> 600 | Q18: =M18 -> 5.4
A19: OO17 | B19: plastové, izolačné 2-sklo | E19: 8 | H19: =SUM(C19:G19) -> 8 | I19: 3 | J19: 1.5 | K19: =2*(I19+J19) -> 9 | L19: =I19*J19 -> 4.5 | M19: =0.9*(2*I19+2*J19) -> 8.1 | N19: 1.5 | O19: =L19*H19 -> 36 | P19: =K19*H19 -> 72 | Q19: =M19 -> 8.1
A20: OO18 | B20: plastové, izolačné 2-sklo | E20: 2 | H20: =SUM(C20:G20) -> 2 | I20: 1.42 | J20: 1.5 | K20: =2*(I20+J20) -> 5.84 | L20: =I20*J20 -> 2.13 | M20: =0.9*(2*I20+2*J20) -> 5.256 | N20: 1.5 | O20: =L20*H20 -> 4.26 | P20: =K20*H20 -> 11.68 | Q20: =M20 -> 5.256
A21: OO19 | B21: plastové, izolačné 2-sklo | E21: 2 | H21: =SUM(C21:G21) -> 2 | I21: 1.2 | J21: 0.9 | K21: =2*(I21+J21) -> 4.2 | L21: =I21*J21 -> 1.08 | M21: =0.9*(2*I21+2*J21) -> 3.78 | N21: 1.5 | O21: =L21*H21 -> 2.16 | P21: =K21*H21 -> 8.4 | Q21: =M21 -> 3.78
A22: OO20 | B22: plastové, izolačné 2-sklo | E22: 4 | H22: =SUM(C22:G22) -> 4 | I22: 3 | J22: 1.5 | K22: =2*(I22+J22) -> 9 | L22: =I22*J22 -> 4.5 | M22: =0.9*(2*I22+2*J22) -> 8.1 | N22: 1.5 | O22: =L22*H22 -> 18 | P22: =K22*H22 -> 36 | Q22: =M22 -> 8.1
A23: OO21 | B23: plastové, izolačné 2-sklo | E23: 1 | H23: =SUM(C23:G23) -> 1 | I23: 1.4 | J23: 1.35 | K23: =2*(I23+J23) -> 5.5 | L23: =I23*J23 -> 1.89 | M23: =0.9*(2*I23+2*J23) -> 4.95 | N23: 1.5 | O23: =L23*H23 -> 1.89 | P23: =K23*H23 -> 5.5 | Q23: =M23 -> 4.95
A24: OO22 | B24: plastové, izolačné 2-sklo | E24: 5 | H24: =SUM(C24:G24) -> 5 | I24: 2.7 | J24: 1.5 | K24: =2*(I24+J24) -> 8.4 | L24: =I24*J24 -> 4.05 | M24: =0.9*(2*I24+2*J24) -> 7.56 | N24: 1.5 | O24: =L24*H24 -> 20.25 | P24: =K24*H24 -> 42 | Q24: =M24 -> 7.56
A25: OO23 | B25: plastové, izolačné 2-sklo | F25: 1 | H25: =SUM(C25:G25) -> 1 | I25: 1.8 | J25: 2.2 | K25: =2*(I25+J25) -> 8 | L25: =I25*J25 -> 3.96 | M25: =0.9*(2*I25+2*J25) -> 7.2 | N25: 1.5 | O25: =L25*H25 -> 3.96 | P25: =K25*H25 -> 8 | Q25: =M25 -> 7.2
A26: OO24 | B26: plastové, izolačné 2-sklo | F26: 3 | H26: =SUM(C26:G26) -> 3 | I26: 2.7 | J26: 3 | K26: =2*(I26+J26) -> 11.4 | L26: =I26*J26 -> 8.1 | M26: =0.9*(2*I26+2*J26) -> 10.26 | N26: 1.5 | O26: =L26*H26 -> 24.3 | P26: =K26*H26 -> 34.2 | Q26: =M26 -> 10.26
A27: OO25 | B27: plastové, izolačné 2-sklo | F27: 4 | H27: =SUM(C27:G27) -> 4 | I27: 2.7 | J27: 1.5 | K27: =2*(I27+J27) -> 8.4 | L27: =I27*J27 -> 4.05 | M27: =0.9*(2*I27+2*J27) -> 7.56 | N27: 1.5 | O27: =L27*H27 -> 16.2 | P27: =K27*H27 -> 33.6 | Q27: =M27 -> 7.56
A28: OO26 | B28: plastové, izolačné 2-sklo | F28: 11 | H28: =SUM(C28:G28) -> 11 | I28: 1.42 | J28: 1.5 | K28: =2*(I28+J28) -> 5.84 | L28: =I28*J28 -> 2.13 | M28: =0.9*(2*I28+2*J28) -> 5.256 | N28: 1.5 | O28: =L28*H28 -> 23.43 | P28: =K28*H28 -> 64.24 | Q28: =M28 -> 5.256
A29: OO27 | B29: hliník, izolačné 2-sklo | D29: 2 | H29: =SUM(C29:G29) -> 2 | I29: 2.325 | J29: 2.65 | K29: =2*(I29+J29) -> 9.95 | L29: =I29*J29 -> 6.16125 | M29: =0.9*(2*I29+2*J29) -> 8.955 | N29: 1.5 | O29: =L29*H29 -> 12.3225 | P29: =K29*H29 -> 19.9 | Q29: =M29 -> 8.955
A30: OO28 | B30: hliník, izolačné 2-sklo | D30: 1 | H30: =SUM(C30:G30) -> 1 | I30: 1.8 | J30: 2.05 | K30: =2*(I30+J30) -> 7.7 | L30: =I30*J30 -> 3.69 | M30: =0.9*(2*I30+2*J30) -> 6.93 | N30: 1.5 | O30: =L30*H30 -> 3.69 | P30: =K30*H30 -> 7.7 | Q30: =M30 -> 6.93
A31: OO29 | B31: plastové, izolačné 2-sklo | D31: 10 | H31: =SUM(C31:G31) -> 10 | I31: 3.45 | J31: 2.4 | K31: =2*(I31+J31) -> 11.7 | L31: =I31*J31 -> 8.28 | M31: =0.9*(2*I31+2*J31) -> 10.53 | N31: 1.5 | O31: =L31*H31 -> 82.8 | P31: =K31*H31 -> 117 | Q31: =M31 -> 10.53
A32: OO30 | B32: plastové, izolačné 2-sklo | D32: 1 | H32: =SUM(C32:G32) -> 1 | I32: 3.45 | J32: 2.3 | K32: =2*(I32+J32) -> 11.5 | L32: =I32*J32 -> 7.935 | M32: =0.9*(2*I32+2*J32) -> 10.35 | N32: 1.5 | O32: =L32*H32 -> 7.935 | P32: =K32*H32 -> 11.5 | Q32: =M32 -> 10.35
A33: OO31 | B33: plastové, izolačné 2-sklo | E33: 10 | H33: =SUM(C33:G33) -> 10 | I33: 3.45 | J33: 2.4 | K33: =2*(I33+J33) -> 11.7 | L33: =I33*J33 -> 8.28 | M33: =0.9*(2*I33+2*J33) -> 10.53 | N33: 1.5 | O33: =L33*H33 -> 82.8 | P33: =K33*H33 -> 117 | Q33: =M33 -> 10.53
A34: OO32 | B34: plastové, izolačné 2-sklo | E34: 1 | H34: =SUM(C34:G34) -> 1 | I34: 3.45 | J34: 2.3 | K34: =2*(I34+J34) -> 11.5 | L34: =I34*J34 -> 7.935 | M34: =0.9*(2*I34+2*J34) -> 10.35 | N34: 1.5 | O34: =L34*H34 -> 7.935 | P34: =K34*H34 -> 11.5 | Q34: =M34 -> 10.35
A35: OO33 | B35: hliník, izolačné 2-sklo | D35: 1 | H35: =SUM(C35:G35) -> 1 | I35: 3.45 | J35: 2.65 | K35: =2*(I35+J35) -> 12.2 | L35: =I35*J35 -> 9.1425 | M35: =0.9*(2*I35+2*J35) -> 10.98 | N35: 1.5 | O35: =L35*H35 -> 9.1425 | P35: =K35*H35 -> 12.2 | Q35: =M35 -> 10.98
A36: OO34 | B36: hliník, izolačné 2-sklo | D36: 1 | H36: =SUM(C36:G36) -> 1 | I36: 4.8 | J36: 3.6 | K36: =2*(I36+J36) -> 16.8 | L36: =I36*J36 -> 17.28 | M36: =0.9*(2*I36+2*J36) -> 15.12 | N36: 1.5 | O36: =L36*H36 -> 17.28 | P36: =K36*H36 -> 16.8 | Q36: =M36 -> 15.12
A37: OO35 | B37: hliník, izolačné 2-sklo | F37: 1 | H37: =SUM(C37:G37) -> 1 | I37: 2.4 | J37: 3.6 | K37: =2*(I37+J37) -> 12 | L37: =I37*J37 -> 8.64 | M37: =0.9*(2*I37+2*J37) -> 10.8 | N37: 1.5 | O37: =L37*H37 -> 8.64 | P37: =K37*H37 -> 12 | Q37: =M37 -> 10.8
A38: OO36 | B38: plastové, izolačné 2-sklo | G38: 6 | H38: =SUM(C38:G38) -> 6 | I38: 5.57 | J38: 1.67 | K38: =2*(I38+J38) -> 14.48 | L38: =I38*J38 -> 9.3019 | M38: =0.9*(2*I38+2*J38) -> 13.032 | N38: 1.5 | O38: =L38*H38 -> 55.8114 | P38: =K38*H38 -> 86.88 | Q38: =M38 -> 13.032
A41: Plocha Okná spolu podľa svetovej strany | C41: =SUMPRODUCT(C3:C40,L3:L40) -> 83.01 | D41: =SUMPRODUCT(D3:D40,L3:L40) -> 459.6 | E41: =SUMPRODUCT(E3:E40,L3:L40) -> 451.845 | F41: =SUMPRODUCT(F3:F40,L3:L40) -> 76.53 | G41: =SUMPRODUCT(G3:G40,L3:L40) -> 55.8114 | H41: =SUM(H3:H36) -> 341
A42: Ozn. | B42: Otvorové konštrukcie | C42: orientácia | H42: počet | I42: rozmer A x B | K42: obvod | L42: plocha | M42: Škára | N42: Uw | O42: SUMA S | P42: SUMA O | Q42: SUMA L
C43: =C2 -> J | D43: =D2 -> V | E43: =E2 -> Z | F43: =F2 -> S | G43: =G2 -> H | H43: [ks] | I43: A [m] | J43: B [m] | K43: O [m] | L43: S [m2] | M43: L [m] | N43: [W/(m2.K)]
A44: DO1 | B44: plastové, izolačné 2-sklo | D44: 100 | H44: =SUM(C44:G44) -> 100 | I44: 1 | J44: 2.4 | K44: 2.3628 | L44: =I44*J44 -> 2.4 | M44: =0.9*(2*I44+2*J44) -> 6.12 | N44: 1.5 | O44: =L44*H44 -> 240 | P44: =K44*H44 -> 236.28 | Q44: =M44 -> 6.12
A45: DO2 | B45: plastové, izolačné 2-sklo | D45: 1 | H45: =SUM(C45:G45) -> 1 | I45: 2.1 | J45: 2.4 | K45: 4.4278 | L45: =I45*J45 -> 5.04 | M45: =0.9*(2*I45+2*J45) -> 8.1 | N45: 1.5 | O45: =L45*H45 -> 5.04 | P45: =K45*H45 -> 4.4278 | Q45: =M45 -> 8.1
A46: DO3 | B46: plastové, izolačné 2-sklo | E46: 100 | H46: =SUM(C46:G46) -> 100 | I46: 1.05 | J46: 2.04 | K46: 1.4592 | L46: =I46*J46 -> 2.142 | M46: =0.9*(2*I46+2*J46) -> 5.562 | N46: 1.5 | O46: =L46*H46 -> 214.2 | P46: =K46*H46 -> 145.92 | Q46: =M46 -> 5.562
A47: DO4 | B47: plastové, izolačné 2-sklo | E47: 1 | H47: =SUM(C47:G47) -> 1 | I47: 0.8 | J47: 2.05 | K47: 2.5488 | L47: =I47*J47 -> 1.64 | M47: =0.9*(2*I47+2*J47) -> 5.13 | N47: 1.5 | O47: =L47*H47 -> 1.64 | P47: =K47*H47 -> 2.5488 | Q47: =M47 -> 5.13
A48: DO5 | B48: plastové, izolačné 2-sklo | F48: 1 | H48: =SUM(C48:G48) -> 1 | I48: 0.8 | J48: 1.97 | K48: 4.9056 | L48: =I48*J48 -> 1.576 | M48: =0.9*(2*I48+2*J48) -> 4.986 | N48: 1.5 | O48: =L48*H48 -> 1.576 | P48: =K48*H48 -> 4.9056 | Q48: =M48 -> 4.986
A49: DO6 | B49: plastové, izolačné 2-sklo | C49: 1 | H49: =SUM(C49:G49) -> 1 | I49: 0.8 | J49: 1.97 | K49: 2.9328 | L49: =I49*J49 -> 1.576 | M49: =0.9*(2*I49+2*J49) -> 4.986 | N49: 1.5 | O49: =L49*H49 -> 1.576 | P49: =K49*H49 -> 2.9328 | Q49: =M49 -> 4.986
A50: DO7 | B50: hliník | C50: 1 | H50: =SUM(C50:G50) -> 1 | I50: 1.05 | J50: 2.1 | K50: 2 | L50: =I50*J50 -> 2.205 | M50: =0.9*(2*I50+2*J50) -> 5.67 | N50: 1.5 | O50: =L50*H50 -> 2.205 | P50: =K50*H50 -> 2 | Q50: =M50 -> 5.67
A51: DO8 | B51: hliník | C51: 1 | H51: =SUM(C51:G51) -> 1 | I51: 1.45 | J51: 2.1 | K51: 3.94 | L51: =I51*J51 -> 3.045 | M51: =0.9*(2*I51+2*J51) -> 6.39 | N51: 1.5 | O51: =L51*H51 -> 3.045 | P51: =K51*H51 -> 3.94 | Q51: =M51 -> 6.39
A52: DO9 | B52: hliník | F52: 1 | H52: =SUM(C52:G52) -> 1 | I52: 1.05 | J52: 2.1 | K52: 3.6592 | L52: =I52*J52 -> 2.205 | M52: =0.9*(2*I52+2*J52) -> 5.67 | N52: 1.5 | O52: =L52*H52 -> 2.205 | P52: =K52*H52 -> 3.6592 | Q52: =M52 -> 5.67
A53: DO10 | B53: kovové, izolačné 2-sklo | C53: 1 | H53: =SUM(C53:G53) -> 1 | I53: 2.1 | J53: 2.4 | K53: 1.0032 | L53: =I53*J53 -> 5.04 | M53: =0.9*(2*I53+2*J53) -> 8.1 | N53: 5.6 | O53: =L53*H53 -> 5.04 | P53: =K53*H53 -> 1.0032 | Q53: =M53 -> 8.1
A54: DO11 | B54: kovové, izolačné 2-sklo | E54: 1 | H54: =SUM(C54:G54) -> 1 | I54: 0.9 | J54: 2.85 | K54: 1.1748 | L54: =I54*J54 -> 2.565 | M54: =0.9*(2*I54+2*J54) -> 6.75 | N54: 5.6 | O54: =L54*H54 -> 2.565 | P54: =K54*H54 -> 1.1748 | Q54: =M54 -> 6.75
A55: DO12 | B55: plastové, izolačné 2-sklo | E55: 1 | H55: =SUM(C55:G55) -> 1 | I55: 2.7 | J55: 2.85 | K55: 2.1913 | L55: =I55*J55 -> 7.695 | M55: =0.9*(2*I55+2*J55) -> 9.99 | N55: 1.4 | O55: =L55*H55 -> 7.695 | P55: =K55*H55 -> 2.1913 | Q55: =M55 -> 9.99
A56: DO13 | B56: Sekciová brána | C56: 2 | H56: =SUM(C56:G56) -> 2 | I56: 2.4 | J56: 2.4 | K56: 2.4 | L56: =I56*J56 -> 5.76 | M56: =0.9*(2*I56+2*J56) -> 8.64 | N56: 1.4 | O56: =L56*H56 -> 11.52 | P56: =K56*H56 -> 4.8 | Q56: =M56 -> 8.64
A58: Plocha Dvere spolu podľa svetovej strany | C58: =SUMPRODUCT(C44:C57,L44:L57) -> 23.386 | D58: =SUMPRODUCT(D44:D57,L44:L57) -> 245.04 | E58: =SUMPRODUCT(E44:E57,L44:L57) -> 226.1 | F58: =SUMPRODUCT(F44:F57,L44:L57) -> 3.781 | G58: =SUMPRODUCT(G44:G57,L44:L57) -> 0 | H58: =SUM(H44:H57) -> 212
H59: =H41+H58 -> 553 | J59: =H59-14.4-18.9 -> 519.7 | O59: =SUM(O1:O58) -> 1625.1034

Sheet KonstrukcieSUM
B1: P.č. | C1: Názov konštrukcie | F1: hrúbka | G1: plocha | H1: U
B2: =Konstrukcie!A1 -> SO1 | C2: =Konstrukcie!B1 -> Obvodová stena ŠD | F2: =Konstrukcie!C10 -> 0.3815 | G2: =Konstrukcie!E1 -> 465.1 | H2: =Konstrukcie!E13 -> 0.33016272
B3: =Konstrukcie!A15 -> SO2 | C3: =Konstrukcie!B15 -> Obvodová stena ŠD2 | F3: =Konstrukcie!C23 -> 0.542 | G3: =Konstrukcie!E15 -> 1217.2 | H3: =Konstrukcie!E26 -> 0.31893726
B4: =Konstrukcie!A28 -> SO3 | C4: =Konstrukcie!B28 -> Obvodová stena - Nezateplená časť | F4: =Konstrukcie!C38 -> 0.462 | G4: =Konstrukcie!E28 -> 307.8 | H4: =Konstrukcie!E41 -> 0.78643022
B5: =Konstrukcie!I1 -> STR1 | C5: =Konstrukcie!J1 -> Plochá strecha ŠD | F5: =Konstrukcie!K11 -> 0.922 | G5: =Konstrukcie!M1 -> 825.5 | H5: =Konstrukcie!M14 -> 0.19555769
B6: =Konstrukcie!Q1 -> PDL1 | C6: =Konstrukcie!R1 -> Podlaha na teréne ŽS | F6: =Konstrukcie!S12 -> 0.15 | G6: =Konstrukcie!U1 -> 825.5 | H6: =Konstrukcie!U15 -> 0.26
B8: =OtvoroveKonstrukcie!A3 -> OO1 | C8: =OtvoroveKonstrukcie!B3 -> plastové, izolačné 2-sklo | F8: =OtvoroveKonstrukcie!O3 -> 225 | G8: =OtvoroveKonstrukcie!O3 -> 225 | H8: =OtvoroveKonstrukcie!N3 -> 1.5
B9: =OtvoroveKonstrukcie!A44 -> DO1 | C9: =OtvoroveKonstrukcie!B44 -> plastové, izolačné 2-sklo | F9: =OtvoroveKonstrukcie!O44 -> 240 | G9: =OtvoroveKonstrukcie!O44 -> 240 | H9: =OtvoroveKonstrukcie!N44 -> 1.5

Sheet OtvoroveKonstrukcie nové
A1: Ozn. | B1: Otvorové konštrukcie | C1: orientácia | H1: počet | I1: rozmer A x B | K1: obvod | L1: plocha | M1: Škára | N1: Uw | O1: SUMA S | P1: SUMA O | Q1: SUMA L | S1: posudenie vyhovuje nevuhovuje tabulka
C2: J | D2: V | E2: Z | F2: S | G2: H | H2: [ks] | I2: A [m] | J2: B [m] | K2: O [m] | L2: S [m2] | M2: L [m] | N2: [W/(m2.K)]
A3: OO1 | B3: plastové, izolačné 2-sklo | D3: 100 | H3: =SUM(C3:G3) -> 100 | I3: 1.5 | J3: 1.5 | K3: =2*(I3+J3) -> 6 | L3: =I3*J3 -> 2.25 | M3: =0.9*(2*I3+2*J3) -> 5.4 | N3: 1 | O3: =L3*H3 -> 225 | P3: =K3*H3 -> 600 | Q3: =M3 -> 5.4
A4: OO2 | B4: plastové, izolačné 2-sklo | D4: 2 | H4: =SUM(C4:G4) -> 2 | I4: 0.9 | J4: 1.5 | K4: =2*(I4+J4) -> 4.8 | L4: =I4*J4 -> 1.35 | M4: =0.9*(2*I4+2*J4) -> 4.32 | N4: 1 | O4: =L4*H4 -> 2.7 | P4: =K4*H4 -> 9.6 | Q4: =M4 -> 4.32
A5: OO3 | B5: plastové, izolačné 2-sklo | D5: 16 | H5: =SUM(C5:G5) -> 16 | I5: 2.1 | J5: 1.5 | K5: =2*(I5+J5) -> 7.2 | L5: =I5*J5 -> 3.15 | M5: =0.9*(2*I5+2*J5) -> 6.48 | N5: 1 | O5: =L5*H5 -> 50.4 | P5: =K5*H5 -> 115.2 | Q5: =M5 -> 6.48
A6: OO4 | B6: plastové, izolačné 2-sklo | D6: 4 | H6: =SUM(C6:G6) -> 4 | I6: 3 | J6: 1.5 | K6: =2*(I6+J6) -> 9 | L6: =I6*J6 -> 4.5 | M6: =0.9*(2*I6+2*J6) -> 8.1 | N6: 1 | O6: =L6*H6 -> 18 | P6: =K6*H6 -> 36 | Q6: =M6 -> 8.1
A7: OO5 | B7: plastové, izolačné 2-sklo | D7: 3 | H7: =SUM(C7:G7) -> 3 | I7: 1.2 | J7: 0.9 | K7: =2*(I7+J7) -> 4.2 | L7: =I7*J7 -> 1.08 | M7: =0.9*(2*I7+2*J7) -> 3.78 | N7: 1 | O7: =L7*H7 -> 3.24 | P7: =K7*H7 -> 12.6 | Q7: =M7 -> 3.78
A8: OO6 | B8: plastové, izolačné 2-sklo | D8: 1 | H8: =SUM(C8:G8) -> 1 | I8: 1.4 | J8: 1.35 | K8: =2*(I8+J8) -> 5.5 | L8: =I8*J8 -> 1.89 | M8: =0.9*(2*I8+2*J8) -> 4.95 | N8: 1 | O8: =L8*H8 -> 1.89 | P8: =K8*H8 -> 5.5 | Q8: =M8 -> 4.95
A9: OO7 | B9: plastové, izolačné 2-sklo | D9: 4 | H9: =SUM(C9:G9) -> 4 | I9: 1.35 | J9: 1.5 | K9: =2*(I9+J9) -> 5.7 | L9: =I9*J9 -> 2.025 | M9: =0.9*(2*I9+2*J9) -> 5.13 | N9: 1 | O9: =L9*H9 -> 8.1 | P9: =K9*H9 -> 22.8 | Q9: =M9 -> 5.13
A10: OO8 | B10: plastové, izolačné 2-sklo | D10: 1 | H10: =SUM(C10:G10) -> 1 | I10: 0.6 | J10: 1.5 | K10: =2*(I10+J10) -> 4.2 | L10: =I10*J10 -> 0.9 | M10: =0.9*(2*I10+2*J10) -> 3.78 | N10: 1 | O10: =L10*H10 -> 0.9 | P10: =K10*H10 -> 4.2 | Q10: =M10 -> 3.78
A11: OO9 | B11: plastové, izolačné 2-sklo | D11: 4 | H11: =SUM(C11:G11) -> 4 | I11: 2.7 | J11: 1.5 | K11: =2*(I11+J11) -> 8.4 | L11: =I11*J11 -> 4.05 | M11: =0.9*(2*I11+2*J11) -> 7.56 | N11: 1 | O11: =L11*H11 -> 16.2 | P11: =K11*H11 -> 33.6 | Q11: =M11 -> 7.56
A12: OO10 | B12: plastové, izolačné 2-sklo | C12: 1 | H12: =SUM(C12:G12) -> 1 | I12: 1.34 | J12: 1.5 | K12: =2*(I12+J12) -> 5.68 | L12: =I12*J12 -> 2.01 | M12: =0.9*(2*I12+2*J12) -> 5.112 | N12: 1 | O12: =L12*H12 -> 2.01 | P12: =K12*H12 -> 5.68 | Q12: =M12 -> 5.112
A13: OO11 | B13: plastové, izolačné 2-sklo | C13: 2 | H13: =SUM(C13:G13) -> 2 | I13: 2.4 | J13: 2.4 | K13: =2*(I13+J13) -> 9.6 | L13: =I13*J13 -> 5.76 | M13: =0.9*(2*I13+2*J13) -> 8.64 | N13: 1 | O13: =L13*H13 -> 11.52 | P13: =K13*H13 -> 19.2 | Q13: =M13 -> 8.64
A14: OO12 | B14: plastové, izolačné 2-sklo | C14: 2 | H14: =SUM(C14:G14) -> 2 | I14: 1.35 | J14: 1.5 | K14: =2*(I14+J14) -> 5.7 | L14: =I14*J14 -> 2.025 | M14: =0.9*(2*I14+2*J14) -> 5.13 | N14: 1 | O14: =L14*H14 -> 4.05 | P14: =K14*H14 -> 11.4 | Q14: =M14 -> 5.13
A15: OO13 | B15: plastové, izolačné 2-sklo | C15: 11 | H15: =SUM(C15:G15) -> 11 | I15: 1.42 | J15: 1.5 | K15: =2*(I15+J15) -> 5.84 | L15: =I15*J15 -> 2.13 | M15: =0.9*(2*I15+2*J15) -> 5.256 | N15: 1 | O15: =L15*H15 -> 23.43 | P15: =K15*H15 -> 64.24 | Q15: =M15 -> 5.256
A16: OO14 | B16: plastové, izolačné 2-sklo | C16: 5 | H16: =SUM(C16:G16) -> 5 | I16: 5.6 | J16: 1.5 | K16: =2*(I16+J16) -> 14.2 | L16: =I16*J16 -> 8.4 | M16: =0.9*(2*I16+2*J16) -> 12.78 | N16: 1 | O16: =L16*H16 -> 42 | P16: =K16*H16 -> 71 | Q16: =M16 -> 12.78
A17: OO15 | B17: plastové, izolačné 2-sklo | E17: 17 | H17: =SUM(C17:G17) -> 17 | I17: 2.1 | J17: 1.5 | K17: =2*(I17+J17) -> 7.2 | L17: =I17*J17 -> 3.15 | M17: =0.9*(2*I17+2*J17) -> 6.48 | N17: 1 | O17: =L17*H17 -> 53.55 | P17: =K17*H17 -> 122.4 | Q17: =M17 -> 6.48
A18: OO16 | B18: plastové, izolačné 2-sklo | E18: 100 | H18: =SUM(C18:G18) -> 100 | I18: 1.5 | J18: 1.5 | K18: =2*(I18+J18) -> 6 | L18: =I18*J18 -> 2.25 | M18: =0.9*(2*I18+2*J18) -> 5.4 | N18: 1 | O18: =L18*H18 -> 225 | P18: =K18*H18 -> 600 | Q18: =M18 -> 5.4
A19: OO17 | B19: plastové, izolačné 2-sklo | E19: 8 | H19: =SUM(C19:G19) -> 8 | I19: 3 | J19: 1.5 | K19: =2*(I19+J19) -> 9 | L19: =I19*J19 -> 4.5 | M19: =0.9*(2*I19+2*J19) -> 8.1 | N19: 1 | O19: =L19*H19 -> 36 | P19: =K19*H19 -> 72 | Q19: =M19 -> 8.1
A20: OO18 | B20: plastové, izolačné 2-sklo | E20: 2 | H20: =SUM(C20:G20) -> 2 | I20: 1.42 | J20: 1.5 | K20: =2*(I20+J20) -> 5.84 | L20: =I20*J20 -> 2.13 | M20: =0.9*(2*I20+2*J20) -> 5.256 | N20: 1 | O20: =L20*H20 -> 4.26 | P20: =K20*H20 -> 11.68 | Q20: =M20 -> 5.256
A21: OO19 | B21: plastové, izolačné 2-sklo | E21: 2 | H21: =SUM(C21:G21) -> 2 | I21: 1.2 | J21: 0.9 | K21: =2*(I21+J21) -> 4.2 | L21: =I21*J21 -> 1.08 | M21: =0.9*(2*I21+2*J21) -> 3.78 | N21: 1 | O21: =L21*H21 -> 2.16 | P21: =K21*H21 -> 8.4 | Q21: =M21 -> 3.78
A22: OO20 | B22: plastové, izolačné 2-sklo | E22: 4 | H22: =SUM(C22:G22) -> 4 | I22: 3 | J22: 1.5 | K22: =2*(I22+J22) -> 9 | L22: =I22*J22 -> 4.5 | M22: =0.9*(2*I22+2*J22) -> 8.1 | N22: 1 | O22: =L22*H22 -> 18 | P22: =K22*H22 -> 36 | Q22: =M22 -> 8.1
A23: OO21 | B23: plastové, izolačné 2-sklo | E23: 1 | H23: =SUM(C23:G23) -> 1 | I23: 1.4 | J23: 1.35 | K23: =2*(I23+J23) -> 5.5 | L23: =I23*J23 -> 1.89 | M23: =0.9*(2*I23+2*J23) -> 4.95 | N23: 1 | O23: =L23*H23 -> 1.89 | P23: =K23*H23 -> 5.5 | Q23: =M23 -> 4.95
A24: OO22 | B24: plastové, izolačné 2-sklo | E24: 5 | H24: =SUM(C24:G24) -> 5 | I24: 2.7 | J24: 1.5 | K24: =2*(I24+J24) -> 8.4 | L24: =I24*J24 -> 4.05 | M24: =0.9*(2*I24+2*J24) -> 7.56 | N24: 1 | O24: =L24*H24 -> 20.25 | P24: =K24*H24 -> 42 | Q24: =M24 -> 7.56
A25: OO23 | B25: plastové, izolačné 2-sklo | F25: 1 | H25: =SUM(C25:G25) -> 1 | I25: 1.8 | J25: 2.2 | K25: =2*(I25+J25) -> 8 | L25: =I25*J25 -> 3.96 | M25: =0.9*(2*I25+2*J25) -> 7.2 | N25: 1 | O25: =L25*H25 -> 3.96 | P25: =K25*H25 -> 8 | Q25: =M25 -> 7.2
A26: OO24 | B26: plastové, izolačné 2-sklo | F26: 3 | H26: =SUM(C26:G26) -> 3 | I26: 2.7 | J26: 3 | K26: =2*(I26+J26) -> 11.4 | L26: =I26*J26 -> 8.1 | M26: =0.9*(2*I26+2*J26) -> 10.26 | N26: 1 | O26: =L26*H26 -> 24.3 | P26: =K26*H26 -> 34.2 | Q26: =M26 -> 10.26
A27: OO25 | B27: plastové, izolačné 2-sklo | F27: 4 | H27: =SUM(C27:G27) -> 4 | I27: 2.7 | J27: 1.5 | K27: =2*(I27+J27) -> 8.4 | L27: =I27*J27 -> 4.05 | M27: =0.9*(2*I27+2*J27) -> 7.56 | N27: 1 | O27: =L27*H27 -> 16.2 | P27: =K27*H27 -> 33.6 | Q27: =M27 -> 7.56
A28: OO26 | B28: plastové, izolačné 2-sklo | F28: 11 | H28: =SUM(C28:G28) -> 11 | I28: 1.42 | J28: 1.5 | K28: =2*(I28+J28) -> 5.84 | L28: =I28*J28 -> 2.13 | M28: =0.9*(2*I28+2*J28) -> 5.256 | N28: 1 | O28: =L28*H28 -> 23.43 | P28: =K28*H28 -> 64.24 | Q28: =M28 -> 5.256
A29: OO27 | B29: hliník, izolačné 2-sklo | D29: 2 | H29: =SUM(C29:G29) -> 2 | I29: 2.325 | J29: 2.65 | K29: =2*(I29+J29) -> 9.95 | L29: =I29*J29 -> 6.16125 | M29: =0.9*(2*I29+2*J29) -> 8.955 | N29: 1 | O29: =L29*H29 -> 12.3225 | P29: =K29*H29 -> 19.9 | Q29: =M29 -> 8.955
A30: OO28 | B30: hliník, izolačné 2-sklo | D30: 1 | H30: =SUM(C30:G30) -> 1 | I30: 1.8 | J30: 2.05 | K30: =2*(I30+J30) -> 7.7 | L30: =I30*J30 -> 3.69 | M30: =0.9*(2*I30+2*J30) -> 6.93 | N30: 1 | O30: =L30*H30 -> 3.69 | P30: =K30*H30 -> 7.7 | Q30: =M30 -> 6.93
A31: OO29 | B31: plastové, izolačné 2-sklo | D31: 10 | H31: =SUM(C31:G31) -> 10 | I31: 3.45 | J31: 2.4 | K31: =2*(I31+J31) -> 11.7 | L31: =I31*J31 -> 8.28 | M31: =0.9*(2*I31+2*J31) -> 10.53 | N31: 1 | O31: =L31*H31 -> 82.8 | P31: =K31*H31 -> 117 | Q31: =M31 -> 10.53
A32: OO30 | B32: plastové, izolačné 2-sklo | D32: 1 | H32: =SUM(C32:G32) -> 1 | I32: 3.45 | J32: 2.3 | K32: =2*(I32+J32) -> 11.5 | L32: =I32*J32 -> 7.935 | M32: =0.9*(2*I32+2*J32) -> 10.35 | N32: 1 | O32: =L32*H32 -> 7.935 | P32: =K32*H32 -> 11.5 | Q32: =M32 -> 10.35
A33: OO31 | B33: plastové, izolačné 2-sklo | E33: 10 | H33: =SUM(C33:G33) -> 10 | I33: 3.45 | J33: 2.4 | K33: =2*(I33+J33) -> 11.7 | L33: =I33*J33 -> 8.28 | M33: =0.9*(2*I33+2*J33) -> 10.53 | N33: 1 | O33: =L33*H33 -> 82.8 | P33: =K33*H33 -> 117 | Q33: =M33 -> 10.53
A34: OO32 | B34: plastové, izolačné 2-sklo | E34: 1 | H34: =SUM(C34:G34) -> 1 | I34: 3.45 | J34: 2.3 | K34: =2*(I34+J34) -> 11.5 | L34: =I34*J34 -> 7.935 | M34: =0.9*(2*I34+2*J34) -> 10.35 | N34: 1 | O34: =L34*H34 -> 7.935 | P34: =K34*H34 -> 11.5 | Q34: =M34 -> 10.35
A35: OO33 | B35: hliník, izolačné 2-sklo | D35: 1 | H35: =SUM(C35:G35) -> 1 | I35: 3.45 | J35: 2.65 | K35: =2*(I35+J35) -> 12.2 | L35: =I35*J35 -> 9.1425 | M35: =0.9*(2*I35+2*J35) -> 10.98 | N35: 1 | O35: =L35*H35 -> 9.1425 | P35: =K35*H35 -> 12.2 | Q35: =M35 -> 10.98
A36: OO34 | B36: hliník, izolačné 2-sklo | D36: 1 | H36: =SUM(C36:G36) -> 1 | I36: 4.8 | J36: 3.6 | K36: =2*(I36+J36) -> 16.8 | L36: =I36*J36 -> 17.28 | M36: =0.9*(2*I36+2*J36) -> 15.12 | N36: 1 | O36: =L36*H36 -> 17.28 | P36: =K36*H36 -> 16.8 | Q36: =M36 -> 15.12
A37: OO35 | B37: hliník, izolačné 2-sklo | F37: 1 | H37: =SUM(C37:G37) -> 1 | I37: 2.4 | J37: 3.6 | K37: =2*(I37+J37) -> 12 | L37: =I37*J37 -> 8.64 | M37: =0.9*(2*I37+2*J37) -> 10.8 | N37: 1 | O37: =L37*H37 -> 8.64 | P37: =K37*H37 -> 12 | Q37: =M37 -> 10.8
A38: OO36 | B38: plastové, izolačné 2-sklo | G38: 6 | H38: =SUM(C38:G38) -> 6 | I38: 5.57 | J38: 1.67 | K38: =2*(I38+J38) -> 14.48 | L38: =I38*J38 -> 9.3019 | M38: =0.9*(2*I38+2*J38) -> 13.032 | N38: 1 | O38: =L38*H38 -> 55.8114 | P38: =K38*H38 -> 86.88 | Q38: =M38 -> 13.032
A41: Plocha Okná spolu podľa svetovej strany | C41: =SUMPRODUCT(C3:C40,L3:L40) -> 83.01 | D41: =SUMPRODUCT(D3:D40,L3:L40) -> 459.6 | E41: =SUMPRODUCT(E3:E40,L3:L40) -> 451.845 | F41: =SUMPRODUCT(F3:F40,L3:L40) -> 76.53 | G41: =SUMPRODUCT(G3:G40,L3:L40) -> 55.8114 | H41: =SUM(H3:H36) -> 341
A42: Ozn. | B42: Otvorové konštrukcie | C42: orientácia | H42: počet | I42: rozmer A x B | K42: obvod | L42: plocha | M42: Škára | N42: Uw | O42: SUMA S | P42: SUMA O | Q42: SUMA L
C43: =C2 -> J | D43: =D2 -> V | E43: =E2 -> Z | F43: =F2 -> S | G43: =G2 -> H | H43: [ks] | I43: A [m] | J43: B [m] | K43: O [m] | L43: S [m2] | M43: L [m] | N43: [W/(m2.K)]
A44: DO1 | B44: plastové, izolačné 2-sklo | D44: 100 | H44: =SUM(C44:G44) -> 100 | I44: 1 | J44: 2.4 | K44: 2.3628 | L44: =I44*J44 -> 2.4 | M44: =0.9*(2*I44+2*J44) -> 6.12 | N44: 1 | O44: =L44*H44 -> 240 | P44: =K44*H44 -> 236.28 | Q44: =M44 -> 6.12
A45: DO2 | B45: plastové, izolačné 2-sklo | D45: 1 | H45: =SUM(C45:G45) -> 1 | I45: 2.1 | J45: 2.4 | K45: 4.4278 | L45: =I45*J45 -> 5.04 | M45: =0.9*(2*I45+2*J45) -> 8.1 | N45: 1 | O45: =L45*H45 -> 5.04 | P45: =K45*H45 -> 4.4278 | Q45: =M45 -> 8.1
A46: DO3 | B46: plastové, izolačné 2-sklo | E46: 100 | H46: =SUM(C46:G46) -> 100 | I46: 1.05 | J46: 2.04 | K46: 1.4592 | L46: =I46*J46 -> 2.142 | M46: =0.9*(2*I46+2*J46) -> 5.562 | N46: 1 | O46: =L46*H46 -> 214.2 | P46: =K46*H46 -> 145.92 | Q46: =M46 -> 5.562
A47: DO4 | B47: plastové, izolačné 2-sklo | E47: 1 | H47: =SUM(C47:G47) -> 1 | I47: 0.8 | J47: 2.05 | K47: 2.5488 | L47: =I47*J47 -> 1.64 | M47: =0.9*(2*I47+2*J47) -> 5.13 | N47: 1 | O47: =L47*H47 -> 1.64 | P47: =K47*H47 -> 2.5488 | Q47: =M47 -> 5.13
A48: DO5 | B48: plastové, izolačné 2-sklo | F48: 1 | H48: =SUM(C48:G48) -> 1 | I48: 0.8 | J48: 1.97 | K48: 4.9056 | L48: =I48*J48 -> 1.576 | M48: =0.9*(2*I48+2*J48) -> 4.986 | N48: 1 | O48: =L48*H48 -> 1.576 | P48: =K48*H48 -> 4.9056 | Q48: =M48 -> 4.986
A49: DO6 | B49: plastové, izolačné 2-sklo | C49: 1 | H49: =SUM(C49:G49) -> 1 | I49: 0.8 | J49: 1.97 | K49: 2.9328 | L49: =I49*J49 -> 1.576 | M49: =0.9*(2*I49+2*J49) -> 4.986 | N49: 1 | O49: =L49*H49 -> 1.576 | P49: =K49*H49 -> 2.9328 | Q49: =M49 -> 4.986
A50: DO7 | B50: hliník | C50: 1 | H50: =SUM(C50:G50) -> 1 | I50: 1.05 | J50: 2.1 | K50: 2 | L50: =I50*J50 -> 2.205 | M50: =0.9*(2*I50+2*J50) -> 5.67 | N50: 1 | O50: =L50*H50 -> 2.205 | P50: =K50*H50 -> 2 | Q50: =M50 -> 5.67
A51: DO8 | B51: hliník | C51: 1 | H51: =SUM(C51:G51) -> 1 | I51: 1.45 | J51: 2.1 | K51: 3.94 | L51: =I51*J51 -> 3.045 | M51: =0.9*(2*I51+2*J51) -> 6.39 | N51: 1 | O51: =L51*H51 -> 3.045 | P51: =K51*H51 -> 3.94 | Q51: =M51 -> 6.39
A52: DO9 | B52: hliník | F52: 1 | H52: =SUM(C52:G52) -> 1 | I52: 1.05 | J52: 2.1 | K52: 3.6592 | L52: =I52*J52 -> 2.205 | M52: =0.9*(2*I52+2*J52) -> 5.67 | N52: 1 | O52: =L52*H52 -> 2.205 | P52: =K52*H52 -> 3.6592 | Q52: =M52 -> 5.67
A53: DO10 | B53: kovové, izolačné 2-sklo | C53: 1 | H53: =SUM(C53:G53) -> 1 | I53: 2.1 | J53: 2.4 | K53: 1.0032 | L53: =I53*J53 -> 5.04 | M53: =0.9*(2*I53+2*J53) -> 8.1 | N53: 1 | O53: =L53*H53 -> 5.04 | P53: =K53*H53 -> 1.0032 | Q53: =M53 -> 8.1
A54: DO11 | B54: kovové, izolačné 2-sklo | E54: 1 | H54: =SUM(C54:G54) -> 1 | I54: 0.9 | J54: 2.85 | K54: 1.1748 | L54: =I54*J54 -> 2.565 | M54: =0.9*(2*I54+2*J54) -> 6.75 | N54: 1 | O54: =L54*H54 -> 2.565 | P54: =K54*H54 -> 1.1748 | Q54: =M54 -> 6.75
A55: DO12 | B55: plastové, izolačné 2-sklo | E55: 1 | H55: =SUM(C55:G55) -> 1 | I55: 2.7 | J55: 2.85 | K55: 2.1913 | L55: =I55*J55 -> 7.695 | M55: =0.9*(2*I55+2*J55) -> 9.99 | N55: 1 | O55: =L55*H55 -> 7.695 | P55: =K55*H55 -> 2.1913 | Q55: =M55 -> 9.99
A56: DO13 | B56: Sekciová brána | C56: 2 | H56: =SUM(C56:G56) -> 2 | I56: 2.4 | J56: 2.4 | K56: 2.4 | L56: =I56*J56 -> 5.76 | M56: =0.9*(2*I56+2*J56) -> 8.64 | N56: 1 | O56: =L56*H56 -> 11.52 | P56: =K56*H56 -> 4.8 | Q56: =M56 -> 8.64
A58: Plocha Dvere spolu podľa svetovej strany | C58: =SUMPRODUCT(C44:C57,L44:L57) -> 23.386 | D58: =SUMPRODUCT(D44:D57,L44:L57) -> 245.04 | E58: =SUMPRODUCT(E44:E57,L44:L57) -> 226.1 | F58: =SUMPRODUCT(F44:F57,L44:L57) -> 3.781 | G58: =SUMPRODUCT(G44:G57,L44:L57) -> 0 | H58: =SUM(H44:H57) -> 212
H59: =H41+H58 -> 553 | J59: =H59-14.4-18.9 -> 519.7 | O59: =SUM(O1:O58) -> 1625.1034

Sheet TepelneStraty
A1: Merná tepelná strata prechodom tepla (W/K) | G1: =#REF! -> #REF!
A2: Merná tepelná strata vetraním W/K | G2: =#REF! -> #REF!
A3: Celkové vnútorné zisky kWh/a | G3: =#REF! -> #REF!
A4: Potreba tepla na vykurovanie kWh/a | G4: =#REF! -> #REF!
A5: Merná potreba tepla na vykurovanie kWh/a.m2 | G5: =#REF! -> #REF!
A7: Tepelná strata systému odovdzávanie tepla kWh | G7: =#REF! -> #REF!
A8: Tepelná strata rozvodov vyk systému kWh | G8: =#REF! -> #REF!
A9: Vlastná spotreba energie systému rozvodu tepla (kWh) | G9: =#REF! -> #REF!
A10: Tepelá strata z akumulácie tepla kWh | G10: =#REF! -> #REF!
A11: Tepelná strata z výroby tepla kWh | G11: =#REF! -> #REF!
A12: Potreba energie na vykurovanie kWh | G12: ='PotrebEnergieVYK 2018'!C3 -> #REF!
A13: Merná potreba energie na vykurovanie kWh/m2 | G13: ='PotrebEnergieVYK 2018'!C4 -> #REF!

Sheet PotrebaTeplaVyk nové
J1: Výpočet
B2: Adresa hodnoteného objektu | F2: Zadávaš | J2: Merná tepelná strata prechodom tepla | W2: Mesačná metóda
B3: Okres: | C3: Sabinov | F3: Vypčíta sa | J3: Konštrukcia | O3: Plocha Ai | P3: Ui | Q3: Ui . Ai | R3: Faktor bx | S3: bx . Ui . Ai | X3: počet vyk dní | Y3: D2019 | Z3: mesiac | AA3: xi=D.0,024 | AB3: Ht | AC3: Hv | AD3: Qi | AE3: Qsol | AF3: Qspolu | AG3: μ | AH3: Qh
B4: Adresa: | O4: [m2] | P4: [W/(m2K)] | Q4: [W/K] | R4: [-] | S4: [W/K] | W4: 24 | X4: 10 | Y4: 67.8 | Z4: október | AA4: =Y4*0.024 -> 1.6272 | AB4: =S21 -> 3434.2075 | AC4: =S33 -> 3829.2319 | AD4: =K47*0.024*X4*D12 -> 6361.8 | AE4: =#REF! -> #REF! | AF4: =AD4+AE4 -> #REF! | AG4: 0.95 | AH4: =(AA4*(AB4+AC4))-(AF4*AG4) -> #REF!
B5: Kategória budovy | C5: Administratívne budovy | J5: =KonstrukcieSUM!B2 -> SO1 | K5: =KonstrukcieSUM!C2 -> Obvodová stena ŠD | O5: ='Konstrukcie nové'!E1 -> 465.1 | P5: ='Konstrukcie nové'!E12 -> 4.7788095 | Q5: =(O5*P5) -> 2222.6243 | R5: 1 | S5: =R5*Q5 -> 2222.6243 | W5: 24 | X5: 25 | Y5: 327.9 | Z5: november | AA5: =Y5*0.024 -> 7.8696 | AB5: =S21 -> 3434.2075 | AC5: =S33 -> 3829.2319 | AD5: =K47*0.024*X5*D12 -> 15904.5 | AE5: =#REF! -> #REF! | AF5: =AD5+AE5 -> #REF! | AG5: 0.95 | AH5: =(AA5*(AB5+AC5))-(AF5*AG5) -> #REF!
B6: Rok spracovania energetického auditu: | C6: 2020 | J6: =KonstrukcieSUM!B3 -> SO2 | K6: =KonstrukcieSUM!C3 -> Obvodová stena ŠD2 | O6: ='Konstrukcie nové'!E14 -> 0 | P6: ='Konstrukcie nové'!E25 -> 4.6354129 | Q6: =(O6*P6) -> 0 | R6: 1 | S6: =R6*Q6 -> 0 | W6: 24 | X6: 31 | Y6: 523.2 | Z6: december | AA6: =Y6*0.024 -> 12.5568 | AB6: =S21 -> 3434.2075 | AC6: =S33 -> 3829.2319 | AD6: =K47*0.024*X6*D12 -> 19721.58 | AE6: =#REF! -> #REF! | AF6: =AD6+AE6 -> #REF! | AG6: 0.95 | AH6: =(AA6*(AB6+AC6))-(AF6*AG6) -> #REF!
J7: =KonstrukcieSUM!B4 -> SO3 | K7: =KonstrukcieSUM!C4 -> Obvodová stena - Nezateplená časť | O7: ='Konstrukcie nové'!E27 -> 0 | P7: ='Konstrukcie nové'!E38 -> 4.6015686 | Q7: =(O7*P7) -> 0 | R7: 1 | S7: =R7*Q7 -> 0 | W7: 24 | X7: 31 | Y7: 584.5 | Z7: január | AA7: =Y7*0.024 -> 14.028 | AB7: =S21 -> 3434.2075 | AC7: =S33 -> 3829.2319 | AD7: =K47*0.024*X7*D12 -> 19721.58 | AE7: =#REF! -> #REF! | AF7: =AD7+AE7 -> #REF! | AG7: 0.95 | AH7: =(AA7*(AB7+AC7))-(AF7*AG7) -> #REF!
B8: Geometrické parametre objektu | J8: =KonstrukcieSUM!B5 -> STR1 | K8: =KonstrukcieSUM!C5 -> Plochá strecha ŠD | O8: ='Konstrukcie nové'!M1 -> 825.5 | P8: ='Konstrukcie nové'!M12 -> 0.04 | Q8: =(O8*P8) -> 33.02 | R8: 1 | S8: =R8*Q8 -> 33.02 | W8: 24 | X8: 28 | Y8: 411.4 | Z8: február | AA8: =Y8*0.024 -> 9.8736 | AB8: =S21 -> 3434.2075 | AC8: =S33 -> 3829.2319 | AD8: =K47*0.024*X8*D12 -> 17813.04 | AE8: =#REF! -> #REF! | AF8: =AD8+AE8 -> #REF! | AG8: 0.95 | AH8: =(AA8*(AB8+AC8))-(AF8*AG8) -> #REF!
B9: Celková zastavaná plocha (m2) | C9: A | D9: 4021 | F9: dĺžka vyk zóny | G9: 50 | H9: m | J9: =KonstrukcieSUM!B6 -> PDL1 | K9: =KonstrukcieSUM!C6 -> Podlaha na teréne ŽS | O9: ='Konstrukcie nové'!U1 -> 825.5 | P9: ='Konstrukcie nové'!U12 -> 1.2918937 | Q9: =(O9*P9) -> 1066.4582 | R9: 1 | S9: =R9*Q9 -> 1066.4582 | W9: 24 | X9: 30 | Y9: 309.9 | Z9: marec | AA9: =Y9*0.024 -> 7.4376 | AB9: =S21 -> 3434.2075 | AC9: =S33 -> 3829.2319 | AD9: =K47*0.024*X9*D12 -> 19085.4 | AE9: =#REF! -> #REF! | AF9: =AD9+AE9 -> #REF! | AG9: 0.95 | AH9: =(AA9*(AB9+AC9))-(AF9*AG9) -> #REF!
B10: Obvod zastavanej plochy (m) | C10: P | D10: 352 | F10: šírka vyk zóny | G10: 20 | H10: m | T10: ivl | U10: l [m] | W10: 24 | X10: 15 | Y10: 105.7 | Z10: apríl | AA10: =Y10*0.024 -> 2.5368 | AB10: =S21 -> 3434.2075 | AC10: =S33 -> 3829.2319 | AD10: =K47*0.024*X10*D12 -> 9542.7 | AE10: =#REF! -> #REF! | AF10: =AD10+AE10 -> #REF! | AG10: 0.95 | AH10: =(AA10*(AB10+AC10))-(AF10*AG10) -> #REF!
B11: Obostavaný vykurovaný objem (m3) | C11: Vb | D11: 26762.25 | J11: =KonstrukcieSUM!B8 -> OO1 | K11: =KonstrukcieSUM!C8 -> plastové, izolačné 2-sklo | O11: ='OtvoroveKonstrukcie nové'!H8 -> 1 | P11: ='OtvoroveKonstrukcie nové'!N8 -> 1 | Q11: =(O11*P11) -> 1 | R11: 1 | S11: =R11*Q11 -> 1 | T11: 1 | U11: =OtvoroveKonstrukcie!Q3 -> 5.4 | V11: 0.01 | X11: =SUM(X4:X10) -> 170 | Y11: =SUM(Y4:Y10) -> 2330.4 | Z11: Celkom | AH11: =SUM(AH4:AH10) -> #REF!
B12: Celková podlahová plocha (m2) | C12: Ab | D12: 5301.5 | J12: =KonstrukcieSUM!B9 -> DO1 | K12: =KonstrukcieSUM!C9 -> plastové, izolačné 2-sklo | O12: ='OtvoroveKonstrukcie nové'!H16 -> 5 | P12: ='OtvoroveKonstrukcie nové'!N16 -> 1 | Q12: =(O12*P12) -> 5 | R12: 1 | S12: =R12*Q12 -> 5 | T12: 1 | U12: =OtvoroveKonstrukcie!Q44 -> 6.12 | V12: =U12*T12*0.001 -> 0.00612
B13: Ochladzovaná obalová konštrukcia (m2) | C13: ∑Ai | J13: Súčty | N13: ∑ Ai = | O13: =SUM(O5:O12) -> 2122.1 | Q13: ∑bx . Ui . Ai= | S13: =SUM(S5:S12) -> 3328.1025 | U13: =SUM(U11:U12) -> 11.52 | V13: =SUM(V11:V12) -> 0.01612
B14: Faktor tvaru budovy (m-1) | C14: ∑Ai/Vb | D14: =D13/D11 -> 0
B15: Počet vyk podlaží podlaží | D15: 2 | J15: Vplyv tepelných mostov:
B16: Priemerná konštrukčná výška podlažia (m) | C16: hk,pr | D16: 2.8 | N16: exaktne: | O16: podľa STN EN ISO 10211, resp. STN ISO 14683
M17: X | N17: paušálne: | O17: 0.05 | P17: Konštrukcie zateplené zvonku | R17: ΔU = | S17: 0.05
B18: Dennostupne | O18: 0.1 | P18: Ostatné prípady
B19: Kalendárny rok | D19: =C6-3 -> 2017 | E19: =C6-2 -> 2018 | F19: =C6-1 -> 2019 | G19: Priemer | O19: 0.2 | P19: Konštrukcie zateplené zvnútra
B20: Počet vykurovacích dní | D20: =VLOOKUP($C$3,Dennostupne!B1:AR81,D24,FALSE) -> 251 | E20: =VLOOKUP($C$3,Dennostupne!B1:AR81,E24,FALSE) -> 196 | F20: =VLOOKUP($C$3,Dennostupne!B1:AR81,F24,FALSE) -> 233 | G20: =SUM(D20:F20)/COUNT(D20:F20) -> 226.66667 | J20: Vplyv tepelných mostov [W/K]: | N20: ΔU.∑Ai = | S20: =S17*O13 -> 106.105
B21: Priemerná vonk. teplota (oC) | D21: =VLOOKUP($C$3,Dennostupne!B3:AR81,D24+1,FALSE) -> 3 | E21: =VLOOKUP($C$3,Dennostupne!B3:AR81,E24+1,FALSE) -> 2.9 | F21: =VLOOKUP($C$3,Dennostupne!B3:AR81,F24+1,FALSE) -> 5.3 | G21: =SUM(D21:F21)/COUNT(D21:F21) -> 3.7333333 | J21: Merná tepelná strata HT [W/K]: | N21: HT = ∑bx.Ui.Ai + ΔU.∑Ai = | S21: =S13+S20 -> 3434.2075
B22: Počet dennostupňov | D22: =IF(ISNUMBER(D21),(VstupneUdaje!O16-D21)*D20,"-") -> 4267 | E22: =IF(ISNUMBER(E21),(VstupneUdaje!O16-E21)*E20,"-") -> 3351.6 | F22: =IF(ISNUMBER(F21),(VstupneUdaje!O16-F21)*F20,"-") -> 3425.1 | G22: =AVERAGE(D22:F22) -> 3681.2333
D23: =$G22 -> 3681.2333 | E23: =$G22 -> 3681.2333 | F23: =$G22 -> 3681.2333 | J23: Priemerný súčiniteľ prechodu tepla [W/(m2K)]: | R23: Ue,m = HT/∑Ai = | S23: =S21/O13 -> 1.6183062
D24: =MATCH(D19,Dennostupne!B1:AR1) -> 38 | E24: =MATCH(E19,Dennostupne!B1:AR1) -> 40 | F24: =MATCH(F19,Dennostupne!B1:AR1) -> 42 | J24: Odporúčané hodnoty Ue,m | M24: ∑Ai/Vb | N24: Ue,m,max | O24: Ue,m,N | P24: Ue,m,r1 | Q24: Ue,m,r2 | R24: Vyhovuje?
J25: Priemerný súčiniteľ prechodu tepla [W/(m2K)]:
R26: Ue,m = HT/∑Ai = | S26: =S21/O13 -> 1.6183062
J28: Merná tepelná strata vetraním
J29: Pomer vnútorného a obostavaného objemu budovy V/Vb (m3/m3) | S29: 0.85
J30: Hustota vzduchu (kg/m3) | S30: 1.2
J31: Merná tepelná kapacita vzduchu (J/kg.K) | S31: 1010
J32: Intenzita výmeny vzduchu | S32: =IF((25200*(V13/D11))<0.5,0.5,(25200*(V13/D11))) -> 0.5
J33: HV = | S33: =(S29*S30*S31*D11*S32)/3600 -> 3829.2319
J35: Tepelná strata celková-normalizovaná hodnota
J36: mesiac | K36: jan | L36: feb | M36: mar | N36: apr | O36: okt | P36: nov | Q36: dec | S36: Spolu
J37: xi | K37: =VstupneUdaje!BJ14 -> 16.2192 | L37: =VstupneUdaje!BJ15 -> 13.1712 | M37: =VstupneUdaje!BJ16 -> 11.4576 | N37: =VstupneUdaje!BJ17 -> 7.272 | O37: =VstupneUdaje!BJ18 -> 7.5888 | P37: =VstupneUdaje!BJ19 -> 11.304 | Q37: =VstupneUdaje!BJ20 -> 15.1032
J38: H | K38: =S33+S21 -> 7263.4395 | L38: 4558.5716 | M38: 4558.5716 | N38: 4558.5716 | O38: 4558.5716 | P38: 4558.5716 | Q38: 4558.5716
J39: Ql= | K39: =K37*K38 -> 117807.18 | L39: =L37*L38 -> 60041.858 | M39: =M37*M38 -> 52230.29 | N39: =N37*N38 -> 33149.933 | O39: =O37*O38 -> 34594.088 | P39: =P37*P38 -> 51530.094 | Q39: =Q37*Q38 -> 68849.019 | S39: =SUM(K39:Q39) -> 418202.46
J41: Tepelná strata celková
J42: H= | S42: =S21+S33 -> 7263.4395
J44: Vnútorné tepelné zisky
J45: Qint | S45: Spolu
J46: počet vyk. dní | K46: =G20 -> 226.66667
J47: tepelný výkon ZT | K47: 5 | S47: =K46*0.024*K47*D12 -> 144200.8
J49: Solárne tpelné zisky
J50: orientácia | M50: =OtvoroveKonstrukcie!C2 -> J | N50: =OtvoroveKonstrukcie!D2 -> V | O50: =OtvoroveKonstrukcie!E2 -> Z | P50: =OtvoroveKonstrukcie!F2 -> S | Q50: =OtvoroveKonstrukcie!G2 -> H | S50: Spolu
J51: Intenzita slnečného žiarenia | M51: =#REF! -> #REF! | N51: =#REF! -> #REF! | O51: =#REF! -> #REF! | P51: =#REF! -> #REF! | Q51: =#REF! -> #REF!
J52: Plocha otvoru | M52: 200 | N52: 200 | O52: 200 | P52: 200 | Q52: 200
J53: Faktor tienenia | M53: 0.5 | N53: 0.5 | O53: 0.5 | P53: 0.5 | Q53: 0.5
J54: Celková priepusnosť | M54: 0.6 | N54: 0.6 | O54: 0.6 | P54: 0.6 | Q54: 0.6 | T54: navzorcvat
J55: Účinná kolekčná plocha | M55: =0.8*M54*(1-0.8)*M52 -> 19.2 | N55: =0.8*N54*(1-0.8)*N52 -> 19.2 | O55: =0.8*O54*(1-0.8)*O52 -> 19.2 | P55: =0.8*P54*(1-0.8)*P52 -> 19.2 | Q55: =0.8*Q54*(1-0.8)*Q52 -> 19.2 | T55: navzorcovat
J56: Solárny tepelný zisk | M56: =M53*M55*M51 -> #REF! | N56: =N53*N55*N51 -> #REF! | O56: =O53*O55*O51 -> #REF! | P56: =P53*P55*P51 -> #REF! | Q56: =Q53*Q55*Q51 -> #REF! | S56: =SUM(M56:Q56) -> #REF!
J58: Tepelné zisky celkové
J59: Q= | S59: =S47+S56 -> #REF!
J61: Potreba tepla na vykurovanie
J62: Qh= | S62: =S42*(20-G21)*G20*0.024-0.95*S59 -> #REF!
J64: Merná potreba tepla na vykurovanie
J65: Qh,nd= | S65: =S62/D12 -> #REF! | T65: doplnit vyhovuje nevyhovuje

Sheet PotrebaTeplaVyk 3 roky_STENY
J1: Výpočet | X1: 2018
B2: Adresa hodnoteného objektu | F2: Zadávaš | J2: Merná tepelná strata prechodom tepla | X2: Mesačná metóda
B3: Okres: | C3: Bratislava II | F3: Vypočíta sa | J3: Konštrukcia | O3: Plocha Ai | P3: Ui | Q3: Ui . Ai | R3: Faktor bx | S3: bx . Ui . Ai | X3: Ti | Y3: počet vyk dní | Z3: D2019 | AA3: mesiac | AB3: xi=D.0,024 | AC3: Ht | AD3: Hv | AE3: Qi | AF3: Qsol | AG3: Qspolu | AH3: μ | AI3: Qh
B4: Adresa: | O4: [m2] | P4: [W/(m2K)] | Q4: [W/K] | R4: [-] | S4: [W/K] | X4: 23.2 | Y4: =Y16 -> 30 | Z4: =AA16 -> 339 | AA4: október | AB4: =Z4*0.024 -> 8.136 | AC4: =S84 -> 4707.1974 | AD4: =S96 -> 4639.7489 | AE4: =Y4*0.024*5*D12 -> 40674.96 | AF4: =#REF! -> #REF! | AG4: =AE4+AF4 -> #REF! | AH4: =#REF! -> #REF! | AI4: =(AB4*(AC4+AD4))-(AG4*AH4) -> #REF!
B5: Kategória budovy | C5: Budovy škôl a školských zariadení | J5: =KonstrukcieSUM!B2 -> SO1 | K5: =KonstrukcieSUM!C2 -> Obvodová stena ŠD | O5: =KonstrukcieSUM!G2 -> 465.1 | P5: ='Konstrukcie nové'!E13 -> 0.20925714 | Q5: =(O5*P5) -> 97.325494 | R5: 1 | S5: =R5*Q5 -> 97.325494 | X5: 20.8 | Y5: =Y17 -> 30 | Z5: =AA17 -> 447 | AA5: november | AB5: =Z5*0.024 -> 10.728 | AC5: =S84 -> 4707.1974 | AD5: =S96 -> 4639.7489 | AE5: =Y5*0.024*5*D12 -> 40674.96 | AF5: =#REF! -> #REF! | AG5: =AE5+AF5 -> #REF! | AH5: =#REF! -> #REF! | AI5: =(AB5*(AC5+AD5))-(AG5*AH5) -> #REF!
B6: Rok spracovania energetického auditu: | C6: 2018 | J6: =KonstrukcieSUM!B3 -> SO2 | K6: =KonstrukcieSUM!C3 -> Obvodová stena ŠD2 | O6: =KonstrukcieSUM!G3 -> 1217.2 | P6: ='Konstrukcie nové'!E26 -> 0.21573051 | Q6: =(O6*P6) -> 262.58718 | R6: 1 | S6: =R6*Q6 -> 262.58718 | X6: 19.8 | Y6: 31 | Z6: =AA18 -> 530.1 | AA6: december | AB6: =Z6*0.024 -> 12.7224 | AC6: =S84 -> 4707.1974 | AD6: =S96 -> 4639.7489 | AE6: =Y6*0.024*5*D12 -> 42030.792 | AF6: =#REF! -> #REF! | AG6: =AE6+AF6 -> #REF! | AH6: =#REF! -> #REF! | AI6: =(AB6*(AC6+AD6))-(AG6*AH6) -> #REF!
J7: =Konstrukcie!A28 -> SO3 | K7: =Konstrukcie!B28 -> Obvodová stena - Nezateplená časť | O7: =Konstrukcie!E28 -> 307.8 | P7: ='Konstrukcie nové'!E41 -> 0.20957469 | Q7: =(O7*P7) -> 64.507089 | R7: 1 | S7: =R7*Q7 -> 64.507089 | X7: 21.7 | Y7: 31 | Z7: =AA19 -> 573.5 | AA7: január | AB7: =Z7*0.024 -> 13.764 | AC7: =S84 -> 4707.1974 | AD7: =S96 -> 4639.7489 | AE7: =Y7*0.024*5*D12 -> 42030.792 | AF7: =#REF! -> #REF! | AG7: =AE7+AF7 -> #REF! | AH7: =#REF! -> #REF! | AI7: =(AB7*(AC7+AD7))-(AG7*AH7) -> #REF!
B8: Geometrické parametre objektu | J8: =Konstrukcie!A43 -> SO4 | K8: =Konstrukcie!B43 -> Obvodová stena Jedáleň | O8: =Konstrukcie!E43 -> 333 | P8: ='Konstrukcie nové'!E54 -> 0.21852237 | Q8: =(O8*P8) -> 72.76795 | R8: 1 | S8: =R8*Q8 -> 72.76795 | X8: 17.1 | Y8: 28 | Z8: =AA20 -> 492.8 | AA8: február | AB8: =Z8*0.024 -> 11.8272 | AC8: =S84 -> 4707.1974 | AD8: =S96 -> 4639.7489 | AE8: =Y8*0.024*5*D12 -> 37963.296 | AF8: =#REF! -> #REF! | AG8: =AE8+AF8 -> #REF! | AH8: =#REF! -> #REF! | AI8: =(AB8*(AC8+AD8))-(AG8*AH8) -> #REF!
B9: Celková zastavaná plocha (m2) | C9: A | D9: 1930.2 | F9: dĺžka vyk zóny | G9: 50 | H9: m | J9: =Konstrukcie!A56 -> SO5 | K9: =Konstrukcie!B56 -> Obvodová stena Jedáleň2 | O9: =Konstrukcie!E56 -> 1912.6 | P9: ='Konstrukcie nové'!E67 -> 0.22173431 | Q9: =(O9*P9) -> 424.08904 | R9: 1 | S9: =R9*Q9 -> 424.08904 | X9: 18.6 | Y9: =Y21 -> 31 | Z9: =AA21 -> 468.1 | AA9: marec | AB9: =Z9*0.024 -> 11.2344 | AC9: =S84 -> 4707.1974 | AD9: =S96 -> 4639.7489 | AE9: =Y9*0.024*5*D12 -> 42030.792 | AF9: =#REF! -> #REF! | AG9: =AE9+AF9 -> #REF! | AH9: =#REF! -> #REF! | AI9: =(AB9*(AC9+AD9))-(AG9*AH9) -> #REF!
B10: Obvod zastavanej plochy (m) | C10: P | D10: =128+134.24 -> 262.24 | F10: šírka vyk zóny | G10: 20 | H10: m | X10: 33 | Y10: =Y22 -> 14 | Z10: =AA22 -> 247.8 | AA10: apríl | AB10: =Z10*0.024 -> 5.9472 | AC10: =S84 -> 4707.1974 | AD10: =S96 -> 4639.7489 | AE10: =Y10*0.024*5*D13 -> 16331.622 | AF10: =#REF! -> #REF! | AG10: =AE10+AF10 -> #REF! | AH10: =#REF! -> #REF! | AI10: =((AB10*(AC10+AD10))-(AG10*AH10))*0 -> #REF! | AK10: Spotreba podla faktury | AN10: Spotreba tepla na TV
B11: Obostavaný vykurovaný objem (m3) | C11: Vb | D11: 32426.9 | J11: =Konstrukcie!I1 -> STR1 | K11: =Konstrukcie!J1 -> Plochá strecha ŠD | O11: =Konstrukcie!M1 -> 825.5 | P11: =Konstrukcie!M14 -> 0.19555769 | Q11: =(O11*P11) -> 161.43287 | R11: 1 | S11: =R11*Q11 -> 161.43287 | X11: =AVERAGE(X4:X9) -> 20.2 | Y11: =SUM(Y4:Y10) -> 195 | Z11: =SUM(Z4:Z10) -> 3098.3 | AA11: Celkom | AH11: =AVERAGE(AH4:AH10) -> #REF! | AI11: =SUM(AI4:AI10) -> #REF! | AK11: =#REF!*1000 -> #REF! | AL11: kWh/a | AN11: =PotrebaEnergieTV!C10 -> #REF! | AO11: kWh
B12: Celková podlahová plocha (m2) | C12: Ab | D12: 11298.6 | J12: =Konstrukcie!I16 -> STR2 | K12: =Konstrukcie!J16 -> Strecha Jedáleň | O12: =Konstrukcie!M16 -> 1104.7 | P12: =Konstrukcie!M29 -> 0.19941579 | Q12: =(O12*P12) -> 220.29462 | R12: 1 | S12: =R12*Q12 -> 220.29462 | AI12: =AI11/D12 -> #REF! | AJ12: W/m2.a | AK12: 0.8
B13: Ochladzovaná obalová konštrukcia (m2) | C13: ∑Ai | D13: =O76 -> 9721.2034 | J13: =Konstrukcie!I31 -> 0 | K13: =Konstrukcie!J31 -> 0 | O13: =Konstrukcie!M31 -> 0 | P13: =Konstrukcie!M43 -> 0 | Q13: =(O13*P13) -> 0 | R13: 1 | S13: =R13*Q13 -> 0 | X13: Dennostupne 2018/2019 | AK13: =AK11*AK12 -> #REF! | AL13: kWh/a
B14: Faktor tvaru budovy (m-1) | C14: ∑Ai/Vb | D14: =D13/D11 -> 0.29978824 | J14: =Konstrukcie!I45 -> 0 | K14: =Konstrukcie!J45 -> 0 | O14: =Konstrukcie!M45 -> 0 | P14: =Konstrukcie!M58 -> 0 | Q14: =(O14*P14) -> 0 | R14: 1 | S14: =R14*Q14 -> 0 | X14: mesiac | Y14: vyk dni | Z14: tem | AA14: D | AK14: =AI11+AN11 -> #REF! | AL14: kwh/a | AN14: Potreba energie na VYK | AQ14: Potreba energie na TV
B15: Počet vyk podlaží podlaží | D15: 3 | J15: =Konstrukcie!I60 -> 0 | K15: =Konstrukcie!J60 -> 0 | O15: =Konstrukcie!M60 -> 0 | P15: =Konstrukcie!M72 -> 0 | Q15: =(O15*P15) -> 0 | R15: 1 | S15: =R15*Q15 -> 0 | X15: september | Y15: 6 | Z15: 15.6 | AA15: =(20-Z15)*Y15 -> 26.4 | AK15: potreba VYK | AN15: ='PotrebEnergieVYK 2018'!C3 -> #REF! | AO15: kWh | AQ15: =PotrebaEnergieTV!C3 -> #REF! | AR15: kWh
B16: Priemerná konštrukčná výška podlažia (m) | C16: hk,pr | D16: 2.87 | J16: =Konstrukcie!I74 -> 0 | K16: =Konstrukcie!J74 -> 0 | O16: =Konstrukcie!M74 -> 0 | P16: =Konstrukcie!M86 -> 0 | Q16: =(O16*P16) -> 0 | R16: 1 | S16: =R16*Q16 -> 0 | X16: október | Y16: 30 | Z16: 11.9 | AA16: =(X4-Z16)*Y16 -> 339 | AK16: =AK13-AN11 -> #REF! | AL16: kwh/a
Q17: =(O17*P17) -> 0 | R17: 1 | S17: =R17*Q17 -> 0 | X17: november | Y17: 30 | Z17: 5.9 | AA17: =(X5-Z17)*Y17 -> 447 | AN17: Potreba energie spolu
B18: Dennostupne | J18: =Konstrukcie!Q1 -> PDL1 | K18: =Konstrukcie!R1 -> Podlaha na teréne ŽS | O18: =Konstrukcie!U1 -> 825.5 | P18: =Konstrukcie!U15 -> 0.26 | Q18: =(O18*P18) -> 214.63 | R18: 1 | S18: =R18*Q18 -> 214.63 | X18: december | Y18: 31 | Z18: 2.7 | AA18: =(X6-Z18)*Y18 -> 530.1 | AN18: =AN15+AQ15 -> #REF! | AO18: kWh
B19: Kalendárny rok | D19: =C6-3 -> 2015 | E19: =C6-2 -> 2016 | F19: =C6-1 -> 2017 | G19: Priemer | J19: =Konstrukcie!Q17 -> PDL2 | K19: =Konstrukcie!R17 -> Podlaha na teréne Jedáleň | O19: =Konstrukcie!U17 -> 1104.7 | P19: =Konstrukcie!U28 -> 0.22 | Q19: =(O19*P19) -> 243.034 | R19: 1 | S19: =R19*Q19 -> 243.034 | X19: január | Y19: 31 | Z19: 3.2 | AA19: =(X7-Z19)*Y19 -> 573.5
B20: Počet vykurovacích dní | D20: =VLOOKUP($C$3,Dennostupne!B1:AR81,D24,FALSE) -> 183 | E20: =VLOOKUP($C$3,Dennostupne!B1:AR81,E24,FALSE) -> 205 | F20: =VLOOKUP($C$3,Dennostupne!B1:AR81,F24,FALSE) -> 207 | G20: =SUM(D20:F20)/COUNT(D20:F20) -> 198.33333 | J20: =Konstrukcie!Q30 -> 0 | K20: =Konstrukcie!R30 -> 0 | O20: =Konstrukcie!U30 -> 0 | P20: =Konstrukcie!U41 -> 0 | Q20: =(O20*P20) -> 0 | R20: 1 | S20: =R20*Q20 -> 0 | X20: február | Y20: 28 | Z20: -0.5 | AA20: =(X8-Z20)*Y20 -> 492.8
B21: Priemerná vonk. teplota (oC) | D21: =VLOOKUP($C$3,Dennostupne!B3:AR81,D24+1,FALSE) -> 5.6 | E21: =VLOOKUP($C$3,Dennostupne!B3:AR81,E24+1,FALSE) -> 5.3 | F21: =VLOOKUP($C$3,Dennostupne!B3:AR81,F24+1,FALSE) -> 5.5 | G21: =SUM(D21:F21)/COUNT(D21:F21) -> 5.4666667 | T21: ivl | U21: l [m] | X21: marec | Y21: 31 | Z21: 3.5 | AA21: =(X9-Z21)*Y21 -> 468.1
B22: Počet dennostupňov | D22: =IF(ISNUMBER(D21),(VstupneUdaje!O16-D21)*D20,"-") -> 2635.2 | E22: =IF(ISNUMBER(E21),(VstupneUdaje!O16-E21)*E20,"-") -> 3013.5 | F22: =IF(ISNUMBER(F21),(VstupneUdaje!O16-F21)*F20,"-") -> 3001.5 | G22: =AVERAGE(D22:F22) -> 2883.4 | J22: =OtvoroveKonstrukcie!A3 -> OO1 | K22: =OtvoroveKonstrukcie!B3 -> plastové, izolačné 2-sklo | O22: =OtvoroveKonstrukcie!O3 -> 225 | P22: =OtvoroveKonstrukcie!N3 -> 1.5 | Q22: =(O22*P22) -> 337.5 | R22: 1 | S22: =R22*Q22 -> 337.5 | T22: 1 | U22: =OtvoroveKonstrukcie!Q3 -> 5.4 | V22: =(T22*U22)*0.0001 -> 0.00054 | X22: apríl | Y22: 14 | Z22: 15.3 | AA22: =(X10-Z22)*Y22 -> 247.8
D23: =$G22 -> 2883.4 | E23: =$G22 -> 2883.4 | F23: =$G22 -> 2883.4 | J23: =OtvoroveKonstrukcie!A4 -> OO2 | K23: =OtvoroveKonstrukcie!B4 -> plastové, izolačné 2-sklo | O23: =OtvoroveKonstrukcie!O4 -> 2.7 | P23: =OtvoroveKonstrukcie!N4 -> 1.5 | Q23: =(O23*P23) -> 4.05 | R23: 1 | S23: =R23*Q23 -> 4.05 | T23: 1 | U23: =OtvoroveKonstrukcie!Q4 -> 4.32 | V23: =(T23*U23)*0.0001 -> 0.000432 | X23: máj | Y23: 2 | Z23: 18.8 | AA23: =(20-Z23)*Y23 -> 2.4
D24: =MATCH(D19,Dennostupne!B1:AR1) -> 34 | E24: =MATCH(E19,Dennostupne!B1:AR1) -> 36 | F24: =MATCH(F19,Dennostupne!B1:AR1) -> 38 | J24: =OtvoroveKonstrukcie!A5 -> OO3 | K24: =OtvoroveKonstrukcie!B5 -> plastové, izolačné 2-sklo | O24: =OtvoroveKonstrukcie!O5 -> 50.4 | P24: =OtvoroveKonstrukcie!N5 -> 1.5 | Q24: =(O24*P24) -> 75.6 | R24: 1 | S24: =R24*Q24 -> 75.6 | T24: 1 | U24: =OtvoroveKonstrukcie!Q5 -> 6.48 | V24: =(T24*U24)*0.0001 -> 0.000648 | Y24: =SUM(Y15:Y23) -> 203 | Z24: =AVERAGE(Z15:Z23) -> 8.4888889 | AA24: =SUM(AA15:AA23) -> 3127.1
J25: =OtvoroveKonstrukcie!A6 -> OO4 | K25: =OtvoroveKonstrukcie!B6 -> plastové, izolačné 2-sklo | O25: =OtvoroveKonstrukcie!O6 -> 18 | P25: =OtvoroveKonstrukcie!N6 -> 1.5 | Q25: =(O25*P25) -> 27 | R25: 1 | S25: =R25*Q25 -> 27 | T25: 1 | U25: =OtvoroveKonstrukcie!Q6 -> 8.1 | V25: =(T25*U25)*0.0001 -> 0.00081
J26: =OtvoroveKonstrukcie!A7 -> OO5 | K26: =OtvoroveKonstrukcie!B7 -> plastové, izolačné 2-sklo | O26: =OtvoroveKonstrukcie!O7 -> 3.24 | P26: =OtvoroveKonstrukcie!N7 -> 1.5 | Q26: =(O26*P26) -> 4.86 | R26: 1 | S26: =R26*Q26 -> 4.86 | T26: 1 | U26: =OtvoroveKonstrukcie!Q7 -> 3.78 | V26: =(T26*U26)*0.0001 -> 0.000378
J27: =OtvoroveKonstrukcie!A8 -> OO6 | K27: =OtvoroveKonstrukcie!B8 -> plastové, izolačné 2-sklo | O27: =OtvoroveKonstrukcie!O8 -> 1.89 | P27: =OtvoroveKonstrukcie!N8 -> 1.5 | Q27: =(O27*P27) -> 2.835 | R27: 1 | S27: =R27*Q27 -> 2.835 | T27: 1 | U27: =OtvoroveKonstrukcie!Q8 -> 4.95 | V27: =(T27*U27)*0.0001 -> 0.000495
J28: =OtvoroveKonstrukcie!A9 -> OO7 | K28: =OtvoroveKonstrukcie!B9 -> plastové, izolačné 2-sklo | O28: =OtvoroveKonstrukcie!O9 -> 8.1 | P28: =OtvoroveKonstrukcie!N9 -> 1.5 | Q28: =(O28*P28) -> 12.15 | R28: 1 | S28: =R28*Q28 -> 12.15 | T28: 1 | U28: =OtvoroveKonstrukcie!Q9 -> 5.13 | V28: =(T28*U28)*0.0001 -> 0.000513 | X28: 2017
J29: =OtvoroveKonstrukcie!A10 -> OO8 | K29: =OtvoroveKonstrukcie!B10 -> plastové, izolačné 2-sklo | O29: =OtvoroveKonstrukcie!O10 -> 0.9 | P29: =OtvoroveKonstrukcie!N10 -> 1.5 | Q29: =(O29*P29) -> 1.35 | R29: 1 | S29: =R29*Q29 -> 1.35 | T29: 1 | U29: =OtvoroveKonstrukcie!Q10 -> 3.78 | V29: =(T29*U29)*0.0001 -> 0.000378 | X29: Mesačná metóda
J30: =OtvoroveKonstrukcie!A11 -> OO9 | K30: =OtvoroveKonstrukcie!B11 -> plastové, izolačné 2-sklo | O30: =OtvoroveKonstrukcie!O11 -> 16.2 | P30: =OtvoroveKonstrukcie!N11 -> 1.5 | Q30: =(O30*P30) -> 24.3 | R30: 1 | S30: =R30*Q30 -> 24.3 | T30: 1 | U30: =OtvoroveKonstrukcie!Q11 -> 7.56 | V30: =(T30*U30)*0.0001 -> 0.000756 | X30: Ti | Y30: počet vyk dní | Z30: D2019 | AA30: mesiac | AB30: xi=D.0,024 | AC30: Ht | AD30: Hv | AE30: Qi | AF30: Qsol | AG30: Qspolu | AH30: μ | AI30: Qh
J31: =OtvoroveKonstrukcie!A12 -> OO10 | K31: =OtvoroveKonstrukcie!B12 -> plastové, izolačné 2-sklo | O31: =OtvoroveKonstrukcie!O12 -> 2.01 | P31: =OtvoroveKonstrukcie!N12 -> 1.5 | Q31: =(O31*P31) -> 3.015 | R31: 1 | S31: =R31*Q31 -> 3.015 | T31: 1 | U31: =OtvoroveKonstrukcie!Q12 -> 5.112 | V31: =(T31*U31)*0.0001 -> 0.0005112 | X31: 23.5 | Y31: 23 | Z31: =AA43 -> 348 | AA31: október | AB31: =Z31*0.024 -> 8.352 | AC31: =S84 -> 4707.1974 | AD31: =S96 -> 4639.7489 | AE31: =Y31*0.024*5*D12 -> 31184.136 | AF31: =#REF! -> #REF! | AG31: =AE31+AF31 -> #REF! | AH31: =#REF! -> #REF! | AI31: =(AB31*(AC31+AD31))-(AG31*AH31) -> #REF!
J32: =OtvoroveKonstrukcie!A13 -> OO11 | K32: =OtvoroveKonstrukcie!B13 -> plastové, izolačné 2-sklo | O32: =OtvoroveKonstrukcie!O13 -> 11.52 | P32: =OtvoroveKonstrukcie!N13 -> 1.5 | Q32: =(O32*P32) -> 17.28 | R32: 1 | S32: =R32*Q32 -> 17.28 | T32: 1 | U32: =OtvoroveKonstrukcie!Q13 -> 8.64 | V32: =(T32*U32)*0.0001 -> 0.000864 | X32: 21.5 | Y32: =Y44 -> 30 | Z32: =AA44 -> 468 | AA32: november | AB32: =Z32*0.024 -> 11.232 | AC32: =S84 -> 4707.1974 | AD32: =S96 -> 4639.7489 | AE32: =Y32*0.024*5*D12 -> 40674.96 | AF32: =#REF! -> #REF! | AG32: =AE32+AF32 -> #REF! | AH32: =#REF! -> #REF! | AI32: =(AB32*(AC32+AD32))-(AG32*AH32) -> #REF!
J33: =OtvoroveKonstrukcie!A14 -> OO12 | K33: =OtvoroveKonstrukcie!B14 -> plastové, izolačné 2-sklo | O33: =OtvoroveKonstrukcie!O14 -> 4.05 | P33: =OtvoroveKonstrukcie!N14 -> 1.5 | Q33: =(O33*P33) -> 6.075 | R33: 1 | S33: =R33*Q33 -> 6.075 | T33: 1 | U33: =OtvoroveKonstrukcie!Q14 -> 5.13 | V33: =(T33*U33)*0.0001 -> 0.000513 | X33: 20.9 | Y33: 31 | Z33: =AA45 -> 564.2 | AA33: december | AB33: =Z33*0.024 -> 13.5408 | AC33: =S84 -> 4707.1974 | AD33: =S96 -> 4639.7489 | AE33: =Y33*0.024*5*D12 -> 42030.792 | AF33: =#REF! -> #REF! | AG33: =AE33+AF33 -> #REF! | AH33: =#REF! -> #REF! | AI33: =(AB33*(AC33+AD33))-(AG33*AH33) -> #REF!
J34: =OtvoroveKonstrukcie!A15 -> OO13 | K34: =OtvoroveKonstrukcie!B15 -> plastové, izolačné 2-sklo | O34: =OtvoroveKonstrukcie!O15 -> 23.43 | P34: =OtvoroveKonstrukcie!N15 -> 1.5 | Q34: =(O34*P34) -> 35.145 | R34: 1 | S34: =R34*Q34 -> 35.145 | T34: 1 | U34: =OtvoroveKonstrukcie!Q15 -> 5.256 | V34: =(T34*U34)*0.0001 -> 0.0005256 | X34: 18.3 | Y34: 31 | Z34: =AA46 -> 722.3 | AA34: január | AB34: =Z34*0.024 -> 17.3352 | AC34: =S84 -> 4707.1974 | AD34: =S96 -> 4639.7489 | AE34: =Y34*0.024*5*D12 -> 42030.792 | AF34: =#REF! -> #REF! | AG34: =AE34+AF34 -> #REF! | AH34: 0.96 | AI34: =(AB34*(AC34+AD34))-(AG34*AH34) -> #REF!
J35: =OtvoroveKonstrukcie!A16 -> OO14 | K35: =OtvoroveKonstrukcie!B16 -> plastové, izolačné 2-sklo | O35: =OtvoroveKonstrukcie!O16 -> 42 | P35: =OtvoroveKonstrukcie!N16 -> 1.5 | Q35: =(O35*P35) -> 63 | R35: 1 | S35: =R35*Q35 -> 63 | T35: 1 | U35: =OtvoroveKonstrukcie!Q16 -> 12.78 | V35: =(T35*U35)*0.0001 -> 0.001278 | X35: 19.5 | Y35: 28 | Z35: =AA47 -> 470.4 | AA35: február | AB35: =Z35*0.024 -> 11.2896 | AC35: =S84 -> 4707.1974 | AD35: =S96 -> 4639.7489 | AE35: =Y35*0.024*5*D12 -> 37963.296 | AF35: =#REF! -> #REF! | AG35: =AE35+AF35 -> #REF! | AH35: =#REF! -> #REF! | AI35: =(AB35*(AC35+AD35))-(AG35*AH35) -> #REF!
J36: =OtvoroveKonstrukcie!A17 -> OO15 | K36: =OtvoroveKonstrukcie!B17 -> plastové, izolačné 2-sklo | O36: =OtvoroveKonstrukcie!O17 -> 53.55 | P36: =OtvoroveKonstrukcie!N17 -> 1.5 | Q36: =(O36*P36) -> 80.325 | R36: 1 | S36: =R36*Q36 -> 80.325 | T36: 1 | U36: =OtvoroveKonstrukcie!Q17 -> 6.48 | V36: =(T36*U36)*0.0001 -> 0.000648 | X36: 23.3 | Y36: =Y48 -> 31 | Z36: =AA48 -> 437.1 | AA36: marec | AB36: =Z36*0.024 -> 10.4904 | AC36: =S84 -> 4707.1974 | AD36: =S96 -> 4639.7489 | AE36: =Y36*0.024*5*D12 -> 42030.792 | AF36: =#REF! -> #REF! | AG36: =AE36+AF36 -> #REF! | AH36: 0.77 | AI36: =(AB36*(AC36+AD36))-(AG36*AH36) -> #REF!
J37: =OtvoroveKonstrukcie!A18 -> OO16 | K37: =OtvoroveKonstrukcie!B18 -> plastové, izolačné 2-sklo | O37: =OtvoroveKonstrukcie!O18 -> 225 | P37: =OtvoroveKonstrukcie!N18 -> 1.5 | Q37: =(O37*P37) -> 337.5 | R37: 1 | S37: =R37*Q37 -> 337.5 | T37: 1 | U37: =OtvoroveKonstrukcie!Q18 -> 5.4 | V37: =(T37*U37)*0.0001 -> 0.00054 | X37: 19.8 | Y37: =Y49 -> 14 | Z37: =AA49 -> 133 | AA37: apríl | AB37: =Z37*0.024 -> 3.192 | AC37: =S84 -> 4707.1974 | AD37: =S96 -> 4639.7489 | AE37: =Y37*0.024*5*D12 -> 18981.648 | AF37: =#REF! -> #REF! | AG37: =AE37+AF37 -> #REF! | AH37: =#REF! -> #REF! | AI37: =((AB37*(AC37+AD37))-(AG37*AH37))*0 -> #REF! | AK37: Spotreba podla faktury | AN37: Spotreba tepla na TV
J38: =OtvoroveKonstrukcie!A19 -> OO17 | K38: =OtvoroveKonstrukcie!B19 -> plastové, izolačné 2-sklo | O38: =OtvoroveKonstrukcie!O19 -> 36 | P38: =OtvoroveKonstrukcie!N19 -> 1.5 | Q38: =(O38*P38) -> 54 | R38: 1 | S38: =R38*Q38 -> 54 | T38: 1 | U38: =OtvoroveKonstrukcie!Q19 -> 8.1 | V38: =(T38*U38)*0.0001 -> 0.00081 | X38: =AVERAGE(X31:X36) -> 21.166667 | Y38: =SUM(Y31:Y37) -> 188 | Z38: =SUM(Z31:Z37) -> 3143 | AA38: Celkom | AH38: =AVERAGE(AH31:AH37) -> #REF! | AI38: =SUM(AI31:AI37) -> #REF! | AK38: =#REF!*1000 -> #REF! | AL38: kWh/a | AN38: =#REF!*12*1000 -> #REF! | AO38: kWh
J39: =OtvoroveKonstrukcie!A20 -> OO18 | K39: =OtvoroveKonstrukcie!B20 -> plastové, izolačné 2-sklo | O39: =OtvoroveKonstrukcie!O20 -> 4.26 | P39: =OtvoroveKonstrukcie!N20 -> 1.5 | Q39: =(O39*P39) -> 6.39 | R39: 1 | S39: =R39*Q39 -> 6.39 | T39: 1 | U39: =OtvoroveKonstrukcie!Q20 -> 5.256 | V39: =(T39*U39)*0.0001 -> 0.0005256 | AI39: =AI38/D12 -> #REF! | AJ39: W/m2.a | AK39: 0.8
J40: =OtvoroveKonstrukcie!A21 -> OO19 | K40: =OtvoroveKonstrukcie!B21 -> plastové, izolačné 2-sklo | O40: =OtvoroveKonstrukcie!O21 -> 2.16 | P40: =OtvoroveKonstrukcie!N21 -> 1.5 | Q40: =(O40*P40) -> 3.24 | R40: 1 | S40: =R40*Q40 -> 3.24 | T40: 1 | U40: =OtvoroveKonstrukcie!Q21 -> 3.78 | V40: =(T40*U40)*0.0001 -> 0.000378 | X40: Dennostupne 2018/2019 | AK40: =AK39*AK38 -> #REF! | AL40: kWh/a
J41: =OtvoroveKonstrukcie!A22 -> OO20 | K41: =OtvoroveKonstrukcie!B22 -> plastové, izolačné 2-sklo | O41: =OtvoroveKonstrukcie!O22 -> 18 | P41: =OtvoroveKonstrukcie!N22 -> 1.5 | Q41: =(O41*P41) -> 27 | R41: 1 | S41: =R41*Q41 -> 27 | T41: 1 | U41: =OtvoroveKonstrukcie!Q22 -> 8.1 | V41: =(T41*U41)*0.0001 -> 0.00081 | X41: mesiac | Y41: vyk dni | Z41: tem | AA41: D | AK41: =AI38+AN38 -> #REF! | AL41: kwh/a | AN41: Potreba energie na VYK | AQ41: Potreba energie na TV
J42: =OtvoroveKonstrukcie!A23 -> OO21 | K42: =OtvoroveKonstrukcie!B23 -> plastové, izolačné 2-sklo | O42: =OtvoroveKonstrukcie!O23 -> 1.89 | P42: =OtvoroveKonstrukcie!N23 -> 1.5 | Q42: =(O42*P42) -> 2.835 | R42: 1 | S42: =R42*Q42 -> 2.835 | T42: 1 | U42: =OtvoroveKonstrukcie!Q23 -> 4.95 | V42: =(T42*U42)*0.0001 -> 0.000495 | X42: september | Y42: 6 | Z42: 15.6 | AA42: =(20-Z42)*Y42 -> 26.4 | AN42: ='PotrebEnergieVYK 2017'!C3 -> #REF! | AO42: kWh | AQ42: =PotrebaEnergieTV!C3 -> #REF! | AR42: kWh
J43: =OtvoroveKonstrukcie!A24 -> OO22 | K43: =OtvoroveKonstrukcie!B24 -> plastové, izolačné 2-sklo | O43: =OtvoroveKonstrukcie!O24 -> 20.25 | P43: =OtvoroveKonstrukcie!N24 -> 1.5 | Q43: =(O43*P43) -> 30.375 | R43: 1 | S43: =R43*Q43 -> 30.375 | T43: 1 | U43: =OtvoroveKonstrukcie!Q24 -> 7.56 | V43: =(T43*U43)*0.0001 -> 0.000756 | X43: október | Y43: 30 | Z43: 11.9 | AA43: =(X31-Z43)*Y43 -> 348 | AK43: Potreba energie spolu
J44: =OtvoroveKonstrukcie!A25 -> OO23 | K44: =OtvoroveKonstrukcie!B25 -> plastové, izolačné 2-sklo | O44: =OtvoroveKonstrukcie!O25 -> 3.96 | P44: =OtvoroveKonstrukcie!N25 -> 1.5 | Q44: =(O44*P44) -> 5.94 | R44: 1 | S44: =R44*Q44 -> 5.94 | T44: 1 | U44: =OtvoroveKonstrukcie!Q25 -> 7.2 | V44: =(T44*U44)*0.0001 -> 0.00072 | X44: november | Y44: 30 | Z44: 5.9 | AA44: =(X32-Z44)*Y44 -> 468 | AK44: =AN42+AQ42 -> #REF! | AL44: kWh
J45: =OtvoroveKonstrukcie!A26 -> OO24 | K45: =OtvoroveKonstrukcie!B26 -> plastové, izolačné 2-sklo | O45: =OtvoroveKonstrukcie!O26 -> 24.3 | P45: =OtvoroveKonstrukcie!N26 -> 1.5 | Q45: =(O45*P45) -> 36.45 | R45: 1 | S45: =R45*Q45 -> 36.45 | T45: 1 | U45: =OtvoroveKonstrukcie!Q26 -> 10.26 | V45: =(T45*U45)*0.0001 -> 0.001026 | X45: december | Y45: 31 | Z45: 2.7 | AA45: =(X33-Z45)*Y45 -> 564.2
J46: =OtvoroveKonstrukcie!A27 -> OO25 | K46: =OtvoroveKonstrukcie!B27 -> plastové, izolačné 2-sklo | O46: =OtvoroveKonstrukcie!O27 -> 16.2 | P46: =OtvoroveKonstrukcie!N27 -> 1.5 | Q46: =(O46*P46) -> 24.3 | R46: 1 | S46: =R46*Q46 -> 24.3 | T46: 1 | U46: =OtvoroveKonstrukcie!Q27 -> 7.56 | V46: =(T46*U46)*0.0001 -> 0.000756 | X46: január | Y46: 31 | Z46: -5 | AA46: =(X34-Z46)*Y46 -> 722.3
J47: =OtvoroveKonstrukcie!A28 -> OO26 | K47: =OtvoroveKonstrukcie!B28 -> plastové, izolačné 2-sklo | O47: =OtvoroveKonstrukcie!O28 -> 23.43 | P47: =OtvoroveKonstrukcie!N28 -> 1.5 | Q47: =(O47*P47) -> 35.145 | R47: 1 | S47: =R47*Q47 -> 35.145 | T47: 1 | U47: =OtvoroveKonstrukcie!Q28 -> 5.256 | V47: =(T47*U47)*0.0001 -> 0.0005256 | X47: február | Y47: 28 | Z47: 2.7 | AA47: =(X35-Z47)*Y47 -> 470.4
J48: =OtvoroveKonstrukcie!A29 -> OO27 | K48: =OtvoroveKonstrukcie!B29 -> hliník, izolačné 2-sklo | O48: =OtvoroveKonstrukcie!O29 -> 12.3225 | P48: =OtvoroveKonstrukcie!N29 -> 1.5 | Q48: =(O48*P48) -> 18.48375 | R48: 1 | S48: =R48*Q48 -> 18.48375 | T48: 1 | U48: =OtvoroveKonstrukcie!Q29 -> 8.955 | V48: =(T48*U48)*0.0001 -> 0.0008955 | X48: marec | Y48: 31 | Z48: 9.2 | AA48: =(X36-Z48)*Y48 -> 437.1
J49: =OtvoroveKonstrukcie!A30 -> OO28 | K49: =OtvoroveKonstrukcie!B30 -> hliník, izolačné 2-sklo | O49: =OtvoroveKonstrukcie!O30 -> 3.69 | P49: =OtvoroveKonstrukcie!N30 -> 1.5 | Q49: =(O49*P49) -> 5.535 | R49: 1 | S49: =R49*Q49 -> 5.535 | T49: 1 | U49: =OtvoroveKonstrukcie!Q30 -> 6.93 | V49: =(T49*U49)*0.0001 -> 0.000693 | X49: apríl | Y49: 14 | Z49: 10.3 | AA49: =(X37-Z49)*Y49 -> 133
J50: =OtvoroveKonstrukcie!A31 -> OO29 | K50: =OtvoroveKonstrukcie!B31 -> plastové, izolačné 2-sklo | O50: =OtvoroveKonstrukcie!O31 -> 82.8 | P50: =OtvoroveKonstrukcie!N31 -> 1.5 | Q50: =(O50*P50) -> 124.2 | R50: 1 | S50: =R50*Q50 -> 124.2 | T50: 1 | U50: =OtvoroveKonstrukcie!Q31 -> 10.53 | V50: =(T50*U50)*0.0001 -> 0.001053 | X50: máj | Y50: 2 | Z50: 16.7 | AA50: =(20-Z50)*Y50 -> 6.6
J51: =OtvoroveKonstrukcie!A32 -> OO30 | K51: =OtvoroveKonstrukcie!B32 -> plastové, izolačné 2-sklo | O51: =OtvoroveKonstrukcie!O32 -> 7.935 | P51: =OtvoroveKonstrukcie!N32 -> 1.5 | Q51: =(O51*P51) -> 11.9025 | R51: 1 | S51: =R51*Q51 -> 11.9025 | T51: 1 | U51: =OtvoroveKonstrukcie!Q32 -> 10.35 | V51: =(T51*U51)*0.0001 -> 0.001035 | Y51: =SUM(Y42:Y50) -> 203 | Z51: =AVERAGE(Z42:Z50) -> 7.7777778 | AA51: =SUM(AA42:AA50) -> 3176
J52: =OtvoroveKonstrukcie!A33 -> OO31 | K52: =OtvoroveKonstrukcie!B33 -> plastové, izolačné 2-sklo | O52: =OtvoroveKonstrukcie!O33 -> 82.8 | P52: =OtvoroveKonstrukcie!N33 -> 1.5 | Q52: =(O52*P52) -> 124.2 | R52: 1 | S52: =R52*Q52 -> 124.2 | T52: 1 | U52: =OtvoroveKonstrukcie!Q33 -> 10.53 | V52: =(T52*U52)*0.0001 -> 0.001053
J53: =OtvoroveKonstrukcie!A34 -> OO32 | K53: =OtvoroveKonstrukcie!B34 -> plastové, izolačné 2-sklo | O53: =OtvoroveKonstrukcie!O34 -> 7.935 | P53: =OtvoroveKonstrukcie!N34 -> 1.5 | Q53: =(O53*P53) -> 11.9025 | R53: 1 | S53: =R53*Q53 -> 11.9025 | T53: 1 | U53: =OtvoroveKonstrukcie!Q34 -> 10.35 | V53: =(T53*U53)*0.0001 -> 0.001035
J54: =OtvoroveKonstrukcie!A35 -> OO33 | K54: =OtvoroveKonstrukcie!B35 -> hliník, izolačné 2-sklo | O54: =OtvoroveKonstrukcie!O35 -> 9.1425 | P54: =OtvoroveKonstrukcie!N35 -> 1.5 | Q54: =(O54*P54) -> 13.71375 | R54: 1 | S54: =R54*Q54 -> 13.71375 | T54: 1 | U54: =OtvoroveKonstrukcie!Q35 -> 10.98 | V54: =(T54*U54)*0.0001 -> 0.001098
J55: =OtvoroveKonstrukcie!A36 -> OO34 | K55: =OtvoroveKonstrukcie!B36 -> hliník, izolačné 2-sklo | O55: =OtvoroveKonstrukcie!O36 -> 17.28 | P55: =OtvoroveKonstrukcie!N36 -> 1.5 | Q55: =(O55*P55) -> 25.92 | R55: 1 | S55: =R55*Q55 -> 25.92 | T55: 1 | U55: =OtvoroveKonstrukcie!Q36 -> 15.12 | V55: =(T55*U55)*0.0001 -> 0.001512 | X55: 2016
J56: =OtvoroveKonstrukcie!A37 -> OO35 | K56: =OtvoroveKonstrukcie!B37 -> hliník, izolačné 2-sklo | O56: =OtvoroveKonstrukcie!O37 -> 8.64 | P56: 1.4 | Q56: =(O56*P56) -> 12.096 | R56: 1 | S56: =R56*Q56 -> 12.096 | T56: 1 | U56: =OtvoroveKonstrukcie!Q37 -> 10.8 | V56: =(T56*U56)*0.0001 -> 0.00108 | X56: Mesačná metóda
J57: =OtvoroveKonstrukcie!A38 -> OO36 | K57: =OtvoroveKonstrukcie!B38 -> plastové, izolačné 2-sklo | O57: =OtvoroveKonstrukcie!O38 -> 55.8114 | P57: 1.4 | Q57: =(O57*P57) -> 78.13596 | R57: 1 | S57: =R57*Q57 -> 78.13596 | T57: 1 | U57: =OtvoroveKonstrukcie!Q38 -> 13.032 | V57: =(T57*U57)*0.0001 -> 0.0013032 | X57: Ti | Y57: počet vyk dní | Z57: D2019 | AA57: mesiac | AB57: xi=D.0,024 | AC57: Ht | AD57: Hv | AE57: Qi | AF57: Qsol | AG57: Qspolu | AH57: μ | AI57: Qh
X58: 21.4 | Y58: =Y70 -> 30 | Z58: =AA70 -> 348 | AA58: október | AB58: =Z58*0.024 -> 8.352 | AC58: =S84 -> 4707.1974 | AD58: =S96 -> 4639.7489 | AE58: =Y58*0.024*5*D12 -> 40674.96 | AF58: =#REF! -> #REF! | AG58: =AE58+AF58 -> #REF! | AH58: =#REF! -> #REF! | AI58: =(AB58*(AC58+AD58))-(AG58*AH58) -> #REF!
X59: 19.1 | Y59: =Y71 -> 30 | Z59: =AA71 -> 435 | AA59: november | AB59: =Z59*0.024 -> 10.44 | AC59: =S84 -> 4707.1974 | AD59: =S96 -> 4639.7489 | AE59: =Y59*0.024*5*D12 -> 40674.96 | AF59: =#REF! -> #REF! | AG59: =AE59+AF59 -> #REF! | AH59: =#REF! -> #REF! | AI59: =(AB59*(AC59+AD59))-(AG59*AH59) -> #REF!
J60: =OtvoroveKonstrukcie!A44 -> DO1 | K60: =OtvoroveKonstrukcie!B44 -> plastové, izolačné 2-sklo | O60: =OtvoroveKonstrukcie!O44 -> 240 | P60: =OtvoroveKonstrukcie!N44 -> 1.5 | Q60: =(O60*P60) -> 360 | R60: 1 | S60: =R60*Q60 -> 360 | T60: 1 | U60: =OtvoroveKonstrukcie!Q44 -> 6.12 | V60: =(T60*U60)*0.0001 -> 0.000612 | X60: 18.5 | Y60: 31 | Z60: =AA72 -> 554.9 | AA60: december | AB60: =Z60*0.024 -> 13.3176 | AC60: =S84 -> 4707.1974 | AD60: =S96 -> 4639.7489 | AE60: =Y60*0.024*5*D12 -> 42030.792 | AF60: =#REF! -> #REF! | AG60: =AE60+AF60 -> #REF! | AH60: 0.95 | AI60: =(AB60*(AC60+AD60))-(AG60*AH60) -> #REF!
J61: =OtvoroveKonstrukcie!A45 -> DO2 | K61: =OtvoroveKonstrukcie!B45 -> plastové, izolačné 2-sklo | O61: =OtvoroveKonstrukcie!O45 -> 5.04 | P61: =OtvoroveKonstrukcie!N45 -> 1.5 | Q61: =(O61*P61) -> 7.56 | R61: 1 | S61: =R61*Q61 -> 7.56 | T61: 1 | U61: =OtvoroveKonstrukcie!Q45 -> 8.1 | V61: =(T61*U61)*0.0001 -> 0.00081 | X61: 18.5 | Y61: 31 | Z61: =AA73 -> 595.2 | AA61: január | AB61: =Z61*0.024 -> 14.2848 | AC61: =S84 -> 4707.1974 | AD61: =S96 -> 4639.7489 | AE61: =Y61*0.024*5*D12 -> 42030.792 | AF61: =#REF! -> #REF! | AG61: =AE61+AF61 -> #REF! | AH61: 0.95 | AI61: =(AB61*(AC61+AD61))-(AG61*AH61) -> #REF!
J62: =OtvoroveKonstrukcie!A46 -> DO3 | K62: =OtvoroveKonstrukcie!B46 -> plastové, izolačné 2-sklo | O62: =OtvoroveKonstrukcie!O46 -> 214.2 | P62: =OtvoroveKonstrukcie!N46 -> 1.5 | Q62: =(O62*P62) -> 321.3 | R62: 1 | S62: =R62*Q62 -> 321.3 | T62: 1 | U62: =OtvoroveKonstrukcie!Q46 -> 5.562 | V62: =(T62*U62)*0.0001 -> 0.0005562 | X62: 23.4 | Y62: 28 | Z62: =AA74 -> 487.2 | AA62: február | AB62: =Z62*0.024 -> 11.6928 | AC62: =S84 -> 4707.1974 | AD62: =S96 -> 4639.7489 | AE62: =Y62*0.024*5*D12 -> 37963.296 | AF62: =#REF! -> #REF! | AG62: =AE62+AF62 -> #REF! | AH62: =#REF! -> #REF! | AI62: =(AB62*(AC62+AD62))-(AG62*AH62) -> #REF!
J63: =OtvoroveKonstrukcie!A47 -> DO4 | K63: =OtvoroveKonstrukcie!B47 -> plastové, izolačné 2-sklo | O63: =OtvoroveKonstrukcie!O47 -> 1.64 | P63: =OtvoroveKonstrukcie!N47 -> 1.5 | Q63: =(O63*P63) -> 2.46 | R63: 1 | S63: =R63*Q63 -> 2.46 | T63: 1 | U63: =OtvoroveKonstrukcie!Q47 -> 5.13 | V63: =(T63*U63)*0.0001 -> 0.000513 | X63: 22.3 | Y63: =Y75 -> 31 | Z63: =AA75 -> 486.7 | AA63: marec | AB63: =Z63*0.024 -> 11.6808 | AC63: =S84 -> 4707.1974 | AD63: =S96 -> 4639.7489 | AE63: =Y63*0.024*5*D12 -> 42030.792 | AF63: =#REF! -> #REF! | AG63: =AE63+AF63 -> #REF! | AH63: =#REF! -> #REF! | AI63: =(AB63*(AC63+AD63))-(AG63*AH63) -> #REF!
J64: =OtvoroveKonstrukcie!A48 -> DO5 | K64: =OtvoroveKonstrukcie!B48 -> plastové, izolačné 2-sklo | O64: =OtvoroveKonstrukcie!O48 -> 1.576 | P64: =OtvoroveKonstrukcie!N48 -> 1.5 | Q64: =(O64*P64) -> 2.364 | R64: 1 | S64: =R64*Q64 -> 2.364 | T64: 1 | U64: =OtvoroveKonstrukcie!Q48 -> 4.986 | V64: =(T64*U64)*0.0001 -> 0.0004986 | X64: 33 | Y64: =Y76 -> 14 | Z64: =AA76 -> 305.2 | AA64: apríl | AB64: =Z64*0.024 -> 7.3248 | AC64: =S84 -> 4707.1974 | AD64: =S96 -> 4639.7489 | AE64: =Y64*0.024*5*D12 -> 18981.648 | AF64: =#REF! -> #REF! | AG64: =AE64+AF64 -> #REF! | AH64: =#REF! -> #REF! | AI64: =((AB64*(AC64+AD64))-(AG64*AH64))*0 -> #REF! | AK64: Spotreba podla faktury | AN64: Spotreba tepla na TV
J65: =OtvoroveKonstrukcie!A49 -> DO6 | K65: =OtvoroveKonstrukcie!B49 -> plastové, izolačné 2-sklo | O65: =OtvoroveKonstrukcie!O49 -> 1.576 | P65: =OtvoroveKonstrukcie!N49 -> 1.5 | Q65: =(O65*P65) -> 2.364 | R65: 1 | S65: =R65*Q65 -> 2.364 | T65: 1 | U65: =OtvoroveKonstrukcie!Q49 -> 4.986 | V65: =(T65*U65)*0.0001 -> 0.0004986 | X65: =AVERAGE(X58:X63) -> 20.533333 | Y65: =SUM(Y58:Y64) -> 195 | Z65: =SUM(Z58:Z64) -> 3212.2 | AA65: Celkom | AH65: =AVERAGE(AH58:AH64) -> #REF! | AI65: =SUM(AI58:AI64) -> #REF! | AK65: =#REF!*1000 -> #REF! | AL65: kWh/a | AN65: =#REF!*1000*12 -> #REF! | AO65: kWh
J66: =OtvoroveKonstrukcie!A50 -> DO7 | K66: =OtvoroveKonstrukcie!B50 -> hliník | O66: =OtvoroveKonstrukcie!O50 -> 2.205 | P66: =OtvoroveKonstrukcie!N50 -> 1.5 | Q66: =(O66*P66) -> 3.3075 | R66: 1 | S66: =R66*Q66 -> 3.3075 | T66: 1 | U66: =OtvoroveKonstrukcie!Q50 -> 5.67 | V66: =(T66*U66)*0.0001 -> 0.000567 | AI66: =AI65/D12 -> #REF! | AJ66: W/m2.a | AK66: 0.804
J67: =OtvoroveKonstrukcie!A51 -> DO8 | K67: =OtvoroveKonstrukcie!B51 -> hliník | O67: =OtvoroveKonstrukcie!O51 -> 3.045 | P67: =OtvoroveKonstrukcie!N51 -> 1.5 | Q67: =(O67*P67) -> 4.5675 | R67: 1 | S67: =R67*Q67 -> 4.5675 | T67: 1 | U67: =OtvoroveKonstrukcie!Q51 -> 6.39 | V67: =(T67*U67)*0.0001 -> 0.000639 | X67: Dennostupne 2016 | AK67: =AK66*AK65 -> #REF! | AL67: kWh/a
J68: =OtvoroveKonstrukcie!A52 -> DO9 | K68: =OtvoroveKonstrukcie!B52 -> hliník | O68: =OtvoroveKonstrukcie!O52 -> 2.205 | P68: =OtvoroveKonstrukcie!N52 -> 1.5 | Q68: =(O68*P68) -> 3.3075 | R68: 1 | S68: =R68*Q68 -> 3.3075 | T68: 1 | U68: =OtvoroveKonstrukcie!Q52 -> 5.67 | V68: =(T68*U68)*0.0001 -> 0.000567 | X68: mesiac | Y68: vyk dni | Z68: tem | AA68: D | AK68: =AI65+AN65 -> #REF! | AL68: kwh/a | AN68: Potreba energie na VYK | AQ68: Potreba energie na TV
J69: =OtvoroveKonstrukcie!A53 -> DO10 | K69: =OtvoroveKonstrukcie!B53 -> kovové, izolačné 2-sklo | O69: =OtvoroveKonstrukcie!O53 -> 5.04 | P69: =OtvoroveKonstrukcie!N53 -> 5.6 | Q69: =(O69*P69) -> 28.224 | R69: 1 | S69: =R69*Q69 -> 28.224 | T69: 1 | U69: =OtvoroveKonstrukcie!Q53 -> 8.1 | V69: =(T69*U69)*0.0001 -> 0.00081 | X69: september | Y69: 0 | Z69: 0 | AA69: =(20-Z69)*Y69 -> 0 | AN69: ='PotrebEnergieVYK 2016'!C3 -> #REF! | AO69: kWh | AQ69: =PotrebaEnergieTV!C3 -> #REF! | AR69: kWh
J70: =OtvoroveKonstrukcie!A54 -> DO11 | K70: =OtvoroveKonstrukcie!B54 -> kovové, izolačné 2-sklo | O70: =OtvoroveKonstrukcie!O54 -> 2.565 | P70: =OtvoroveKonstrukcie!N54 -> 5.6 | Q70: =(O70*P70) -> 14.364 | R70: 1 | S70: =R70*Q70 -> 14.364 | T70: 1 | U70: =OtvoroveKonstrukcie!Q54 -> 6.75 | V70: =(T70*U70)*0.0001 -> 0.000675 | X70: október | Y70: 30 | Z70: 9.8 | AA70: =(X58-Z70)*Y70 -> 348 | AK70: Potreba energie spolu
J71: =OtvoroveKonstrukcie!A55 -> DO12 | K71: =OtvoroveKonstrukcie!B55 -> plastové, izolačné 2-sklo | O71: =OtvoroveKonstrukcie!O55 -> 7.695 | P71: =OtvoroveKonstrukcie!N55 -> 1.4 | Q71: =(O71*P71) -> 10.773 | R71: 1 | S71: =R71*Q71 -> 10.773 | T71: 1 | U71: =OtvoroveKonstrukcie!Q55 -> 9.99 | V71: =(T71*U71)*0.0001 -> 0.000999 | X71: november | Y71: 30 | Z71: 4.6 | AA71: =(X59-Z71)*Y71 -> 435 | AK71: =AN69+AQ69 -> #REF! | AL71: kWh
J72: =OtvoroveKonstrukcie!A56 -> DO13 | K72: =OtvoroveKonstrukcie!B56 -> Sekciová brána | O72: =OtvoroveKonstrukcie!O56 -> 11.52 | P72: =OtvoroveKonstrukcie!N56 -> 1.4 | Q72: =(O72*P72) -> 16.128 | R72: 1 | S72: =R72*Q72 -> 16.128 | T72: 1 | U72: =OtvoroveKonstrukcie!Q56 -> 8.64 | V72: =(T72*U72)*0.0001 -> 0.000864 | X72: december | Y72: 31 | Z72: 0.6 | AA72: =(X60-Z72)*Y72 -> 554.9
J73: =OtvoroveKonstrukcie!A57 -> 0 | K73: =OtvoroveKonstrukcie!B57 -> 0 | O73: =OtvoroveKonstrukcie!O57 -> 0 | P73: =OtvoroveKonstrukcie!N57 -> 0 | Q73: =(O73*P73) -> 0 | R73: 1 | S73: =R73*Q73 -> 0 | T73: 1 | U73: =OtvoroveKonstrukcie!Q57 -> 0 | V73: =(T73*U73)*0.0001 -> 0 | X73: január | Y73: 31 | Z73: -0.7 | AA73: =(X61-Z73)*Y73 -> 595.2
X74: február | Y74: 28 | Z74: 6 | AA74: =(X62-Z74)*Y74 -> 487.2
X75: marec | Y75: 31 | Z75: 6.6 | AA75: =(X63-Z75)*Y75 -> 486.7
J76: Súčty | N76: ∑ Ai = | O76: =SUM(O5:O75) -> 9721.2034 | Q76: ∑bx . Ui . Ai= | S76: =SUM(S5:S75) -> 4221.1372 | U76: =SUM(U68:U75) -> 39.15 | V76: =SUM(V68:V75) -> 0.003915 | X76: apríl | Y76: 14 | Z76: 11.2 | AA76: =(X64-Z76)*Y76 -> 305.2
X77: máj | Y77: 8 | Z77: 15.9 | AA77: =(20-Z77)*Y77 -> 32.8
J78: Vplyv tepelných mostov: | Y78: =SUM(Y69:Y77) -> 203 | Z78: =AVERAGE(Z69:Z77) -> 6 | AA78: =SUM(AA69:AA77) -> 3245
N79: exaktne: | O79: podľa STN EN ISO 10211, resp. STN ISO 14683
M80: X | N80: paušálne: | O80: 0.05 | P80: Konštrukcie zateplené zvonku | R80: ΔU = | S80: 0.05
O81: 0.1 | P81: Ostatné prípady
O82: 0.2 | P82: Konštrukcie zateplené zvnútra
J83: Vplyv tepelných mostov [W/K]: | N83: ΔU.∑Ai = | S83: =S80*O76 -> 486.06017
J84: Merná tepelná strata HT [W/K]: | N84: HT = ∑bx.Ui.Ai + ΔU.∑Ai = | S84: =S76+S83 -> 4707.1974
J86: Priemerný súčiniteľ prechodu tepla [W/(m2K)]: | R86: Ue,m = HT/∑Ai = | S86: =S84/O76 -> 0.48421962
J87: Odporúčané hodnoty Ue,m | M87: ∑Ai/Vb | N87: Ue,m,max | O87: Ue,m,N | P87: Ue,m,r1 | Q87: Ue,m,r2 | R87: Vyhovuje?
J88: Priemerný súčiniteľ prechodu tepla [W/(m2K)]:
R89: Ue,m = HT/∑Ai = | S89: =S84/O76 -> 0.48421962
J91: Merná tepelná strata vetraním
J92: Pomer vnútorného a obostavaného objemu budovy V/Vb (m3/m3) | S92: 0.85
J93: Hustota vzduchu (kg/m3) | S93: 1.2
J94: Merná tepelná kapacita vzduchu (J/kg.K) | S94: 1010
J95: Intenzita výmeny vzduchu | S95: =IF((25200*(V76/D11))<0.5,0.5,(25200*(V76/D11))) -> 0.5
J96: HV = | S96: =(S92*S93*S94*D11*S95)/3600 -> 4639.7489
J98: Tepelná strata celková-normalizovaná hodnota
J99: mesiac | K99: jan | L99: feb | M99: mar | N99: apr | O99: okt | P99: nov | Q99: dec | S99: Spolu
J100: xi | K100: =VstupneUdaje!BJ14 -> 16.2192 | L100: =VstupneUdaje!BJ15 -> 13.1712 | M100: =VstupneUdaje!BJ16 -> 11.4576 | N100: =VstupneUdaje!BJ17 -> 7.272 | O100: =VstupneUdaje!BJ18 -> 7.5888 | P100: =VstupneUdaje!BJ19 -> 11.304 | Q100: =VstupneUdaje!BJ20 -> 15.1032
J101: H | K101: =S96+S84 -> 9346.9463 | L101: 4558.5716 | M101: 4558.5716 | N101: 4558.5716 | O101: 4558.5716 | P101: 4558.5716 | Q101: 4558.5716
J102: Ql= | K102: =K100*K101 -> 151599.99 | L102: =L100*L101 -> 60041.858 | M102: =M100*M101 -> 52230.29 | N102: =N100*N101 -> 33149.933 | O102: =O100*O101 -> 34594.088 | P102: =P100*P101 -> 51530.094 | Q102: =Q100*Q101 -> 68849.019 | S102: =SUM(K102:Q102) -> 451995.27
J104: Tepelná strata celková
...

Sheet PotrebaTeplaVyk 3 roky_STRECHA
J1: Výpočet | X1: 2018
B2: Adresa hodnoteného objektu | F2: Zadávaš | J2: Merná tepelná strata prechodom tepla | X2: Mesačná metóda
B3: Okres: | C3: Bratislava II | F3: Vypočíta sa | J3: Konštrukcia | O3: Plocha Ai | P3: Ui | Q3: Ui . Ai | R3: Faktor bx | S3: bx . Ui . Ai | X3: Ti | Y3: počet vyk dní | Z3: D2019 | AA3: mesiac | AB3: xi=D.0,024 | AC3: Ht | AD3: Hv | AE3: Qi | AF3: Qsol | AG3: Qspolu | AH3: μ | AI3: Qh
B4: Adresa: | O4: [m2] | P4: [W/(m2K)] | Q4: [W/K] | R4: [-] | S4: [W/K] | X4: 23.2 | Y4: =Y16 -> 30 | Z4: =AA16 -> 339 | AA4: október | AB4: =Z4*0.024 -> 8.136 | AC4: =S84 -> 5404.8168 | AD4: =S96 -> 4639.7489 | AE4: =Y4*0.024*5*D12 -> 40674.96 | AF4: =#REF! -> #REF! | AG4: =AE4+AF4 -> #REF! | AH4: =#REF! -> #REF! | AI4: =(AB4*(AC4+AD4))-(AG4*AH4) -> #REF!
B5: Kategória budovy | C5: Budovy škôl a školských zariadení | J5: =KonstrukcieSUM!B2 -> SO1 | K5: =KonstrukcieSUM!C2 -> Obvodová stena ŠD | O5: =KonstrukcieSUM!G2 -> 465.1 | P5: =Konstrukcie!E13 -> 0.33016272 | Q5: =(O5*P5) -> 153.55868 | R5: 1 | S5: =R5*Q5 -> 153.55868 | X5: 20.8 | Y5: =Y17 -> 30 | Z5: =AA17 -> 447 | AA5: november | AB5: =Z5*0.024 -> 10.728 | AC5: =S84 -> 5404.8168 | AD5: =S96 -> 4639.7489 | AE5: =Y5*0.024*5*D12 -> 40674.96 | AF5: =#REF! -> #REF! | AG5: =AE5+AF5 -> #REF! | AH5: =#REF! -> #REF! | AI5: =(AB5*(AC5+AD5))-(AG5*AH5) -> #REF!
B6: Rok spracovania energetického auditu: | C6: 2018 | J6: =KonstrukcieSUM!B3 -> SO2 | K6: =KonstrukcieSUM!C3 -> Obvodová stena ŠD2 | O6: =KonstrukcieSUM!G3 -> 1217.2 | P6: =Konstrukcie!E26 -> 0.31893726 | Q6: =(O6*P6) -> 388.21043 | R6: 1 | S6: =R6*Q6 -> 388.21043 | X6: 19.8 | Y6: 31 | Z6: =AA18 -> 530.1 | AA6: december | AB6: =Z6*0.024 -> 12.7224 | AC6: =S84 -> 5404.8168 | AD6: =S96 -> 4639.7489 | AE6: =Y6*0.024*5*D12 -> 42030.792 | AF6: =#REF! -> #REF! | AG6: =AE6+AF6 -> #REF! | AH6: =#REF! -> #REF! | AI6: =(AB6*(AC6+AD6))-(AG6*AH6) -> #REF!
J7: =Konstrukcie!A28 -> SO3 | K7: =Konstrukcie!B28 -> Obvodová stena - Nezateplená časť | O7: =Konstrukcie!E28 -> 307.8 | P7: =Konstrukcie!E41 -> 0.78643022 | Q7: =(O7*P7) -> 242.06322 | R7: 1 | S7: =R7*Q7 -> 242.06322 | X7: 21.7 | Y7: 31 | Z7: =AA19 -> 573.5 | AA7: január | AB7: =Z7*0.024 -> 13.764 | AC7: =S84 -> 5404.8168 | AD7: =S96 -> 4639.7489 | AE7: =Y7*0.024*5*D12 -> 42030.792 | AF7: =#REF! -> #REF! | AG7: =AE7+AF7 -> #REF! | AH7: =#REF! -> #REF! | AI7: =(AB7*(AC7+AD7))-(AG7*AH7) -> #REF!
B8: Geometrické parametre objektu | J8: =Konstrukcie!A43 -> SO4 | K8: =Konstrukcie!B43 -> Obvodová stena Jedáleň | O8: =Konstrukcie!E43 -> 333 | P8: =Konstrukcie!E54 -> 0.30064424 | Q8: =(O8*P8) -> 100.11453 | R8: 1 | S8: =R8*Q8 -> 100.11453 | X8: 17.1 | Y8: 28 | Z8: =AA20 -> 492.8 | AA8: február | AB8: =Z8*0.024 -> 11.8272 | AC8: =S84 -> 5404.8168 | AD8: =S96 -> 4639.7489 | AE8: =Y8*0.024*5*D12 -> 37963.296 | AF8: =#REF! -> #REF! | AG8: =AE8+AF8 -> #REF! | AH8: =#REF! -> #REF! | AI8: =(AB8*(AC8+AD8))-(AG8*AH8) -> #REF!
B9: Celková zastavaná plocha (m2) | C9: A | D9: 1930.2 | F9: dĺžka vyk zóny | G9: 50 | H9: m | J9: =Konstrukcie!A56 -> SO5 | K9: =Konstrukcie!B56 -> Obvodová stena Jedáleň2 | O9: =Konstrukcie!E56 -> 1912.6 | P9: =Konstrukcie!E67 -> 0.44249707 | Q9: =(O9*P9) -> 846.3199 | R9: 1 | S9: =R9*Q9 -> 846.3199 | X9: 18.6 | Y9: =Y21 -> 31 | Z9: =AA21 -> 468.1 | AA9: marec | AB9: =Z9*0.024 -> 11.2344 | AC9: =S84 -> 5404.8168 | AD9: =S96 -> 4639.7489 | AE9: =Y9*0.024*5*D12 -> 42030.792 | AF9: =#REF! -> #REF! | AG9: =AE9+AF9 -> #REF! | AH9: =#REF! -> #REF! | AI9: =(AB9*(AC9+AD9))-(AG9*AH9) -> #REF!
B10: Obvod zastavanej plochy (m) | C10: P | D10: =128+134.24 -> 262.24 | F10: šírka vyk zóny | G10: 20 | H10: m | X10: 33 | Y10: =Y22 -> 14 | Z10: =AA22 -> 247.8 | AA10: apríl | AB10: =Z10*0.024 -> 5.9472 | AC10: =S84 -> 5404.8168 | AD10: =S96 -> 4639.7489 | AE10: =Y10*0.024*5*D13 -> 16331.622 | AF10: =#REF! -> #REF! | AG10: =AE10+AF10 -> #REF! | AH10: =#REF! -> #REF! | AI10: =((AB10*(AC10+AD10))-(AG10*AH10))*0 -> #REF! | AK10: Spotreba podla faktury | AN10: Spotreba tepla na TV
B11: Obostavaný vykurovaný objem (m3) | C11: Vb | D11: 32426.9 | J11: =Konstrukcie!I1 -> STR1 | K11: =Konstrukcie!J1 -> Plochá strecha ŠD | O11: =Konstrukcie!M1 -> 825.5 | P11: ='Konstrukcie nové'!M14 -> 0.13673193 | Q11: =(O11*P11) -> 112.87221 | R11: 1 | S11: =R11*Q11 -> 112.87221 | X11: =AVERAGE(X4:X9) -> 20.2 | Y11: =SUM(Y4:Y10) -> 195 | Z11: =SUM(Z4:Z10) -> 3098.3 | AA11: Celkom | AH11: =AVERAGE(AH4:AH10) -> #REF! | AI11: =SUM(AI4:AI10) -> #REF! | AK11: =#REF!*1000 -> #REF! | AL11: kWh/a | AN11: =PotrebaEnergieTV!C10 -> #REF! | AO11: kWh
B12: Celková podlahová plocha (m2) | C12: Ab | D12: 11298.6 | J12: =Konstrukcie!I16 -> STR2 | K12: =Konstrukcie!J16 -> Strecha Jedáleň | O12: =Konstrukcie!M16 -> 1104.7 | P12: ='Konstrukcie nové'!M29 -> 0.14255883 | Q12: =(O12*P12) -> 157.48474 | R12: 1 | S12: =R12*Q12 -> 157.48474 | AI12: =AI11/D12 -> #REF! | AJ12: W/m2.a | AK12: 0.8
B13: Ochladzovaná obalová konštrukcia (m2) | C13: ∑Ai | D13: =O76 -> 9721.2034 | J13: =Konstrukcie!I31 -> 0 | K13: =Konstrukcie!J31 -> 0 | O13: =Konstrukcie!M31 -> 0 | P13: =Konstrukcie!M43 -> 0 | Q13: =(O13*P13) -> 0 | R13: 1 | S13: =R13*Q13 -> 0 | X13: Dennostupne 2018/2019 | AK13: =AK11*AK12 -> #REF! | AL13: kWh/a
B14: Faktor tvaru budovy (m-1) | C14: ∑Ai/Vb | D14: =D13/D11 -> 0.29978824 | J14: =Konstrukcie!I45 -> 0 | K14: =Konstrukcie!J45 -> 0 | O14: =Konstrukcie!M45 -> 0 | P14: =Konstrukcie!M58 -> 0 | Q14: =(O14*P14) -> 0 | R14: 1 | S14: =R14*Q14 -> 0 | X14: mesiac | Y14: vyk dni | Z14: tem | AA14: D | AK14: =AI11+AN11 -> #REF! | AL14: kwh/a | AN14: Potreba energie na VYK | AQ14: Potreba energie na TV
B15: Počet vyk podlaží podlaží | D15: 3 | J15: =Konstrukcie!I60 -> 0 | K15: =Konstrukcie!J60 -> 0 | O15: =Konstrukcie!M60 -> 0 | P15: =Konstrukcie!M72 -> 0 | Q15: =(O15*P15) -> 0 | R15: 1 | S15: =R15*Q15 -> 0 | X15: september | Y15: 6 | Z15: 15.6 | AA15: =(20-Z15)*Y15 -> 26.4 | AK15: potreba VYK | AN15: ='PotrebEnergieVYK 2018'!C3 -> #REF! | AO15: kWh | AQ15: =PotrebaEnergieTV!C3 -> #REF! | AR15: kWh
B16: Priemerná konštrukčná výška podlažia (m) | C16: hk,pr | D16: 2.87 | J16: =Konstrukcie!I74 -> 0 | K16: =Konstrukcie!J74 -> 0 | O16: =Konstrukcie!M74 -> 0 | P16: =Konstrukcie!M86 -> 0 | Q16: =(O16*P16) -> 0 | R16: 1 | S16: =R16*Q16 -> 0 | X16: október | Y16: 30 | Z16: 11.9 | AA16: =(X4-Z16)*Y16 -> 339 | AK16: =AK13-AN11 -> #REF! | AL16: kwh/a
Q17: =(O17*P17) -> 0 | R17: 1 | S17: =R17*Q17 -> 0 | X17: november | Y17: 30 | Z17: 5.9 | AA17: =(X5-Z17)*Y17 -> 447 | AN17: Potreba energie spolu
B18: Dennostupne | J18: =Konstrukcie!Q1 -> PDL1 | K18: =Konstrukcie!R1 -> Podlaha na teréne ŽS | O18: =Konstrukcie!U1 -> 825.5 | P18: =Konstrukcie!U15 -> 0.26 | Q18: =(O18*P18) -> 214.63 | R18: 1 | S18: =R18*Q18 -> 214.63 | X18: december | Y18: 31 | Z18: 2.7 | AA18: =(X6-Z18)*Y18 -> 530.1 | AN18: =AN15+AQ15 -> #REF! | AO18: kWh
B19: Kalendárny rok | D19: =C6-3 -> 2015 | E19: =C6-2 -> 2016 | F19: =C6-1 -> 2017 | G19: Priemer | J19: =Konstrukcie!Q17 -> PDL2 | K19: =Konstrukcie!R17 -> Podlaha na teréne Jedáleň | O19: =Konstrukcie!U17 -> 1104.7 | P19: =Konstrukcie!U28 -> 0.22 | Q19: =(O19*P19) -> 243.034 | R19: 1 | S19: =R19*Q19 -> 243.034 | X19: január | Y19: 31 | Z19: 3.2 | AA19: =(X7-Z19)*Y19 -> 573.5
B20: Počet vykurovacích dní | D20: =VLOOKUP($C$3,Dennostupne!B1:AR81,D24,FALSE) -> 183 | E20: =VLOOKUP($C$3,Dennostupne!B1:AR81,E24,FALSE) -> 205 | F20: =VLOOKUP($C$3,Dennostupne!B1:AR81,F24,FALSE) -> 207 | G20: =SUM(D20:F20)/COUNT(D20:F20) -> 198.33333 | J20: =Konstrukcie!Q30 -> 0 | K20: =Konstrukcie!R30 -> 0 | O20: =Konstrukcie!U30 -> 0 | P20: =Konstrukcie!U41 -> 0 | Q20: =(O20*P20) -> 0 | R20: 1 | S20: =R20*Q20 -> 0 | X20: február | Y20: 28 | Z20: -0.5 | AA20: =(X8-Z20)*Y20 -> 492.8
B21: Priemerná vonk. teplota (oC) | D21: =VLOOKUP($C$3,Dennostupne!B3:AR81,D24+1,FALSE) -> 5.6 | E21: =VLOOKUP($C$3,Dennostupne!B3:AR81,E24+1,FALSE) -> 5.3 | F21: =VLOOKUP($C$3,Dennostupne!B3:AR81,F24+1,FALSE) -> 5.5 | G21: =SUM(D21:F21)/COUNT(D21:F21) -> 5.4666667 | T21: ivl | U21: l [m] | X21: marec | Y21: 31 | Z21: 3.5 | AA21: =(X9-Z21)*Y21 -> 468.1
B22: Počet dennostupňov | D22: =IF(ISNUMBER(D21),(VstupneUdaje!O16-D21)*D20,"-") -> 2635.2 | E22: =IF(ISNUMBER(E21),(VstupneUdaje!O16-E21)*E20,"-") -> 3013.5 | F22: =IF(ISNUMBER(F21),(VstupneUdaje!O16-F21)*F20,"-") -> 3001.5 | G22: =AVERAGE(D22:F22) -> 2883.4 | J22: =OtvoroveKonstrukcie!A3 -> OO1 | K22: =OtvoroveKonstrukcie!B3 -> plastové, izolačné 2-sklo | O22: =OtvoroveKonstrukcie!O3 -> 225 | P22: =OtvoroveKonstrukcie!N3 -> 1.5 | Q22: =(O22*P22) -> 337.5 | R22: 1 | S22: =R22*Q22 -> 337.5 | T22: 1 | U22: =OtvoroveKonstrukcie!Q3 -> 5.4 | V22: =(T22*U22)*0.0001 -> 0.00054 | X22: apríl | Y22: 14 | Z22: 15.3 | AA22: =(X10-Z22)*Y22 -> 247.8
D23: =$G22 -> 2883.4 | E23: =$G22 -> 2883.4 | F23: =$G22 -> 2883.4 | J23: =OtvoroveKonstrukcie!A4 -> OO2 | K23: =OtvoroveKonstrukcie!B4 -> plastové, izolačné 2-sklo | O23: =OtvoroveKonstrukcie!O4 -> 2.7 | P23: =OtvoroveKonstrukcie!N4 -> 1.5 | Q23: =(O23*P23) -> 4.05 | R23: 1 | S23: =R23*Q23 -> 4.05 | T23: 1 | U23: =OtvoroveKonstrukcie!Q4 -> 4.32 | V23: =(T23*U23)*0.0001 -> 0.000432 | X23: máj | Y23: 2 | Z23: 18.8 | AA23: =(20-Z23)*Y23 -> 2.4
D24: =MATCH(D19,Dennostupne!B1:AR1) -> 34 | E24: =MATCH(E19,Dennostupne!B1:AR1) -> 36 | F24: =MATCH(F19,Dennostupne!B1:AR1) -> 38 | J24: =OtvoroveKonstrukcie!A5 -> OO3 | K24: =OtvoroveKonstrukcie!B5 -> plastové, izolačné 2-sklo | O24: =OtvoroveKonstrukcie!O5 -> 50.4 | P24: =OtvoroveKonstrukcie!N5 -> 1.5 | Q24: =(O24*P24) -> 75.6 | R24: 1 | S24: =R24*Q24 -> 75.6 | T24: 1 | U24: =OtvoroveKonstrukcie!Q5 -> 6.48 | V24: =(T24*U24)*0.0001 -> 0.000648 | Y24: =SUM(Y15:Y23) -> 203 | Z24: =AVERAGE(Z15:Z23) -> 8.4888889 | AA24: =SUM(AA15:AA23) -> 3127.1
J25: =OtvoroveKonstrukcie!A6 -> OO4 | K25: =OtvoroveKonstrukcie!B6 -> plastové, izolačné 2-sklo | O25: =OtvoroveKonstrukcie!O6 -> 18 | P25: =OtvoroveKonstrukcie!N6 -> 1.5 | Q25: =(O25*P25) -> 27 | R25: 1 | S25: =R25*Q25 -> 27 | T25: 1 | U25: =OtvoroveKonstrukcie!Q6 -> 8.1 | V25: =(T25*U25)*0.0001 -> 0.00081
J26: =OtvoroveKonstrukcie!A7 -> OO5 | K26: =OtvoroveKonstrukcie!B7 -> plastové, izolačné 2-sklo | O26: =OtvoroveKonstrukcie!O7 -> 3.24 | P26: =OtvoroveKonstrukcie!N7 -> 1.5 | Q26: =(O26*P26) -> 4.86 | R26: 1 | S26: =R26*Q26 -> 4.86 | T26: 1 | U26: =OtvoroveKonstrukcie!Q7 -> 3.78 | V26: =(T26*U26)*0.0001 -> 0.000378
J27: =OtvoroveKonstrukcie!A8 -> OO6 | K27: =OtvoroveKonstrukcie!B8 -> plastové, izolačné 2-sklo | O27: =OtvoroveKonstrukcie!O8 -> 1.89 | P27: =OtvoroveKonstrukcie!N8 -> 1.5 | Q27: =(O27*P27) -> 2.835 | R27: 1 | S27: =R27*Q27 -> 2.835 | T27: 1 | U27: =OtvoroveKonstrukcie!Q8 -> 4.95 | V27: =(T27*U27)*0.0001 -> 0.000495
J28: =OtvoroveKonstrukcie!A9 -> OO7 | K28: =OtvoroveKonstrukcie!B9 -> plastové, izolačné 2-sklo | O28: =OtvoroveKonstrukcie!O9 -> 8.1 | P28: =OtvoroveKonstrukcie!N9 -> 1.5 | Q28: =(O28*P28) -> 12.15 | R28: 1 | S28: =R28*Q28 -> 12.15 | T28: 1 | U28: =OtvoroveKonstrukcie!Q9 -> 5.13 | V28: =(T28*U28)*0.0001 -> 0.000513 | X28: 2017
J29: =OtvoroveKonstrukcie!A10 -> OO8 | K29: =OtvoroveKonstrukcie!B10 -> plastové, izolačné 2-sklo | O29: =OtvoroveKonstrukcie!O10 -> 0.9 | P29: =OtvoroveKonstrukcie!N10 -> 1.5 | Q29: =(O29*P29) -> 1.35 | R29: 1 | S29: =R29*Q29 -> 1.35 | T29: 1 | U29: =OtvoroveKonstrukcie!Q10 -> 3.78 | V29: =(T29*U29)*0.0001 -> 0.000378 | X29: Mesačná metóda
J30: =OtvoroveKonstrukcie!A11 -> OO9 | K30: =OtvoroveKonstrukcie!B11 -> plastové, izolačné 2-sklo | O30: =OtvoroveKonstrukcie!O11 -> 16.2 | P30: =OtvoroveKonstrukcie!N11 -> 1.5 | Q30: =(O30*P30) -> 24.3 | R30: 1 | S30: =R30*Q30 -> 24.3 | T30: 1 | U30: =OtvoroveKonstrukcie!Q11 -> 7.56 | V30: =(T30*U30)*0.0001 -> 0.000756 | X30: Ti | Y30: počet vyk dní | Z30: D2019 | AA30: mesiac | AB30: xi=D.0,024 | AC30: Ht | AD30: Hv | AE30: Qi | AF30: Qsol | AG30: Qspolu | AH30: μ | AI30: Qh
J31: =OtvoroveKonstrukcie!A12 -> OO10 | K31: =OtvoroveKonstrukcie!B12 -> plastové, izolačné 2-sklo | O31: =OtvoroveKonstrukcie!O12 -> 2.01 | P31: =OtvoroveKonstrukcie!N12 -> 1.5 | Q31: =(O31*P31) -> 3.015 | R31: 1 | S31: =R31*Q31 -> 3.015 | T31: 1 | U31: =OtvoroveKonstrukcie!Q12 -> 5.112 | V31: =(T31*U31)*0.0001 -> 0.0005112 | X31: 23.5 | Y31: 23 | Z31: =AA43 -> 348 | AA31: október | AB31: =Z31*0.024 -> 8.352 | AC31: =S84 -> 5404.8168 | AD31: =S96 -> 4639.7489 | AE31: =Y31*0.024*5*D12 -> 31184.136 | AF31: =#REF! -> #REF! | AG31: =AE31+AF31 -> #REF! | AH31: =#REF! -> #REF! | AI31: =(AB31*(AC31+AD31))-(AG31*AH31) -> #REF!
J32: =OtvoroveKonstrukcie!A13 -> OO11 | K32: =OtvoroveKonstrukcie!B13 -> plastové, izolačné 2-sklo | O32: =OtvoroveKonstrukcie!O13 -> 11.52 | P32: =OtvoroveKonstrukcie!N13 -> 1.5 | Q32: =(O32*P32) -> 17.28 | R32: 1 | S32: =R32*Q32 -> 17.28 | T32: 1 | U32: =OtvoroveKonstrukcie!Q13 -> 8.64 | V32: =(T32*U32)*0.0001 -> 0.000864 | X32: 21.5 | Y32: =Y44 -> 30 | Z32: =AA44 -> 468 | AA32: november | AB32: =Z32*0.024 -> 11.232 | AC32: =S84 -> 5404.8168 | AD32: =S96 -> 4639.7489 | AE32: =Y32*0.024*5*D12 -> 40674.96 | AF32: =#REF! -> #REF! | AG32: =AE32+AF32 -> #REF! | AH32: =#REF! -> #REF! | AI32: =(AB32*(AC32+AD32))-(AG32*AH32) -> #REF!
J33: =OtvoroveKonstrukcie!A14 -> OO12 | K33: =OtvoroveKonstrukcie!B14 -> plastové, izolačné 2-sklo | O33: =OtvoroveKonstrukcie!O14 -> 4.05 | P33: =OtvoroveKonstrukcie!N14 -> 1.5 | Q33: =(O33*P33) -> 6.075 | R33: 1 | S33: =R33*Q33 -> 6.075 | T33: 1 | U33: =OtvoroveKonstrukcie!Q14 -> 5.13 | V33: =(T33*U33)*0.0001 -> 0.000513 | X33: 20.9 | Y33: 31 | Z33: =AA45 -> 564.2 | AA33: december | AB33: =Z33*0.024 -> 13.5408 | AC33: =S84 -> 5404.8168 | AD33: =S96 -> 4639.7489 | AE33: =Y33*0.024*5*D12 -> 42030.792 | AF33: =#REF! -> #REF! | AG33: =AE33+AF33 -> #REF! | AH33: =#REF! -> #REF! | AI33: =(AB33*(AC33+AD33))-(AG33*AH33) -> #REF!
J34: =OtvoroveKonstrukcie!A15 -> OO13 | K34: =OtvoroveKonstrukcie!B15 -> plastové, izolačné 2-sklo | O34: =OtvoroveKonstrukcie!O15 -> 23.43 | P34: =OtvoroveKonstrukcie!N15 -> 1.5 | Q34: =(O34*P34) -> 35.145 | R34: 1 | S34: =R34*Q34 -> 35.145 | T34: 1 | U34: =OtvoroveKonstrukcie!Q15 -> 5.256 | V34: =(T34*U34)*0.0001 -> 0.0005256 | X34: 18.3 | Y34: 31 | Z34: =AA46 -> 722.3 | AA34: január | AB34: =Z34*0.024 -> 17.3352 | AC34: =S84 -> 5404.8168 | AD34: =S96 -> 4639.7489 | AE34: =Y34*0.024*5*D12 -> 42030.792 | AF34: =#REF! -> #REF! | AG34: =AE34+AF34 -> #REF! | AH34: 0.96 | AI34: =(AB34*(AC34+AD34))-(AG34*AH34) -> #REF!
J35: =OtvoroveKonstrukcie!A16 -> OO14 | K35: =OtvoroveKonstrukcie!B16 -> plastové, izolačné 2-sklo | O35: =OtvoroveKonstrukcie!O16 -> 42 | P35: =OtvoroveKonstrukcie!N16 -> 1.5 | Q35: =(O35*P35) -> 63 | R35: 1 | S35: =R35*Q35 -> 63 | T35: 1 | U35: =OtvoroveKonstrukcie!Q16 -> 12.78 | V35: =(T35*U35)*0.0001 -> 0.001278 | X35: 19.5 | Y35: 28 | Z35: =AA47 -> 470.4 | AA35: február | AB35: =Z35*0.024 -> 11.2896 | AC35: =S84 -> 5404.8168 | AD35: =S96 -> 4639.7489 | AE35: =Y35*0.024*5*D12 -> 37963.296 | AF35: =#REF! -> #REF! | AG35: =AE35+AF35 -> #REF! | AH35: =#REF! -> #REF! | AI35: =(AB35*(AC35+AD35))-(AG35*AH35) -> #REF!
J36: =OtvoroveKonstrukcie!A17 -> OO15 | K36: =OtvoroveKonstrukcie!B17 -> plastové, izolačné 2-sklo | O36: =OtvoroveKonstrukcie!O17 -> 53.55 | P36: =OtvoroveKonstrukcie!N17 -> 1.5 | Q36: =(O36*P36) -> 80.325 | R36: 1 | S36: =R36*Q36 -> 80.325 | T36: 1 | U36: =OtvoroveKonstrukcie!Q17 -> 6.48 | V36: =(T36*U36)*0.0001 -> 0.000648 | X36: 23.3 | Y36: =Y48 -> 31 | Z36: =AA48 -> 437.1 | AA36: marec | AB36: =Z36*0.024 -> 10.4904 | AC36: =S84 -> 5404.8168 | AD36: =S96 -> 4639.7489 | AE36: =Y36*0.024*5*D12 -> 42030.792 | AF36: =#REF! -> #REF! | AG36: =AE36+AF36 -> #REF! | AH36: 0.77 | AI36: =(AB36*(AC36+AD36))-(AG36*AH36) -> #REF!
J37: =OtvoroveKonstrukcie!A18 -> OO16 | K37: =OtvoroveKonstrukcie!B18 -> plastové, izolačné 2-sklo | O37: =OtvoroveKonstrukcie!O18 -> 225 | P37: =OtvoroveKonstrukcie!N18 -> 1.5 | Q37: =(O37*P37) -> 337.5 | R37: 1 | S37: =R37*Q37 -> 337.5 | T37: 1 | U37: =OtvoroveKonstrukcie!Q18 -> 5.4 | V37: =(T37*U37)*0.0001 -> 0.00054 | X37: 19.8 | Y37: =Y49 -> 14 | Z37: =AA49 -> 133 | AA37: apríl | AB37: =Z37*0.024 -> 3.192 | AC37: =S84 -> 5404.8168 | AD37: =S96 -> 4639.7489 | AE37: =Y37*0.024*5*D12 -> 18981.648 | AF37: =#REF! -> #REF! | AG37: =AE37+AF37 -> #REF! | AH37: =#REF! -> #REF! | AI37: =((AB37*(AC37+AD37))-(AG37*AH37))*0 -> #REF! | AK37: Spotreba podla faktury | AN37: Spotreba tepla na TV
J38: =OtvoroveKonstrukcie!A19 -> OO17 | K38: =OtvoroveKonstrukcie!B19 -> plastové, izolačné 2-sklo | O38: =OtvoroveKonstrukcie!O19 -> 36 | P38: =OtvoroveKonstrukcie!N19 -> 1.5 | Q38: =(O38*P38) -> 54 | R38: 1 | S38: =R38*Q38 -> 54 | T38: 1 | U38: =OtvoroveKonstrukcie!Q19 -> 8.1 | V38: =(T38*U38)*0.0001 -> 0.00081 | X38: =AVERAGE(X31:X36) -> 21.166667 | Y38: =SUM(Y31:Y37) -> 188 | Z38: =SUM(Z31:Z37) -> 3143 | AA38: Celkom | AH38: =AVERAGE(AH31:AH37) -> #REF! | AI38: =SUM(AI31:AI37) -> #REF! | AK38: =#REF!*1000 -> #REF! | AL38: kWh/a | AN38: =#REF!*12*1000 -> #REF! | AO38: kWh
J39: =OtvoroveKonstrukcie!A20 -> OO18 | K39: =OtvoroveKonstrukcie!B20 -> plastové, izolačné 2-sklo | O39: =OtvoroveKonstrukcie!O20 -> 4.26 | P39: =OtvoroveKonstrukcie!N20 -> 1.5 | Q39: =(O39*P39) -> 6.39 | R39: 1 | S39: =R39*Q39 -> 6.39 | T39: 1 | U39: =OtvoroveKonstrukcie!Q20 -> 5.256 | V39: =(T39*U39)*0.0001 -> 0.0005256 | AI39: =AI38/D12 -> #REF! | AJ39: W/m2.a | AK39: 0.8
J40: =OtvoroveKonstrukcie!A21 -> OO19 | K40: =OtvoroveKonstrukcie!B21 -> plastové, izolačné 2-sklo | O40: =OtvoroveKonstrukcie!O21 -> 2.16 | P40: =OtvoroveKonstrukcie!N21 -> 1.5 | Q40: =(O40*P40) -> 3.24 | R40: 1 | S40: =R40*Q40 -> 3.24 | T40: 1 | U40: =OtvoroveKonstrukcie!Q21 -> 3.78 | V40: =(T40*U40)*0.0001 -> 0.000378 | X40: Dennostupne 2018/2019 | AK40: =AK39*AK38 -> #REF! | AL40: kWh/a
J41: =OtvoroveKonstrukcie!A22 -> OO20 | K41: =OtvoroveKonstrukcie!B22 -> plastové, izolačné 2-sklo | O41: =OtvoroveKonstrukcie!O22 -> 18 | P41: =OtvoroveKonstrukcie!N22 -> 1.5 | Q41: =(O41*P41) -> 27 | R41: 1 | S41: =R41*Q41 -> 27 | T41: 1 | U41: =OtvoroveKonstrukcie!Q22 -> 8.1 | V41: =(T41*U41)*0.0001 -> 0.00081 | X41: mesiac | Y41: vyk dni | Z41: tem | AA41: D | AK41: =AI38+AN38 -> #REF! | AL41: kwh/a | AN41: Potreba energie na VYK | AQ41: Potreba energie na TV
J42: =OtvoroveKonstrukcie!A23 -> OO21 | K42: =OtvoroveKonstrukcie!B23 -> plastové, izolačné 2-sklo | O42: =OtvoroveKonstrukcie!O23 -> 1.89 | P42: =OtvoroveKonstrukcie!N23 -> 1.5 | Q42: =(O42*P42) -> 2.835 | R42: 1 | S42: =R42*Q42 -> 2.835 | T42: 1 | U42: =OtvoroveKonstrukcie!Q23 -> 4.95 | V42: =(T42*U42)*0.0001 -> 0.000495 | X42: september | Y42: 6 | Z42: 15.6 | AA42: =(20-Z42)*Y42 -> 26.4 | AN42: ='PotrebEnergieVYK 2017'!C3 -> #REF! | AO42: kWh | AQ42: =PotrebaEnergieTV!C3 -> #REF! | AR42: kWh
J43: =OtvoroveKonstrukcie!A24 -> OO22 | K43: =OtvoroveKonstrukcie!B24 -> plastové, izolačné 2-sklo | O43: =OtvoroveKonstrukcie!O24 -> 20.25 | P43: =OtvoroveKonstrukcie!N24 -> 1.5 | Q43: =(O43*P43) -> 30.375 | R43: 1 | S43: =R43*Q43 -> 30.375 | T43: 1 | U43: =OtvoroveKonstrukcie!Q24 -> 7.56 | V43: =(T43*U43)*0.0001 -> 0.000756 | X43: október | Y43: 30 | Z43: 11.9 | AA43: =(X31-Z43)*Y43 -> 348 | AK43: Potreba energie spolu
J44: =OtvoroveKonstrukcie!A25 -> OO23 | K44: =OtvoroveKonstrukcie!B25 -> plastové, izolačné 2-sklo | O44: =OtvoroveKonstrukcie!O25 -> 3.96 | P44: =OtvoroveKonstrukcie!N25 -> 1.5 | Q44: =(O44*P44) -> 5.94 | R44: 1 | S44: =R44*Q44 -> 5.94 | T44: 1 | U44: =OtvoroveKonstrukcie!Q25 -> 7.2 | V44: =(T44*U44)*0.0001 -> 0.00072 | X44: november | Y44: 30 | Z44: 5.9 | AA44: =(X32-Z44)*Y44 -> 468 | AK44: =AN42+AQ42 -> #REF! | AL44: kWh
J45: =OtvoroveKonstrukcie!A26 -> OO24 | K45: =OtvoroveKonstrukcie!B26 -> plastové, izolačné 2-sklo | O45: =OtvoroveKonstrukcie!O26 -> 24.3 | P45: =OtvoroveKonstrukcie!N26 -> 1.5 | Q45: =(O45*P45) -> 36.45 | R45: 1 | S45: =R45*Q45 -> 36.45 | T45: 1 | U45: =OtvoroveKonstrukcie!Q26 -> 10.26 | V45: =(T45*U45)*0.0001 -> 0.001026 | X45: december | Y45: 31 | Z45: 2.7 | AA45: =(X33-Z45)*Y45 -> 564.2
J46: =OtvoroveKonstrukcie!A27 -> OO25 | K46: =OtvoroveKonstrukcie!B27 -> plastové, izolačné 2-sklo | O46: =OtvoroveKonstrukcie!O27 -> 16.2 | P46: =OtvoroveKonstrukcie!N27 -> 1.5 | Q46: =(O46*P46) -> 24.3 | R46: 1 | S46: =R46*Q46 -> 24.3 | T46: 1 | U46: =OtvoroveKonstrukcie!Q27 -> 7.56 | V46: =(T46*U46)*0.0001 -> 0.000756 | X46: január | Y46: 31 | Z46: -5 | AA46: =(X34-Z46)*Y46 -> 722.3
J47: =OtvoroveKonstrukcie!A28 -> OO26 | K47: =OtvoroveKonstrukcie!B28 -> plastové, izolačné 2-sklo | O47: =OtvoroveKonstrukcie!O28 -> 23.43 | P47: =OtvoroveKonstrukcie!N28 -> 1.5 | Q47: =(O47*P47) -> 35.145 | R47: 1 | S47: =R47*Q47 -> 35.145 | T47: 1 | U47: =OtvoroveKonstrukcie!Q28 -> 5.256 | V47: =(T47*U47)*0.0001 -> 0.0005256 | X47: február | Y47: 28 | Z47: 2.7 | AA47: =(X35-Z47)*Y47 -> 470.4
J48: =OtvoroveKonstrukcie!A29 -> OO27 | K48: =OtvoroveKonstrukcie!B29 -> hliník, izolačné 2-sklo | O48: =OtvoroveKonstrukcie!O29 -> 12.3225 | P48: =OtvoroveKonstrukcie!N29 -> 1.5 | Q48: =(O48*P48) -> 18.48375 | R48: 1 | S48: =R48*Q48 -> 18.48375 | T48: 1 | U48: =OtvoroveKonstrukcie!Q29 -> 8.955 | V48: =(T48*U48)*0.0001 -> 0.0008955 | X48: marec | Y48: 31 | Z48: 9.2 | AA48: =(X36-Z48)*Y48 -> 437.1
J49: =OtvoroveKonstrukcie!A30 -> OO28 | K49: =OtvoroveKonstrukcie!B30 -> hliník, izolačné 2-sklo | O49: =OtvoroveKonstrukcie!O30 -> 3.69 | P49: =OtvoroveKonstrukcie!N30 -> 1.5 | Q49: =(O49*P49) -> 5.535 | R49: 1 | S49: =R49*Q49 -> 5.535 | T49: 1 | U49: =OtvoroveKonstrukcie!Q30 -> 6.93 | V49: =(T49*U49)*0.0001 -> 0.000693 | X49: apríl | Y49: 14 | Z49: 10.3 | AA49: =(X37-Z49)*Y49 -> 133
J50: =OtvoroveKonstrukcie!A31 -> OO29 | K50: =OtvoroveKonstrukcie!B31 -> plastové, izolačné 2-sklo | O50: =OtvoroveKonstrukcie!O31 -> 82.8 | P50: =OtvoroveKonstrukcie!N31 -> 1.5 | Q50: =(O50*P50) -> 124.2 | R50: 1 | S50: =R50*Q50 -> 124.2 | T50: 1 | U50: =OtvoroveKonstrukcie!Q31 -> 10.53 | V50: =(T50*U50)*0.0001 -> 0.001053 | X50: máj | Y50: 2 | Z50: 16.7 | AA50: =(20-Z50)*Y50 -> 6.6
J51: =OtvoroveKonstrukcie!A32 -> OO30 | K51: =OtvoroveKonstrukcie!B32 -> plastové, izolačné 2-sklo | O51: =OtvoroveKonstrukcie!O32 -> 7.935 | P51: =OtvoroveKonstrukcie!N32 -> 1.5 | Q51: =(O51*P51) -> 11.9025 | R51: 1 | S51: =R51*Q51 -> 11.9025 | T51: 1 | U51: =OtvoroveKonstrukcie!Q32 -> 10.35 | V51: =(T51*U51)*0.0001 -> 0.001035 | Y51: =SUM(Y42:Y50) -> 203 | Z51: =AVERAGE(Z42:Z50) -> 7.7777778 | AA51: =SUM(AA42:AA50) -> 3176
J52: =OtvoroveKonstrukcie!A33 -> OO31 | K52: =OtvoroveKonstrukcie!B33 -> plastové, izolačné 2-sklo | O52: =OtvoroveKonstrukcie!O33 -> 82.8 | P52: =OtvoroveKonstrukcie!N33 -> 1.5 | Q52: =(O52*P52) -> 124.2 | R52: 1 | S52: =R52*Q52 -> 124.2 | T52: 1 | U52: =OtvoroveKonstrukcie!Q33 -> 10.53 | V52: =(T52*U52)*0.0001 -> 0.001053
J53: =OtvoroveKonstrukcie!A34 -> OO32 | K53: =OtvoroveKonstrukcie!B34 -> plastové, izolačné 2-sklo | O53: =OtvoroveKonstrukcie!O34 -> 7.935 | P53: =OtvoroveKonstrukcie!N34 -> 1.5 | Q53: =(O53*P53) -> 11.9025 | R53: 1 | S53: =R53*Q53 -> 11.9025 | T53: 1 | U53: =OtvoroveKonstrukcie!Q34 -> 10.35 | V53: =(T53*U53)*0.0001 -> 0.001035
J54: =OtvoroveKonstrukcie!A35 -> OO33 | K54: =OtvoroveKonstrukcie!B35 -> hliník, izolačné 2-sklo | O54: =OtvoroveKonstrukcie!O35 -> 9.1425 | P54: =OtvoroveKonstrukcie!N35 -> 1.5 | Q54: =(O54*P54) -> 13.71375 | R54: 1 | S54: =R54*Q54 -> 13.71375 | T54: 1 | U54: =OtvoroveKonstrukcie!Q35 -> 10.98 | V54: =(T54*U54)*0.0001 -> 0.001098
J55: =OtvoroveKonstrukcie!A36 -> OO34 | K55: =OtvoroveKonstrukcie!B36 -> hliník, izolačné 2-sklo | O55: =OtvoroveKonstrukcie!O36 -> 17.28 | P55: =OtvoroveKonstrukcie!N36 -> 1.5 | Q55: =(O55*P55) -> 25.92 | R55: 1 | S55: =R55*Q55 -> 25.92 | T55: 1 | U55: =OtvoroveKonstrukcie!Q36 -> 15.12 | V55: =(T55*U55)*0.0001 -> 0.001512 | X55: 2016
J56: =OtvoroveKonstrukcie!A37 -> OO35 | K56: =OtvoroveKonstrukcie!B37 -> hliník, izolačné 2-sklo | O56: =OtvoroveKonstrukcie!O37 -> 8.64 | P56: 1.4 | Q56: =(O56*P56) -> 12.096 | R56: 1 | S56: =R56*Q56 -> 12.096 | T56: 1 | U56: =OtvoroveKonstrukcie!Q37 -> 10.8 | V56: =(T56*U56)*0.0001 -> 0.00108 | X56: Mesačná metóda
J57: =OtvoroveKonstrukcie!A38 -> OO36 | K57: =OtvoroveKonstrukcie!B38 -> plastové, izolačné 2-sklo | O57: =OtvoroveKonstrukcie!O38 -> 55.8114 | P57: 1.4 | Q57: =(O57*P57) -> 78.13596 | R57: 1 | S57: =R57*Q57 -> 78.13596 | T57: 1 | U57: =OtvoroveKonstrukcie!Q38 -> 13.032 | V57: =(T57*U57)*0.0001 -> 0.0013032 | X57: Ti | Y57: počet vyk dní | Z57: D2019 | AA57: mesiac | AB57: xi=D.0,024 | AC57: Ht | AD57: Hv | AE57: Qi | AF57: Qsol | AG57: Qspolu | AH57: μ | AI57: Qh
X58: 21.4 | Y58: =Y70 -> 30 | Z58: =AA70 -> 348 | AA58: október | AB58: =Z58*0.024 -> 8.352 | AC58: =S84 -> 5404.8168 | AD58: =S96 -> 4639.7489 | AE58: =Y58*0.024*5*D12 -> 40674.96 | AF58: =#REF! -> #REF! | AG58: =AE58+AF58 -> #REF! | AH58: =#REF! -> #REF! | AI58: =(AB58*(AC58+AD58))-(AG58*AH58) -> #REF!
X59: 19.1 | Y59: =Y71 -> 30 | Z59: =AA71 -> 435 | AA59: november | AB59: =Z59*0.024 -> 10.44 | AC59: =S84 -> 5404.8168 | AD59: =S96 -> 4639.7489 | AE59: =Y59*0.024*5*D12 -> 40674.96 | AF59: =#REF! -> #REF! | AG59: =AE59+AF59 -> #REF! | AH59: =#REF! -> #REF! | AI59: =(AB59*(AC59+AD59))-(AG59*AH59) -> #REF!
J60: =OtvoroveKonstrukcie!A44 -> DO1 | K60: =OtvoroveKonstrukcie!B44 -> plastové, izolačné 2-sklo | O60: =OtvoroveKonstrukcie!O44 -> 240 | P60: =OtvoroveKonstrukcie!N44 -> 1.5 | Q60: =(O60*P60) -> 360 | R60: 1 | S60: =R60*Q60 -> 360 | T60: 1 | U60: =OtvoroveKonstrukcie!Q44 -> 6.12 | V60: =(T60*U60)*0.0001 -> 0.000612 | X60: 18.5 | Y60: 31 | Z60: =AA72 -> 554.9 | AA60: december | AB60: =Z60*0.024 -> 13.3176 | AC60: =S84 -> 5404.8168 | AD60: =S96 -> 4639.7489 | AE60: =Y60*0.024*5*D12 -> 42030.792 | AF60: =#REF! -> #REF! | AG60: =AE60+AF60 -> #REF! | AH60: 0.95 | AI60: =(AB60*(AC60+AD60))-(AG60*AH60) -> #REF!
J61: =OtvoroveKonstrukcie!A45 -> DO2 | K61: =OtvoroveKonstrukcie!B45 -> plastové, izolačné 2-sklo | O61: =OtvoroveKonstrukcie!O45 -> 5.04 | P61: =OtvoroveKonstrukcie!N45 -> 1.5 | Q61: =(O61*P61) -> 7.56 | R61: 1 | S61: =R61*Q61 -> 7.56 | T61: 1 | U61: =OtvoroveKonstrukcie!Q45 -> 8.1 | V61: =(T61*U61)*0.0001 -> 0.00081 | X61: 18.5 | Y61: 31 | Z61: =AA73 -> 595.2 | AA61: január | AB61: =Z61*0.024 -> 14.2848 | AC61: =S84 -> 5404.8168 | AD61: =S96 -> 4639.7489 | AE61: =Y61*0.024*5*D12 -> 42030.792 | AF61: =#REF! -> #REF! | AG61: =AE61+AF61 -> #REF! | AH61: 0.95 | AI61: =(AB61*(AC61+AD61))-(AG61*AH61) -> #REF!
J62: =OtvoroveKonstrukcie!A46 -> DO3 | K62: =OtvoroveKonstrukcie!B46 -> plastové, izolačné 2-sklo | O62: =OtvoroveKonstrukcie!O46 -> 214.2 | P62: =OtvoroveKonstrukcie!N46 -> 1.5 | Q62: =(O62*P62) -> 321.3 | R62: 1 | S62: =R62*Q62 -> 321.3 | T62: 1 | U62: =OtvoroveKonstrukcie!Q46 -> 5.562 | V62: =(T62*U62)*0.0001 -> 0.0005562 | X62: 23.4 | Y62: 28 | Z62: =AA74 -> 487.2 | AA62: február | AB62: =Z62*0.024 -> 11.6928 | AC62: =S84 -> 5404.8168 | AD62: =S96 -> 4639.7489 | AE62: =Y62*0.024*5*D12 -> 37963.296 | AF62: =#REF! -> #REF! | AG62: =AE62+AF62 -> #REF! | AH62: =#REF! -> #REF! | AI62: =(AB62*(AC62+AD62))-(AG62*AH62) -> #REF!
J63: =OtvoroveKonstrukcie!A47 -> DO4 | K63: =OtvoroveKonstrukcie!B47 -> plastové, izolačné 2-sklo | O63: =OtvoroveKonstrukcie!O47 -> 1.64 | P63: =OtvoroveKonstrukcie!N47 -> 1.5 | Q63: =(O63*P63) -> 2.46 | R63: 1 | S63: =R63*Q63 -> 2.46 | T63: 1 | U63: =OtvoroveKonstrukcie!Q47 -> 5.13 | V63: =(T63*U63)*0.0001 -> 0.000513 | X63: 22.3 | Y63: =Y75 -> 31 | Z63: =AA75 -> 486.7 | AA63: marec | AB63: =Z63*0.024 -> 11.6808 | AC63: =S84 -> 5404.8168 | AD63: =S96 -> 4639.7489 | AE63: =Y63*0.024*5*D12 -> 42030.792 | AF63: =#REF! -> #REF! | AG63: =AE63+AF63 -> #REF! | AH63: =#REF! -> #REF! | AI63: =(AB63*(AC63+AD63))-(AG63*AH63) -> #REF!
J64: =OtvoroveKonstrukcie!A48 -> DO5 | K64: =OtvoroveKonstrukcie!B48 -> plastové, izolačné 2-sklo | O64: =OtvoroveKonstrukcie!O48 -> 1.576 | P64: =OtvoroveKonstrukcie!N48 -> 1.5 | Q64: =(O64*P64) -> 2.364 | R64: 1 | S64: =R64*Q64 -> 2.364 | T64: 1 | U64: =OtvoroveKonstrukcie!Q48 -> 4.986 | V64: =(T64*U64)*0.0001 -> 0.0004986 | X64: 33 | Y64: =Y76 -> 14 | Z64: =AA76 -> 305.2 | AA64: apríl | AB64: =Z64*0.024 -> 7.3248 | AC64: =S84 -> 5404.8168 | AD64: =S96 -> 4639.7489 | AE64: =Y64*0.024*5*D12 -> 18981.648 | AF64: =#REF! -> #REF! | AG64: =AE64+AF64 -> #REF! | AH64: =#REF! -> #REF! | AI64: =((AB64*(AC64+AD64))-(AG64*AH64))*0 -> #REF! | AK64: Spotreba podla faktury | AN64: Spotreba tepla na TV
J65: =OtvoroveKonstrukcie!A49 -> DO6 | K65: =OtvoroveKonstrukcie!B49 -> plastové, izolačné 2-sklo | O65: =OtvoroveKonstrukcie!O49 -> 1.576 | P65: =OtvoroveKonstrukcie!N49 -> 1.5 | Q65: =(O65*P65) -> 2.364 | R65: 1 | S65: =R65*Q65 -> 2.364 | T65: 1 | U65: =OtvoroveKonstrukcie!Q49 -> 4.986 | V65: =(T65*U65)*0.0001 -> 0.0004986 | X65: =AVERAGE(X58:X63) -> 20.533333 | Y65: =SUM(Y58:Y64) -> 195 | Z65: =SUM(Z58:Z64) -> 3212.2 | AA65: Celkom | AH65: =AVERAGE(AH58:AH64) -> #REF! | AI65: =SUM(AI58:AI64) -> #REF! | AK65: =#REF!*1000 -> #REF! | AL65: kWh/a | AN65: =#REF!*1000*12 -> #REF! | AO65: kWh
J66: =OtvoroveKonstrukcie!A50 -> DO7 | K66: =OtvoroveKonstrukcie!B50 -> hliník | O66: =OtvoroveKonstrukcie!O50 -> 2.205 | P66: =OtvoroveKonstrukcie!N50 -> 1.5 | Q66: =(O66*P66) -> 3.3075 | R66: 1 | S66: =R66*Q66 -> 3.3075 | T66: 1 | U66: =OtvoroveKonstrukcie!Q50 -> 5.67 | V66: =(T66*U66)*0.0001 -> 0.000567 | AI66: =AI65/D12 -> #REF! | AJ66: W/m2.a | AK66: 0.804
J67: =OtvoroveKonstrukcie!A51 -> DO8 | K67: =OtvoroveKonstrukcie!B51 -> hliník | O67: =OtvoroveKonstrukcie!O51 -> 3.045 | P67: =OtvoroveKonstrukcie!N51 -> 1.5 | Q67: =(O67*P67) -> 4.5675 | R67: 1 | S67: =R67*Q67 -> 4.5675 | T67: 1 | U67: =OtvoroveKonstrukcie!Q51 -> 6.39 | V67: =(T67*U67)*0.0001 -> 0.000639 | X67: Dennostupne 2016 | AK67: =AK66*AK65 -> #REF! | AL67: kWh/a
J68: =OtvoroveKonstrukcie!A52 -> DO9 | K68: =OtvoroveKonstrukcie!B52 -> hliník | O68: =OtvoroveKonstrukcie!O52 -> 2.205 | P68: =OtvoroveKonstrukcie!N52 -> 1.5 | Q68: =(O68*P68) -> 3.3075 | R68: 1 | S68: =R68*Q68 -> 3.3075 | T68: 1 | U68: =OtvoroveKonstrukcie!Q52 -> 5.67 | V68: =(T68*U68)*0.0001 -> 0.000567 | X68: mesiac | Y68: vyk dni | Z68: tem | AA68: D | AK68: =AI65+AN65 -> #REF! | AL68: kwh/a | AN68: Potreba energie na VYK | AQ68: Potreba energie na TV
J69: =OtvoroveKonstrukcie!A53 -> DO10 | K69: =OtvoroveKonstrukcie!B53 -> kovové, izolačné 2-sklo | O69: =OtvoroveKonstrukcie!O53 -> 5.04 | P69: =OtvoroveKonstrukcie!N53 -> 5.6 | Q69: =(O69*P69) -> 28.224 | R69: 1 | S69: =R69*Q69 -> 28.224 | T69: 1 | U69: =OtvoroveKonstrukcie!Q53 -> 8.1 | V69: =(T69*U69)*0.0001 -> 0.00081 | X69: september | Y69: 0 | Z69: 0 | AA69: =(20-Z69)*Y69 -> 0 | AN69: ='PotrebEnergieVYK 2016'!C3 -> #REF! | AO69: kWh | AQ69: =PotrebaEnergieTV!C3 -> #REF! | AR69: kWh
J70: =OtvoroveKonstrukcie!A54 -> DO11 | K70: =OtvoroveKonstrukcie!B54 -> kovové, izolačné 2-sklo | O70: =OtvoroveKonstrukcie!O54 -> 2.565 | P70: =OtvoroveKonstrukcie!N54 -> 5.6 | Q70: =(O70*P70) -> 14.364 | R70: 1 | S70: =R70*Q70 -> 14.364 | T70: 1 | U70: =OtvoroveKonstrukcie!Q54 -> 6.75 | V70: =(T70*U70)*0.0001 -> 0.000675 | X70: október | Y70: 30 | Z70: 9.8 | AA70: =(X58-Z70)*Y70 -> 348 | AK70: Potreba energie spolu
J71: =OtvoroveKonstrukcie!A55 -> DO12 | K71: =OtvoroveKonstrukcie!B55 -> plastové, izolačné 2-sklo | O71: =OtvoroveKonstrukcie!O55 -> 7.695 | P71: =OtvoroveKonstrukcie!N55 -> 1.4 | Q71: =(O71*P71) -> 10.773 | R71: 1 | S71: =R71*Q71 -> 10.773 | T71: 1 | U71: =OtvoroveKonstrukcie!Q55 -> 9.99 | V71: =(T71*U71)*0.0001 -> 0.000999 | X71: november | Y71: 30 | Z71: 4.6 | AA71: =(X59-Z71)*Y71 -> 435 | AK71: =AN69+AQ69 -> #REF! | AL71: kWh
J72: =OtvoroveKonstrukcie!A56 -> DO13 | K72: =OtvoroveKonstrukcie!B56 -> Sekciová brána | O72: =OtvoroveKonstrukcie!O56 -> 11.52 | P72: =OtvoroveKonstrukcie!N56 -> 1.4 | Q72: =(O72*P72) -> 16.128 | R72: 1 | S72: =R72*Q72 -> 16.128 | T72: 1 | U72: =OtvoroveKonstrukcie!Q56 -> 8.64 | V72: =(T72*U72)*0.0001 -> 0.000864 | X72: december | Y72: 31 | Z72: 0.6 | AA72: =(X60-Z72)*Y72 -> 554.9
J73: =OtvoroveKonstrukcie!A57 -> 0 | K73: =OtvoroveKonstrukcie!B57 -> 0 | O73: =OtvoroveKonstrukcie!O57 -> 0 | P73: =OtvoroveKonstrukcie!N57 -> 0 | Q73: =(O73*P73) -> 0 | R73: 1 | S73: =R73*Q73 -> 0 | T73: 1 | U73: =OtvoroveKonstrukcie!Q57 -> 0 | V73: =(T73*U73)*0.0001 -> 0 | X73: január | Y73: 31 | Z73: -0.7 | AA73: =(X61-Z73)*Y73 -> 595.2
X74: február | Y74: 28 | Z74: 6 | AA74: =(X62-Z74)*Y74 -> 487.2
X75: marec | Y75: 31 | Z75: 6.6 | AA75: =(X63-Z75)*Y75 -> 486.7
J76: Súčty | N76: ∑ Ai = | O76: =SUM(O5:O75) -> 9721.2034 | Q76: ∑bx . Ui . Ai= | S76: =SUM(S5:S75) -> 4918.7567 | U76: =SUM(U68:U75) -> 39.15 | V76: =SUM(V68:V75) -> 0.003915 | X76: apríl | Y76: 14 | Z76: 11.2 | AA76: =(X64-Z76)*Y76 -> 305.2
X77: máj | Y77: 8 | Z77: 15.9 | AA77: =(20-Z77)*Y77 -> 32.8
J78: Vplyv tepelných mostov: | Y78: =SUM(Y69:Y77) -> 203 | Z78: =AVERAGE(Z69:Z77) -> 6 | AA78: =SUM(AA69:AA77) -> 3245
N79: exaktne: | O79: podľa STN EN ISO 10211, resp. STN ISO 14683
M80: X | N80: paušálne: | O80: 0.05 | P80: Konštrukcie zateplené zvonku | R80: ΔU = | S80: 0.05
O81: 0.1 | P81: Ostatné prípady
O82: 0.2 | P82: Konštrukcie zateplené zvnútra
J83: Vplyv tepelných mostov [W/K]: | N83: ΔU.∑Ai = | S83: =S80*O76 -> 486.06017
J84: Merná tepelná strata HT [W/K]: | N84: HT = ∑bx.Ui.Ai + ΔU.∑Ai = | S84: =S76+S83 -> 5404.8168
J86: Priemerný súčiniteľ prechodu tepla [W/(m2K)]: | R86: Ue,m = HT/∑Ai = | S86: =S84/O76 -> 0.55598228
J87: Odporúčané hodnoty Ue,m | M87: ∑Ai/Vb | N87: Ue,m,max | O87: Ue,m,N | P87: Ue,m,r1 | Q87: Ue,m,r2 | R87: Vyhovuje?
J88: Priemerný súčiniteľ prechodu tepla [W/(m2K)]:
R89: Ue,m = HT/∑Ai = | S89: =S84/O76 -> 0.55598228
J91: Merná tepelná strata vetraním
J92: Pomer vnútorného a obostavaného objemu budovy V/Vb (m3/m3) | S92: 0.85
J93: Hustota vzduchu (kg/m3) | S93: 1.2
J94: Merná tepelná kapacita vzduchu (J/kg.K) | S94: 1010
J95: Intenzita výmeny vzduchu | S95: =IF((25200*(V76/D11))<0.5,0.5,(25200*(V76/D11))) -> 0.5
J96: HV = | S96: =(S92*S93*S94*D11*S95)/3600 -> 4639.7489
J98: Tepelná strata celková-normalizovaná hodnota
J99: mesiac | K99: jan | L99: feb | M99: mar | N99: apr | O99: okt | P99: nov | Q99: dec | S99: Spolu
J100: xi | K100: =VstupneUdaje!BJ14 -> 16.2192 | L100: =VstupneUdaje!BJ15 -> 13.1712 | M100: =VstupneUdaje!BJ16 -> 11.4576 | N100: =VstupneUdaje!BJ17 -> 7.272 | O100: =VstupneUdaje!BJ18 -> 7.5888 | P100: =VstupneUdaje!BJ19 -> 11.304 | Q100: =VstupneUdaje!BJ20 -> 15.1032
J101: H | K101: =S96+S84 -> 10044.566 | L101: 4558.5716 | M101: 4558.5716 | N101: 4558.5716 | O101: 4558.5716 | P101: 4558.5716 | Q101: 4558.5716
J102: Ql= | K102: =K100*K101 -> 162914.82 | L102: =L100*L101 -> 60041.858 | M102: =M100*M101 -> 52230.29 | N102: =N100*N101 -> 33149.933 | O102: =O100*O101 -> 34594.088 | P102: =P100*P101 -> 51530.094 | Q102: =Q100*Q101 -> 68849.019 | S102: =SUM(K102:Q102) -> 463310.1
J104: Tepelná strata celková
...

Sheet PotrebaTeplaVyk 3 roky_OKNA
J1: Výpočet | X1: 2018
B2: Adresa hodnoteného objektu | F2: Zadávaš | J2: Merná tepelná strata prechodom tepla | X2: Mesačná metóda
B3: Okres: | C3: Bratislava II | F3: Vypočíta sa | J3: Konštrukcia | O3: Plocha Ai | P3: Ui | Q3: Ui . Ai | R3: Faktor bx | S3: bx . Ui . Ai | X3: Ti | Y3: počet vyk dní | Z3: D2019 | AA3: mesiac | AB3: xi=D.0,024 | AC3: Ht | AD3: Hv | AE3: Qi | AF3: Qsol | AG3: Qspolu | AH3: μ | AI3: Qh
B4: Adresa: | O4: [m2] | P4: [W/(m2K)] | Q4: [W/K] | R4: [-] | S4: [W/K] | X4: 23.2 | Y4: =Y16 -> 30 | Z4: =AA16 -> 339 | AA4: október | AB4: =Z4*0.024 -> 8.136 | AC4: =S84 -> 5855.1214 | AD4: =S96 -> 4639.7489 | AE4: =Y4*0.024*5*D12 -> 40674.96 | AF4: =#REF! -> #REF! | AG4: =AE4+AF4 -> #REF! | AH4: =#REF! -> #REF! | AI4: =(AB4*(AC4+AD4))-(AG4*AH4) -> #REF!
B5: Kategória budovy | C5: Budovy škôl a školských zariadení | J5: =KonstrukcieSUM!B2 -> SO1 | K5: =KonstrukcieSUM!C2 -> Obvodová stena ŠD | O5: =KonstrukcieSUM!G2 -> 465.1 | P5: =Konstrukcie!E13 -> 0.33016272 | Q5: =(O5*P5) -> 153.55868 | R5: 1 | S5: =R5*Q5 -> 153.55868 | X5: 20.8 | Y5: =Y17 -> 30 | Z5: =AA17 -> 447 | AA5: november | AB5: =Z5*0.024 -> 10.728 | AC5: =S84 -> 5855.1214 | AD5: =S96 -> 4639.7489 | AE5: =Y5*0.024*5*D12 -> 40674.96 | AF5: =#REF! -> #REF! | AG5: =AE5+AF5 -> #REF! | AH5: =#REF! -> #REF! | AI5: =(AB5*(AC5+AD5))-(AG5*AH5) -> #REF!
B6: Rok spracovania energetického auditu: | C6: 2018 | J6: =KonstrukcieSUM!B3 -> SO2 | K6: =KonstrukcieSUM!C3 -> Obvodová stena ŠD2 | O6: =KonstrukcieSUM!G3 -> 1217.2 | P6: =Konstrukcie!E26 -> 0.31893726 | Q6: =(O6*P6) -> 388.21043 | R6: 1 | S6: =R6*Q6 -> 388.21043 | X6: 19.8 | Y6: 31 | Z6: =AA18 -> 530.1 | AA6: december | AB6: =Z6*0.024 -> 12.7224 | AC6: =S84 -> 5855.1214 | AD6: =S96 -> 4639.7489 | AE6: =Y6*0.024*5*D12 -> 42030.792 | AF6: =#REF! -> #REF! | AG6: =AE6+AF6 -> #REF! | AH6: =#REF! -> #REF! | AI6: =(AB6*(AC6+AD6))-(AG6*AH6) -> #REF!
J7: =Konstrukcie!A28 -> SO3 | K7: =Konstrukcie!B28 -> Obvodová stena - Nezateplená časť | O7: =Konstrukcie!E28 -> 307.8 | P7: ='Konstrukcie nové'!E38 -> 4.6015686 | Q7: =(O7*P7) -> 1416.3628 | R7: 1 | S7: =R7*Q7 -> 1416.3628 | X7: 21.7 | Y7: 31 | Z7: =AA19 -> 573.5 | AA7: január | AB7: =Z7*0.024 -> 13.764 | AC7: =S84 -> 5855.1214 | AD7: =S96 -> 4639.7489 | AE7: =Y7*0.024*5*D12 -> 42030.792 | AF7: =#REF! -> #REF! | AG7: =AE7+AF7 -> #REF! | AH7: =#REF! -> #REF! | AI7: =(AB7*(AC7+AD7))-(AG7*AH7) -> #REF!
B8: Geometrické parametre objektu | J8: =Konstrukcie!A43 -> SO4 | K8: =Konstrukcie!B43 -> Obvodová stena Jedáleň | O8: =Konstrukcie!E43 -> 333 | P8: =Konstrukcie!E54 -> 0.30064424 | Q8: =(O8*P8) -> 100.11453 | R8: 1 | S8: =R8*Q8 -> 100.11453 | X8: 17.1 | Y8: 28 | Z8: =AA20 -> 492.8 | AA8: február | AB8: =Z8*0.024 -> 11.8272 | AC8: =S84 -> 5855.1214 | AD8: =S96 -> 4639.7489 | AE8: =Y8*0.024*5*D12 -> 37963.296 | AF8: =#REF! -> #REF! | AG8: =AE8+AF8 -> #REF! | AH8: =#REF! -> #REF! | AI8: =(AB8*(AC8+AD8))-(AG8*AH8) -> #REF!
B9: Celková zastavaná plocha (m2) | C9: A | D9: 1930.2 | F9: dĺžka vyk zóny | G9: 50 | H9: m | J9: =Konstrukcie!A56 -> SO5 | K9: =Konstrukcie!B56 -> Obvodová stena Jedáleň2 | O9: =Konstrukcie!E56 -> 1912.6 | P9: =Konstrukcie!E67 -> 0.44249707 | Q9: =(O9*P9) -> 846.3199 | R9: 1 | S9: =R9*Q9 -> 846.3199 | X9: 18.6 | Y9: =Y21 -> 31 | Z9: =AA21 -> 468.1 | AA9: marec | AB9: =Z9*0.024 -> 11.2344 | AC9: =S84 -> 5855.1214 | AD9: =S96 -> 4639.7489 | AE9: =Y9*0.024*5*D12 -> 42030.792 | AF9: =#REF! -> #REF! | AG9: =AE9+AF9 -> #REF! | AH9: =#REF! -> #REF! | AI9: =(AB9*(AC9+AD9))-(AG9*AH9) -> #REF!
B10: Obvod zastavanej plochy (m) | C10: P | D10: =128+134.24 -> 262.24 | F10: šírka vyk zóny | G10: 20 | H10: m | X10: 33 | Y10: =Y22 -> 14 | Z10: =AA22 -> 247.8 | AA10: apríl | AB10: =Z10*0.024 -> 5.9472 | AC10: =S84 -> 5855.1214 | AD10: =S96 -> 4639.7489 | AE10: =Y10*0.024*5*D13 -> 16331.622 | AF10: =#REF! -> #REF! | AG10: =AE10+AF10 -> #REF! | AH10: =#REF! -> #REF! | AI10: =((AB10*(AC10+AD10))-(AG10*AH10))*0 -> #REF! | AK10: Spotreba podla faktury | AN10: Spotreba tepla na TV
B11: Obostavaný vykurovaný objem (m3) | C11: Vb | D11: 32426.9 | J11: =Konstrukcie!I1 -> STR1 | K11: =Konstrukcie!J1 -> Plochá strecha ŠD | O11: =Konstrukcie!M1 -> 825.5 | P11: =Konstrukcie!M14 -> 0.19555769 | Q11: =(O11*P11) -> 161.43287 | R11: 1 | S11: =R11*Q11 -> 161.43287 | X11: =AVERAGE(X4:X9) -> 20.2 | Y11: =SUM(Y4:Y10) -> 195 | Z11: =SUM(Z4:Z10) -> 3098.3 | AA11: Celkom | AH11: =AVERAGE(AH4:AH10) -> #REF! | AI11: =SUM(AI4:AI10) -> #REF! | AK11: =#REF!*1000 -> #REF! | AL11: kWh/a | AN11: =PotrebaEnergieTV!C10 -> #REF! | AO11: kWh
B12: Celková podlahová plocha (m2) | C12: Ab | D12: 11298.6 | J12: =Konstrukcie!I16 -> STR2 | K12: =Konstrukcie!J16 -> Strecha Jedáleň | O12: =Konstrukcie!M16 -> 1104.7 | P12: =Konstrukcie!M29 -> 0.19941579 | Q12: =(O12*P12) -> 220.29462 | R12: 1 | S12: =R12*Q12 -> 220.29462 | AI12: =AI11/D12 -> #REF! | AJ12: W/m2.a | AK12: 0.8
B13: Ochladzovaná obalová konštrukcia (m2) | C13: ∑Ai | D13: =O76 -> 9721.2034 | J13: =Konstrukcie!I31 -> 0 | K13: =Konstrukcie!J31 -> 0 | O13: =Konstrukcie!M31 -> 0 | P13: =Konstrukcie!M43 -> 0 | Q13: =(O13*P13) -> 0 | R13: 1 | S13: =R13*Q13 -> 0 | X13: Dennostupne 2018/2019 | AK13: =AK11*AK12 -> #REF! | AL13: kWh/a
B14: Faktor tvaru budovy (m-1) | C14: ∑Ai/Vb | D14: =D13/D11 -> 0.29978824 | J14: =Konstrukcie!I45 -> 0 | K14: =Konstrukcie!J45 -> 0 | O14: =Konstrukcie!M45 -> 0 | P14: =Konstrukcie!M58 -> 0 | Q14: =(O14*P14) -> 0 | R14: 1 | S14: =R14*Q14 -> 0 | X14: mesiac | Y14: vyk dni | Z14: tem | AA14: D | AK14: =AI11+AN11 -> #REF! | AL14: kwh/a | AN14: Potreba energie na VYK | AQ14: Potreba energie na TV
B15: Počet vyk podlaží podlaží | D15: 3 | J15: =Konstrukcie!I60 -> 0 | K15: =Konstrukcie!J60 -> 0 | O15: =Konstrukcie!M60 -> 0 | P15: =Konstrukcie!M72 -> 0 | Q15: =(O15*P15) -> 0 | R15: 1 | S15: =R15*Q15 -> 0 | X15: september | Y15: 6 | Z15: 15.6 | AA15: =(20-Z15)*Y15 -> 26.4 | AK15: potreba VYK | AN15: ='PotrebEnergieVYK 2018'!C3 -> #REF! | AO15: kWh | AQ15: =PotrebaEnergieTV!C3 -> #REF! | AR15: kWh
B16: Priemerná konštrukčná výška podlažia (m) | C16: hk,pr | D16: 2.87 | J16: =Konstrukcie!I74 -> 0 | K16: =Konstrukcie!J74 -> 0 | O16: =Konstrukcie!M74 -> 0 | P16: =Konstrukcie!M86 -> 0 | Q16: =(O16*P16) -> 0 | R16: 1 | S16: =R16*Q16 -> 0 | X16: október | Y16: 30 | Z16: 11.9 | AA16: =(X4-Z16)*Y16 -> 339 | AK16: =AK13-AN11 -> #REF! | AL16: kwh/a
Q17: =(O17*P17) -> 0 | R17: 1 | S17: =R17*Q17 -> 0 | X17: november | Y17: 30 | Z17: 5.9 | AA17: =(X5-Z17)*Y17 -> 447 | AN17: Potreba energie spolu
B18: Dennostupne | J18: =Konstrukcie!Q1 -> PDL1 | K18: =Konstrukcie!R1 -> Podlaha na teréne ŽS | O18: =Konstrukcie!U1 -> 825.5 | P18: =Konstrukcie!U15 -> 0.26 | Q18: =(O18*P18) -> 214.63 | R18: 1 | S18: =R18*Q18 -> 214.63 | X18: december | Y18: 31 | Z18: 2.7 | AA18: =(X6-Z18)*Y18 -> 530.1 | AN18: =AN15+AQ15 -> #REF! | AO18: kWh
B19: Kalendárny rok | D19: =C6-3 -> 2015 | E19: =C6-2 -> 2016 | F19: =C6-1 -> 2017 | G19: Priemer | J19: =Konstrukcie!Q17 -> PDL2 | K19: =Konstrukcie!R17 -> Podlaha na teréne Jedáleň | O19: =Konstrukcie!U17 -> 1104.7 | P19: =Konstrukcie!U28 -> 0.22 | Q19: =(O19*P19) -> 243.034 | R19: 1 | S19: =R19*Q19 -> 243.034 | X19: január | Y19: 31 | Z19: 3.2 | AA19: =(X7-Z19)*Y19 -> 573.5
B20: Počet vykurovacích dní | D20: =VLOOKUP($C$3,Dennostupne!B1:AR81,D24,FALSE) -> 183 | E20: =VLOOKUP($C$3,Dennostupne!B1:AR81,E24,FALSE) -> 205 | F20: =VLOOKUP($C$3,Dennostupne!B1:AR81,F24,FALSE) -> 207 | G20: =SUM(D20:F20)/COUNT(D20:F20) -> 198.33333 | J20: =Konstrukcie!Q30 -> 0 | K20: =Konstrukcie!R30 -> 0 | O20: =Konstrukcie!U30 -> 0 | P20: =Konstrukcie!U41 -> 0 | Q20: =(O20*P20) -> 0 | R20: 1 | S20: =R20*Q20 -> 0 | X20: február | Y20: 28 | Z20: -0.5 | AA20: =(X8-Z20)*Y20 -> 492.8
B21: Priemerná vonk. teplota (oC) | D21: =VLOOKUP($C$3,Dennostupne!B3:AR81,D24+1,FALSE) -> 5.6 | E21: =VLOOKUP($C$3,Dennostupne!B3:AR81,E24+1,FALSE) -> 5.3 | F21: =VLOOKUP($C$3,Dennostupne!B3:AR81,F24+1,FALSE) -> 5.5 | G21: =SUM(D21:F21)/COUNT(D21:F21) -> 5.4666667 | T21: ivl | U21: l [m] | X21: marec | Y21: 31 | Z21: 3.5 | AA21: =(X9-Z21)*Y21 -> 468.1
B22: Počet dennostupňov | D22: =IF(ISNUMBER(D21),(VstupneUdaje!O16-D21)*D20,"-") -> 2635.2 | E22: =IF(ISNUMBER(E21),(VstupneUdaje!O16-E21)*E20,"-") -> 3013.5 | F22: =IF(ISNUMBER(F21),(VstupneUdaje!O16-F21)*F20,"-") -> 3001.5 | G22: =AVERAGE(D22:F22) -> 2883.4 | J22: =OtvoroveKonstrukcie!A3 -> OO1 | K22: =OtvoroveKonstrukcie!B3 -> plastové, izolačné 2-sklo | O22: =OtvoroveKonstrukcie!O3 -> 225 | P22: ='OtvoroveKonstrukcie nové'!N3 -> 1 | Q22: =(O22*P22) -> 225 | R22: 1 | S22: =R22*Q22 -> 225 | T22: 1 | U22: =OtvoroveKonstrukcie!Q3 -> 5.4 | V22: =(T22*U22)*0.0001 -> 0.00054 | X22: apríl | Y22: 14 | Z22: 15.3 | AA22: =(X10-Z22)*Y22 -> 247.8
D23: =$G22 -> 2883.4 | E23: =$G22 -> 2883.4 | F23: =$G22 -> 2883.4 | J23: =OtvoroveKonstrukcie!A4 -> OO2 | K23: =OtvoroveKonstrukcie!B4 -> plastové, izolačné 2-sklo | O23: =OtvoroveKonstrukcie!O4 -> 2.7 | P23: ='OtvoroveKonstrukcie nové'!N4 -> 1 | Q23: =(O23*P23) -> 2.7 | R23: 1 | S23: =R23*Q23 -> 2.7 | T23: 1 | U23: =OtvoroveKonstrukcie!Q4 -> 4.32 | V23: =(T23*U23)*0.0001 -> 0.000432 | X23: máj | Y23: 2 | Z23: 18.8 | AA23: =(20-Z23)*Y23 -> 2.4
D24: =MATCH(D19,Dennostupne!B1:AR1) -> 34 | E24: =MATCH(E19,Dennostupne!B1:AR1) -> 36 | F24: =MATCH(F19,Dennostupne!B1:AR1) -> 38 | J24: =OtvoroveKonstrukcie!A5 -> OO3 | K24: =OtvoroveKonstrukcie!B5 -> plastové, izolačné 2-sklo | O24: =OtvoroveKonstrukcie!O5 -> 50.4 | P24: ='OtvoroveKonstrukcie nové'!N5 -> 1 | Q24: =(O24*P24) -> 50.4 | R24: 1 | S24: =R24*Q24 -> 50.4 | T24: 1 | U24: =OtvoroveKonstrukcie!Q5 -> 6.48 | V24: =(T24*U24)*0.0001 -> 0.000648 | Y24: =SUM(Y15:Y23) -> 203 | Z24: =AVERAGE(Z15:Z23) -> 8.4888889 | AA24: =SUM(AA15:AA23) -> 3127.1
J25: =OtvoroveKonstrukcie!A6 -> OO4 | K25: =OtvoroveKonstrukcie!B6 -> plastové, izolačné 2-sklo | O25: =OtvoroveKonstrukcie!O6 -> 18 | P25: ='OtvoroveKonstrukcie nové'!N6 -> 1 | Q25: =(O25*P25) -> 18 | R25: 1 | S25: =R25*Q25 -> 18 | T25: 1 | U25: =OtvoroveKonstrukcie!Q6 -> 8.1 | V25: =(T25*U25)*0.0001 -> 0.00081
J26: =OtvoroveKonstrukcie!A7 -> OO5 | K26: =OtvoroveKonstrukcie!B7 -> plastové, izolačné 2-sklo | O26: =OtvoroveKonstrukcie!O7 -> 3.24 | P26: ='OtvoroveKonstrukcie nové'!N7 -> 1 | Q26: =(O26*P26) -> 3.24 | R26: 1 | S26: =R26*Q26 -> 3.24 | T26: 1 | U26: =OtvoroveKonstrukcie!Q7 -> 3.78 | V26: =(T26*U26)*0.0001 -> 0.000378
J27: =OtvoroveKonstrukcie!A8 -> OO6 | K27: =OtvoroveKonstrukcie!B8 -> plastové, izolačné 2-sklo | O27: =OtvoroveKonstrukcie!O8 -> 1.89 | P27: ='OtvoroveKonstrukcie nové'!N8 -> 1 | Q27: =(O27*P27) -> 1.89 | R27: 1 | S27: =R27*Q27 -> 1.89 | T27: 1 | U27: =OtvoroveKonstrukcie!Q8 -> 4.95 | V27: =(T27*U27)*0.0001 -> 0.000495
J28: =OtvoroveKonstrukcie!A9 -> OO7 | K28: =OtvoroveKonstrukcie!B9 -> plastové, izolačné 2-sklo | O28: =OtvoroveKonstrukcie!O9 -> 8.1 | P28: ='OtvoroveKonstrukcie nové'!N9 -> 1 | Q28: =(O28*P28) -> 8.1 | R28: 1 | S28: =R28*Q28 -> 8.1 | T28: 1 | U28: =OtvoroveKonstrukcie!Q9 -> 5.13 | V28: =(T28*U28)*0.0001 -> 0.000513 | X28: 2017
J29: =OtvoroveKonstrukcie!A10 -> OO8 | K29: =OtvoroveKonstrukcie!B10 -> plastové, izolačné 2-sklo | O29: =OtvoroveKonstrukcie!O10 -> 0.9 | P29: ='OtvoroveKonstrukcie nové'!N10 -> 1 | Q29: =(O29*P29) -> 0.9 | R29: 1 | S29: =R29*Q29 -> 0.9 | T29: 1 | U29: =OtvoroveKonstrukcie!Q10 -> 3.78 | V29: =(T29*U29)*0.0001 -> 0.000378 | X29: Mesačná metóda
J30: =OtvoroveKonstrukcie!A11 -> OO9 | K30: =OtvoroveKonstrukcie!B11 -> plastové, izolačné 2-sklo | O30: =OtvoroveKonstrukcie!O11 -> 16.2 | P30: ='OtvoroveKonstrukcie nové'!N11 -> 1 | Q30: =(O30*P30) -> 16.2 | R30: 1 | S30: =R30*Q30 -> 16.2 | T30: 1 | U30: =OtvoroveKonstrukcie!Q11 -> 7.56 | V30: =(T30*U30)*0.0001 -> 0.000756 | X30: Ti | Y30: počet vyk dní | Z30: D2019 | AA30: mesiac | AB30: xi=D.0,024 | AC30: Ht | AD30: Hv | AE30: Qi | AF30: Qsol | AG30: Qspolu | AH30: μ | AI30: Qh
J31: =OtvoroveKonstrukcie!A12 -> OO10 | K31: =OtvoroveKonstrukcie!B12 -> plastové, izolačné 2-sklo | O31: =OtvoroveKonstrukcie!O12 -> 2.01 | P31: ='OtvoroveKonstrukcie nové'!N12 -> 1 | Q31: =(O31*P31) -> 2.01 | R31: 1 | S31: =R31*Q31 -> 2.01 | T31: 1 | U31: =OtvoroveKonstrukcie!Q12 -> 5.112 | V31: =(T31*U31)*0.0001 -> 0.0005112 | X31: 23.5 | Y31: 23 | Z31: =AA43 -> 348 | AA31: október | AB31: =Z31*0.024 -> 8.352 | AC31: =S84 -> 5855.1214 | AD31: =S96 -> 4639.7489 | AE31: =Y31*0.024*5*D12 -> 31184.136 | AF31: =#REF! -> #REF! | AG31: =AE31+AF31 -> #REF! | AH31: =#REF! -> #REF! | AI31: =(AB31*(AC31+AD31))-(AG31*AH31) -> #REF!
J32: =OtvoroveKonstrukcie!A13 -> OO11 | K32: =OtvoroveKonstrukcie!B13 -> plastové, izolačné 2-sklo | O32: =OtvoroveKonstrukcie!O13 -> 11.52 | P32: ='OtvoroveKonstrukcie nové'!N13 -> 1 | Q32: =(O32*P32) -> 11.52 | R32: 1 | S32: =R32*Q32 -> 11.52 | T32: 1 | U32: =OtvoroveKonstrukcie!Q13 -> 8.64 | V32: =(T32*U32)*0.0001 -> 0.000864 | X32: 21.5 | Y32: =Y44 -> 30 | Z32: =AA44 -> 468 | AA32: november | AB32: =Z32*0.024 -> 11.232 | AC32: =S84 -> 5855.1214 | AD32: =S96 -> 4639.7489 | AE32: =Y32*0.024*5*D12 -> 40674.96 | AF32: =#REF! -> #REF! | AG32: =AE32+AF32 -> #REF! | AH32: =#REF! -> #REF! | AI32: =(AB32*(AC32+AD32))-(AG32*AH32) -> #REF!
J33: =OtvoroveKonstrukcie!A14 -> OO12 | K33: =OtvoroveKonstrukcie!B14 -> plastové, izolačné 2-sklo | O33: =OtvoroveKonstrukcie!O14 -> 4.05 | P33: ='OtvoroveKonstrukcie nové'!N14 -> 1 | Q33: =(O33*P33) -> 4.05 | R33: 1 | S33: =R33*Q33 -> 4.05 | T33: 1 | U33: =OtvoroveKonstrukcie!Q14 -> 5.13 | V33: =(T33*U33)*0.0001 -> 0.000513 | X33: 20.9 | Y33: 31 | Z33: =AA45 -> 564.2 | AA33: december | AB33: =Z33*0.024 -> 13.5408 | AC33: =S84 -> 5855.1214 | AD33: =S96 -> 4639.7489 | AE33: =Y33*0.024*5*D12 -> 42030.792 | AF33: =#REF! -> #REF! | AG33: =AE33+AF33 -> #REF! | AH33: =#REF! -> #REF! | AI33: =(AB33*(AC33+AD33))-(AG33*AH33) -> #REF!
J34: =OtvoroveKonstrukcie!A15 -> OO13 | K34: =OtvoroveKonstrukcie!B15 -> plastové, izolačné 2-sklo | O34: =OtvoroveKonstrukcie!O15 -> 23.43 | P34: ='OtvoroveKonstrukcie nové'!N15 -> 1 | Q34: =(O34*P34) -> 23.43 | R34: 1 | S34: =R34*Q34 -> 23.43 | T34: 1 | U34: =OtvoroveKonstrukcie!Q15 -> 5.256 | V34: =(T34*U34)*0.0001 -> 0.0005256 | X34: 18.3 | Y34: 31 | Z34: =AA46 -> 722.3 | AA34: január | AB34: =Z34*0.024 -> 17.3352 | AC34: =S84 -> 5855.1214 | AD34: =S96 -> 4639.7489 | AE34: =Y34*0.024*5*D12 -> 42030.792 | AF34: =#REF! -> #REF! | AG34: =AE34+AF34 -> #REF! | AH34: 0.96 | AI34: =(AB34*(AC34+AD34))-(AG34*AH34) -> #REF!
J35: =OtvoroveKonstrukcie!A16 -> OO14 | K35: =OtvoroveKonstrukcie!B16 -> plastové, izolačné 2-sklo | O35: =OtvoroveKonstrukcie!O16 -> 42 | P35: ='OtvoroveKonstrukcie nové'!N16 -> 1 | Q35: =(O35*P35) -> 42 | R35: 1 | S35: =R35*Q35 -> 42 | T35: 1 | U35: =OtvoroveKonstrukcie!Q16 -> 12.78 | V35: =(T35*U35)*0.0001 -> 0.001278 | X35: 19.5 | Y35: 28 | Z35: =AA47 -> 470.4 | AA35: február | AB35: =Z35*0.024 -> 11.2896 | AC35: =S84 -> 5855.1214 | AD35: =S96 -> 4639.7489 | AE35: =Y35*0.024*5*D12 -> 37963.296 | AF35: =#REF! -> #REF! | AG35: =AE35+AF35 -> #REF! | AH35: =#REF! -> #REF! | AI35: =(AB35*(AC35+AD35))-(AG35*AH35) -> #REF!
J36: =OtvoroveKonstrukcie!A17 -> OO15 | K36: =OtvoroveKonstrukcie!B17 -> plastové, izolačné 2-sklo | O36: =OtvoroveKonstrukcie!O17 -> 53.55 | P36: ='OtvoroveKonstrukcie nové'!N17 -> 1 | Q36: =(O36*P36) -> 53.55 | R36: 1 | S36: =R36*Q36 -> 53.55 | T36: 1 | U36: =OtvoroveKonstrukcie!Q17 -> 6.48 | V36: =(T36*U36)*0.0001 -> 0.000648 | X36: 23.3 | Y36: =Y48 -> 31 | Z36: =AA48 -> 437.1 | AA36: marec | AB36: =Z36*0.024 -> 10.4904 | AC36: =S84 -> 5855.1214 | AD36: =S96 -> 4639.7489 | AE36: =Y36*0.024*5*D12 -> 42030.792 | AF36: =#REF! -> #REF! | AG36: =AE36+AF36 -> #REF! | AH36: 0.77 | AI36: =(AB36*(AC36+AD36))-(AG36*AH36) -> #REF!
J37: =OtvoroveKonstrukcie!A18 -> OO16 | K37: =OtvoroveKonstrukcie!B18 -> plastové, izolačné 2-sklo | O37: =OtvoroveKonstrukcie!O18 -> 225 | P37: ='OtvoroveKonstrukcie nové'!N18 -> 1 | Q37: =(O37*P37) -> 225 | R37: 1 | S37: =R37*Q37 -> 225 | T37: 1 | U37: =OtvoroveKonstrukcie!Q18 -> 5.4 | V37: =(T37*U37)*0.0001 -> 0.00054 | X37: 19.8 | Y37: =Y49 -> 14 | Z37: =AA49 -> 133 | AA37: apríl | AB37: =Z37*0.024 -> 3.192 | AC37: =S84 -> 5855.1214 | AD37: =S96 -> 4639.7489 | AE37: =Y37*0.024*5*D12 -> 18981.648 | AF37: =#REF! -> #REF! | AG37: =AE37+AF37 -> #REF! | AH37: =#REF! -> #REF! | AI37: =((AB37*(AC37+AD37))-(AG37*AH37))*0 -> #REF! | AK37: Spotreba podla faktury | AN37: Spotreba tepla na TV
J38: =OtvoroveKonstrukcie!A19 -> OO17 | K38: =OtvoroveKonstrukcie!B19 -> plastové, izolačné 2-sklo | O38: =OtvoroveKonstrukcie!O19 -> 36 | P38: ='OtvoroveKonstrukcie nové'!N19 -> 1 | Q38: =(O38*P38) -> 36 | R38: 1 | S38: =R38*Q38 -> 36 | T38: 1 | U38: =OtvoroveKonstrukcie!Q19 -> 8.1 | V38: =(T38*U38)*0.0001 -> 0.00081 | X38: =AVERAGE(X31:X36) -> 21.166667 | Y38: =SUM(Y31:Y37) -> 188 | Z38: =SUM(Z31:Z37) -> 3143 | AA38: Celkom | AH38: =AVERAGE(AH31:AH37) -> #REF! | AI38: =SUM(AI31:AI37) -> #REF! | AK38: =#REF!*1000 -> #REF! | AL38: kWh/a | AN38: =#REF!*12*1000 -> #REF! | AO38: kWh
J39: =OtvoroveKonstrukcie!A20 -> OO18 | K39: =OtvoroveKonstrukcie!B20 -> plastové, izolačné 2-sklo | O39: =OtvoroveKonstrukcie!O20 -> 4.26 | P39: ='OtvoroveKonstrukcie nové'!N20 -> 1 | Q39: =(O39*P39) -> 4.26 | R39: 1 | S39: =R39*Q39 -> 4.26 | T39: 1 | U39: =OtvoroveKonstrukcie!Q20 -> 5.256 | V39: =(T39*U39)*0.0001 -> 0.0005256 | AI39: =AI38/D12 -> #REF! | AJ39: W/m2.a | AK39: 0.8
J40: =OtvoroveKonstrukcie!A21 -> OO19 | K40: =OtvoroveKonstrukcie!B21 -> plastové, izolačné 2-sklo | O40: =OtvoroveKonstrukcie!O21 -> 2.16 | P40: ='OtvoroveKonstrukcie nové'!N21 -> 1 | Q40: =(O40*P40) -> 2.16 | R40: 1 | S40: =R40*Q40 -> 2.16 | T40: 1 | U40: =OtvoroveKonstrukcie!Q21 -> 3.78 | V40: =(T40*U40)*0.0001 -> 0.000378 | X40: Dennostupne 2018/2019 | AK40: =AK39*AK38 -> #REF! | AL40: kWh/a
J41: =OtvoroveKonstrukcie!A22 -> OO20 | K41: =OtvoroveKonstrukcie!B22 -> plastové, izolačné 2-sklo | O41: =OtvoroveKonstrukcie!O22 -> 18 | P41: ='OtvoroveKonstrukcie nové'!N22 -> 1 | Q41: =(O41*P41) -> 18 | R41: 1 | S41: =R41*Q41 -> 18 | T41: 1 | U41: =OtvoroveKonstrukcie!Q22 -> 8.1 | V41: =(T41*U41)*0.0001 -> 0.00081 | X41: mesiac | Y41: vyk dni | Z41: tem | AA41: D | AK41: =AI38+AN38 -> #REF! | AL41: kwh/a | AN41: Potreba energie na VYK | AQ41: Potreba energie na TV
J42: =OtvoroveKonstrukcie!A23 -> OO21 | K42: =OtvoroveKonstrukcie!B23 -> plastové, izolačné 2-sklo | O42: =OtvoroveKonstrukcie!O23 -> 1.89 | P42: ='OtvoroveKonstrukcie nové'!N23 -> 1 | Q42: =(O42*P42) -> 1.89 | R42: 1 | S42: =R42*Q42 -> 1.89 | T42: 1 | U42: =OtvoroveKonstrukcie!Q23 -> 4.95 | V42: =(T42*U42)*0.0001 -> 0.000495 | X42: september | Y42: 6 | Z42: 15.6 | AA42: =(20-Z42)*Y42 -> 26.4 | AN42: ='PotrebEnergieVYK 2017'!C3 -> #REF! | AO42: kWh | AQ42: =PotrebaEnergieTV!C3 -> #REF! | AR42: kWh
J43: =OtvoroveKonstrukcie!A24 -> OO22 | K43: =OtvoroveKonstrukcie!B24 -> plastové, izolačné 2-sklo | O43: =OtvoroveKonstrukcie!O24 -> 20.25 | P43: ='OtvoroveKonstrukcie nové'!N24 -> 1 | Q43: =(O43*P43) -> 20.25 | R43: 1 | S43: =R43*Q43 -> 20.25 | T43: 1 | U43: =OtvoroveKonstrukcie!Q24 -> 7.56 | V43: =(T43*U43)*0.0001 -> 0.000756 | X43: október | Y43: 30 | Z43: 11.9 | AA43: =(X31-Z43)*Y43 -> 348 | AK43: Potreba energie spolu
J44: =OtvoroveKonstrukcie!A25 -> OO23 | K44: =OtvoroveKonstrukcie!B25 -> plastové, izolačné 2-sklo | O44: =OtvoroveKonstrukcie!O25 -> 3.96 | P44: ='OtvoroveKonstrukcie nové'!N25 -> 1 | Q44: =(O44*P44) -> 3.96 | R44: 1 | S44: =R44*Q44 -> 3.96 | T44: 1 | U44: =OtvoroveKonstrukcie!Q25 -> 7.2 | V44: =(T44*U44)*0.0001 -> 0.00072 | X44: november | Y44: 30 | Z44: 5.9 | AA44: =(X32-Z44)*Y44 -> 468 | AK44: =AN42+AQ42 -> #REF! | AL44: kWh
J45: =OtvoroveKonstrukcie!A26 -> OO24 | K45: =OtvoroveKonstrukcie!B26 -> plastové, izolačné 2-sklo | O45: =OtvoroveKonstrukcie!O26 -> 24.3 | P45: ='OtvoroveKonstrukcie nové'!N26 -> 1 | Q45: =(O45*P45) -> 24.3 | R45: 1 | S45: =R45*Q45 -> 24.3 | T45: 1 | U45: =OtvoroveKonstrukcie!Q26 -> 10.26 | V45: =(T45*U45)*0.0001 -> 0.001026 | X45: december | Y45: 31 | Z45: 2.7 | AA45: =(X33-Z45)*Y45 -> 564.2
J46: =OtvoroveKonstrukcie!A27 -> OO25 | K46: =OtvoroveKonstrukcie!B27 -> plastové, izolačné 2-sklo | O46: =OtvoroveKonstrukcie!O27 -> 16.2 | P46: ='OtvoroveKonstrukcie nové'!N27 -> 1 | Q46: =(O46*P46) -> 16.2 | R46: 1 | S46: =R46*Q46 -> 16.2 | T46: 1 | U46: =OtvoroveKonstrukcie!Q27 -> 7.56 | V46: =(T46*U46)*0.0001 -> 0.000756 | X46: január | Y46: 31 | Z46: -5 | AA46: =(X34-Z46)*Y46 -> 722.3
J47: =OtvoroveKonstrukcie!A28 -> OO26 | K47: =OtvoroveKonstrukcie!B28 -> plastové, izolačné 2-sklo | O47: =OtvoroveKonstrukcie!O28 -> 23.43 | P47: ='OtvoroveKonstrukcie nové'!N28 -> 1 | Q47: =(O47*P47) -> 23.43 | R47: 1 | S47: =R47*Q47 -> 23.43 | T47: 1 | U47: =OtvoroveKonstrukcie!Q28 -> 5.256 | V47: =(T47*U47)*0.0001 -> 0.0005256 | X47: február | Y47: 28 | Z47: 2.7 | AA47: =(X35-Z47)*Y47 -> 470.4
J48: =OtvoroveKonstrukcie!A29 -> OO27 | K48: =OtvoroveKonstrukcie!B29 -> hliník, izolačné 2-sklo | O48: =OtvoroveKonstrukcie!O29 -> 12.3225 | P48: ='OtvoroveKonstrukcie nové'!N29 -> 1 | Q48: =(O48*P48) -> 12.3225 | R48: 1 | S48: =R48*Q48 -> 12.3225 | T48: 1 | U48: =OtvoroveKonstrukcie!Q29 -> 8.955 | V48: =(T48*U48)*0.0001 -> 0.0008955 | X48: marec | Y48: 31 | Z48: 9.2 | AA48: =(X36-Z48)*Y48 -> 437.1
J49: =OtvoroveKonstrukcie!A30 -> OO28 | K49: =OtvoroveKonstrukcie!B30 -> hliník, izolačné 2-sklo | O49: =OtvoroveKonstrukcie!O30 -> 3.69 | P49: ='OtvoroveKonstrukcie nové'!N30 -> 1 | Q49: =(O49*P49) -> 3.69 | R49: 1 | S49: =R49*Q49 -> 3.69 | T49: 1 | U49: =OtvoroveKonstrukcie!Q30 -> 6.93 | V49: =(T49*U49)*0.0001 -> 0.000693 | X49: apríl | Y49: 14 | Z49: 10.3 | AA49: =(X37-Z49)*Y49 -> 133
J50: =OtvoroveKonstrukcie!A31 -> OO29 | K50: =OtvoroveKonstrukcie!B31 -> plastové, izolačné 2-sklo | O50: =OtvoroveKonstrukcie!O31 -> 82.8 | P50: ='OtvoroveKonstrukcie nové'!N31 -> 1 | Q50: =(O50*P50) -> 82.8 | R50: 1 | S50: =R50*Q50 -> 82.8 | T50: 1 | U50: =OtvoroveKonstrukcie!Q31 -> 10.53 | V50: =(T50*U50)*0.0001 -> 0.001053 | X50: máj | Y50: 2 | Z50: 16.7 | AA50: =(20-Z50)*Y50 -> 6.6
J51: =OtvoroveKonstrukcie!A32 -> OO30 | K51: =OtvoroveKonstrukcie!B32 -> plastové, izolačné 2-sklo | O51: =OtvoroveKonstrukcie!O32 -> 7.935 | P51: ='OtvoroveKonstrukcie nové'!N32 -> 1 | Q51: =(O51*P51) -> 7.935 | R51: 1 | S51: =R51*Q51 -> 7.935 | T51: 1 | U51: =OtvoroveKonstrukcie!Q32 -> 10.35 | V51: =(T51*U51)*0.0001 -> 0.001035 | Y51: =SUM(Y42:Y50) -> 203 | Z51: =AVERAGE(Z42:Z50) -> 7.7777778 | AA51: =SUM(AA42:AA50) -> 3176
J52: =OtvoroveKonstrukcie!A33 -> OO31 | K52: =OtvoroveKonstrukcie!B33 -> plastové, izolačné 2-sklo | O52: =OtvoroveKonstrukcie!O33 -> 82.8 | P52: ='OtvoroveKonstrukcie nové'!N33 -> 1 | Q52: =(O52*P52) -> 82.8 | R52: 1 | S52: =R52*Q52 -> 82.8 | T52: 1 | U52: =OtvoroveKonstrukcie!Q33 -> 10.53 | V52: =(T52*U52)*0.0001 -> 0.001053
J53: =OtvoroveKonstrukcie!A34 -> OO32 | K53: =OtvoroveKonstrukcie!B34 -> plastové, izolačné 2-sklo | O53: =OtvoroveKonstrukcie!O34 -> 7.935 | P53: ='OtvoroveKonstrukcie nové'!N34 -> 1 | Q53: =(O53*P53) -> 7.935 | R53: 1 | S53: =R53*Q53 -> 7.935 | T53: 1 | U53: =OtvoroveKonstrukcie!Q34 -> 10.35 | V53: =(T53*U53)*0.0001 -> 0.001035
J54: =OtvoroveKonstrukcie!A35 -> OO33 | K54: =OtvoroveKonstrukcie!B35 -> hliník, izolačné 2-sklo | O54: =OtvoroveKonstrukcie!O35 -> 9.1425 | P54: ='OtvoroveKonstrukcie nové'!N35 -> 1 | Q54: =(O54*P54) -> 9.1425 | R54: 1 | S54: =R54*Q54 -> 9.1425 | T54: 1 | U54: =OtvoroveKonstrukcie!Q35 -> 10.98 | V54: =(T54*U54)*0.0001 -> 0.001098
J55: =OtvoroveKonstrukcie!A36 -> OO34 | K55: =OtvoroveKonstrukcie!B36 -> hliník, izolačné 2-sklo | O55: =OtvoroveKonstrukcie!O36 -> 17.28 | P55: ='OtvoroveKonstrukcie nové'!N36 -> 1 | Q55: =(O55*P55) -> 17.28 | R55: 1 | S55: =R55*Q55 -> 17.28 | T55: 1 | U55: =OtvoroveKonstrukcie!Q36 -> 15.12 | V55: =(T55*U55)*0.0001 -> 0.001512 | X55: 2016
J56: =OtvoroveKonstrukcie!A37 -> OO35 | K56: =OtvoroveKonstrukcie!B37 -> hliník, izolačné 2-sklo | O56: =OtvoroveKonstrukcie!O37 -> 8.64 | P56: ='OtvoroveKonstrukcie nové'!N37 -> 1 | Q56: =(O56*P56) -> 8.64 | R56: 1 | S56: =R56*Q56 -> 8.64 | T56: 1 | U56: =OtvoroveKonstrukcie!Q37 -> 10.8 | V56: =(T56*U56)*0.0001 -> 0.00108 | X56: Mesačná metóda
J57: =OtvoroveKonstrukcie!A38 -> OO36 | K57: =OtvoroveKonstrukcie!B38 -> plastové, izolačné 2-sklo | O57: =OtvoroveKonstrukcie!O38 -> 55.8114 | P57: ='OtvoroveKonstrukcie nové'!N38 -> 1 | Q57: =(O57*P57) -> 55.8114 | R57: 1 | S57: =R57*Q57 -> 55.8114 | T57: 1 | U57: =OtvoroveKonstrukcie!Q38 -> 13.032 | V57: =(T57*U57)*0.0001 -> 0.0013032 | X57: Ti | Y57: počet vyk dní | Z57: D2019 | AA57: mesiac | AB57: xi=D.0,024 | AC57: Ht | AD57: Hv | AE57: Qi | AF57: Qsol | AG57: Qspolu | AH57: μ | AI57: Qh
X58: 21.4 | Y58: =Y70 -> 30 | Z58: =AA70 -> 348 | AA58: október | AB58: =Z58*0.024 -> 8.352 | AC58: =S84 -> 5855.1214 | AD58: =S96 -> 4639.7489 | AE58: =Y58*0.024*5*D12 -> 40674.96 | AF58: =#REF! -> #REF! | AG58: =AE58+AF58 -> #REF! | AH58: =#REF! -> #REF! | AI58: =(AB58*(AC58+AD58))-(AG58*AH58) -> #REF!
X59: 19.1 | Y59: =Y71 -> 30 | Z59: =AA71 -> 435 | AA59: november | AB59: =Z59*0.024 -> 10.44 | AC59: =S84 -> 5855.1214 | AD59: =S96 -> 4639.7489 | AE59: =Y59*0.024*5*D12 -> 40674.96 | AF59: =#REF! -> #REF! | AG59: =AE59+AF59 -> #REF! | AH59: =#REF! -> #REF! | AI59: =(AB59*(AC59+AD59))-(AG59*AH59) -> #REF!
J60: =OtvoroveKonstrukcie!A44 -> DO1 | K60: =OtvoroveKonstrukcie!B44 -> plastové, izolačné 2-sklo | O60: =OtvoroveKonstrukcie!O44 -> 240 | P60: ='OtvoroveKonstrukcie nové'!N44 -> 1 | Q60: =(O60*P60) -> 240 | R60: 1 | S60: =R60*Q60 -> 240 | T60: 1 | U60: =OtvoroveKonstrukcie!Q44 -> 6.12 | V60: =(T60*U60)*0.0001 -> 0.000612 | X60: 18.5 | Y60: 31 | Z60: =AA72 -> 554.9 | AA60: december | AB60: =Z60*0.024 -> 13.3176 | AC60: =S84 -> 5855.1214 | AD60: =S96 -> 4639.7489 | AE60: =Y60*0.024*5*D12 -> 42030.792 | AF60: =#REF! -> #REF! | AG60: =AE60+AF60 -> #REF! | AH60: 0.95 | AI60: =(AB60*(AC60+AD60))-(AG60*AH60) -> #REF!
